{
  "format_version": "baked-1",
  "texture_size": [
    48,
    32
  ],
  "elements": [
    {
      "from": [
        11,
        0,
        2
      ],
      "to": [
        13,
        9,
        14
      ],
      "faces": {
        "up": {
          "uv": [
            8,
            5.5,
            12,
            6.5
          ]
        },
        "west": {
          "uv": [
            12,
            0,
            16,
            4.5
          ]
        },
        "down": {
          "uv": [
            8,
            4.5,
            12,
            5.5
          ]
        },
        "north": {
          "uv": [
            15.33333,
            3.5,
            16,
            8
          ]
        },
        "east": {
          "uv": [
            8,
            0,
            12,
            4.5
          ]
        },
        "south": {
          "uv": [
            7.33333,
            0,
            8,
            4.5
          ]
        }
      }
    },
    {
      "from": [
        11,
        9,
        3
      ],
      "to": [
        13,
        10,
        13
      ],
      "faces": {
        "up": {
          "uv": [
            8,
            5.5,
            11.33333,
            6.5
          ]
        },
        "west": {
          "uv": [
            12,
            0,
            15.33333,
            0.5
          ]
        },
        "down": {
          "uv": [
            8,
            4.5,
            12,
            5.5
          ]
        },
        "north": {
          "uv": [
            15.33333,
            3.5,
            16,
            4
          ]
        },
        "east": {
          "uv": [
            8,
            0,
            11.33333,
            0.5
          ]
        },
        "south": {
          "uv": [
            7.33333,
            0,
            8,
            0.5
          ]
        }
      }
    },
    {
      "from": [
        11,
        10,
        6
      ],
      "to": [
        13,
        11,
        10
      ],
      "faces": {
        "up": {
          "uv": [
            8,
            5.5,
            9.33333,
            6.5
          ]
        },
        "west": {
          "uv": [
            12,
            0,
            15.33333,
            0.5
          ]
        },
        "down": {
          "uv": [
            8,
            4.5,
            12,
            5.5
          ]
        },
        "north": {
          "uv": [
            15.33333,
            3.5,
            16,
            4
          ]
        },
        "east": {
          "uv": [
            8,
            0,
            9.33333,
            0.5
          ]
        },
        "south": {
          "uv": [
            7.33333,
            0,
            8,
            0.5
          ]
        }
      }
    },
    {
      "from": [
        1,
        0,
        2
      ],
      "to": [
        11,
        1,
        14
      ],
      "faces": {
        "up": {
          "uv": [
            12,
            0,
            15.33333,
            6
          ]
        },
        "west": {
          "uv": [
            12,
            0,
            16,
            0.5
          ]
        },
        "down": {
          "uv": [
            12,
            0,
            15.33333,
            6
          ]
        },
        "north": {
          "uv": [
            12,
            0,
            15.33333,
            0.5
          ]
        },
        "east": {
          "uv": [
            12,
            0,
            15.33333,
            6
          ]
        },
        "south": {
          "uv": [
            12,
            0,
            15.33333,
            0.5
          ]
        }
      }
    },
    {
      "from": [
        2,
        1,
        3
      ],
      "to": [
        10,
        2,
        13
      ],
      "faces": {
        "up": {
          "uv": [
            0,
            0,
            2.66667,
            5
          ]
        },
        "west": {
          "uv": [
            0,
            15.5,
            3.33333,
            16
          ]
        },
        "down": {
          "uv": [
            13.33333,
            0,
            16,
            5
          ]
        },
        "north": {
          "uv": [
            6.66667,
            4.5,
            9.33333,
            5
          ]
        },
        "east": {
          "uv": [
            4,
            7.5,
            7.33333,
            8
          ]
        },
        "south": {
          "uv": [
            0,
            0,
            2.66667,
            0.5
          ]
        }
      }
    }
  ]
}
