[13:24:17] [INFO] Build GUI initialized.
[13:24:17] [INFO] Project root: C:\Users\Redacted\Documents\LatticeVeil_project
[13:24:17] [INFO] DEV final EXE folder: C:\Users\Redacted\Documents\LatticeVeil_project\DEV
[13:24:17] [INFO] RELEASE final EXE folder: C:\Users\Redacted\Documents\LatticeVeil_project\RELEASE
[13:24:17] [INFO] Logs: C:\Users\Redacted\Documents\LatticeVeil_project\.builder\logs\build-gui-20260221.log
[13:24:18] [INFO] Starting: Clean Outputs
[13:24:18] [INFO] Cleaning bin/obj folders...
[13:24:18] [INFO] Clean complete (DEV/RELEASE folders preserved)
[13:24:18] [INFO] Done: Clean Outputs
[13:24:20] [INFO] Starting: DEV Publish Only
[13:24:20] [INFO] BuildNonce: 20260221132420128-2276dba1fa
[13:24:20] [INFO] Cleaning bin/obj folders...
[13:24:20] [INFO] Clean complete (DEV/RELEASE folders preserved)
[13:24:20] [INFO] Running: dotnet restore C:\Users\Redacted\Documents\LatticeVeil_project\LatticeVeilMonoGame\LatticeVeilMonoGame.csproj
[13:24:22] [INFO]   Determining projects to restore...
[13:24:22] [INFO]   Restored C:\Users\Redacted\Documents\LatticeVeil_project\LatticeVeilMonoGame\LatticeVeilMonoGame.csproj (in 947 ms).
[13:24:22] [INFO] Running: dotnet publish C:\Users\Redacted\Documents\LatticeVeil_project\LatticeVeilMonoGame\LatticeVeilMonoGame.csproj --configuration Debug -r win-x64 --self-contained true -p:PublishSingleFile=true -p:IncludeNativeLibrariesForSelfExtract=true -p:IncludeAllContentForSelfExtract=true -p:BuildNonce=20260221132420128-2276dba1fa
[13:24:27] [INFO]   Determining projects to restore...
[13:24:27] [INFO]   All projects are up-to-date for restore.
[13:24:27] [INFO] C:\Users\Redacted\Documents\LatticeVeil_project\ThirdParty\EOS\SDK\Source\Core\Handle.cs(49,24): warning CS8765: Nullability of type of parameter 'obj' doesn't match overridden member (possibly because of nullability attributes). [C:\Users\Redacted\Documents\LatticeVeil_project\LatticeVeilMonoGame\LatticeVeilMonoGame.csproj]
[13:24:27] [INFO] C:\Users\Redacted\Documents\LatticeVeil_project\ThirdParty\EOS\SDK\Source\Core\Handle.cs(59,15): warning CS8767: Nullability of reference types in type of parameter 'other' of 'bool Handle.Equals(Handle other)' doesn't match implicitly implemented member 'bool IEquatable<Handle>.Equals(Handle? other)' (possibly because of nullability attributes). [C:\Users\Redacted\Documents\LatticeVeil_project\LatticeVeilMonoGame\LatticeVeilMonoGame.csproj]
[13:24:27] [INFO] C:\Users\Redacted\Documents\LatticeVeil_project\ThirdParty\EOS\SDK\Source\Core\Handle.cs(84,25): warning CS8767: Nullability of reference types in type of parameter 'format' of 'string Handle.ToString(string format, IFormatProvider formatProvider)' doesn't match implicitly implemented member 'string IFormattable.ToString(string? format, IFormatProvider? formatProvider)' (possibly because of nullability attributes). [C:\Users\Redacted\Documents\LatticeVeil_project\LatticeVeilMonoGame\LatticeVeilMonoGame.csproj]
[13:24:27] [INFO] C:\Users\Redacted\Documents\LatticeVeil_project\ThirdParty\EOS\SDK\Source\Core\Handle.cs(84,25): warning CS8767: Nullability of reference types in type of parameter 'formatProvider' of 'string Handle.ToString(string format, IFormatProvider formatProvider)' doesn't match implicitly implemented member 'string IFormattable.ToString(string? format, IFormatProvider? formatProvider)' (possibly because of nullability attributes). [C:\Users\Redacted\Documents\LatticeVeil_project\LatticeVeilMonoGame\LatticeVeilMonoGame.csproj]
[13:24:27] [INFO] C:\Users\Redacted\Documents\LatticeVeil_project\ThirdParty\EOS\SDK\Source\Core\Utf8String.cs(174,24): warning CS8765: Nullability of type of parameter 'obj' doesn't match overridden member (possibly because of nullability attributes). [C:\Users\Redacted\Documents\LatticeVeil_project\LatticeVeilMonoGame\LatticeVeilMonoGame.csproj]
[13:24:27] [INFO] C:\Users\Redacted\Documents\LatticeVeil_project\ThirdParty\EOS\SDK\Source\Generated\Platform\PlatformInterface.cs(757,10): error CS0246: The type or namespace name 'Reports' could not be found (are you missing a using directive or an assembly reference?) [C:\Users\Redacted\Documents\LatticeVeil_project\LatticeVeilMonoGame\LatticeVeilMonoGame.csproj]
[13:24:27] [INFO] C:\Users\Redacted\Documents\LatticeVeil_project\ThirdParty\EOS\SDK\Source\Generated\Bindings.cs(9076,87): error CS0246: The type or namespace name 'Reports' could not be found (are you missing a using directive or an assembly reference?) [C:\Users\Redacted\Documents\LatticeVeil_project\LatticeVeilMonoGame\LatticeVeilMonoGame.csproj]
[13:24:27] [INFO] C:\Users\Redacted\Documents\LatticeVeil_project\ThirdParty\EOS\SDK\Source\Generated\Bindings.cs(9076,163): error CS0246: The type or namespace name 'Reports' could not be found (are you missing a using directive or an assembly reference?) [C:\Users\Redacted\Documents\LatticeVeil_project\LatticeVeilMonoGame\LatticeVeilMonoGame.csproj]
[13:24:27] [INFO] C:\Users\Redacted\Documents\LatticeVeil_project\ThirdParty\EOS\SDK\Source\Generated\Bindings.cs(9376,79): error CS0234: The type or namespace name 'ReportInputStateOptionsInternal' does not exist in the namespace 'Epic.OnlineServices.UI' (are you missing an assembly reference?) [C:\Users\Redacted\Documents\LatticeVeil_project\LatticeVeilMonoGame\LatticeVeilMonoGame.csproj]
[13:24:27] [INFO] C:\Users\Redacted\Documents\LatticeVeil_project\ThirdParty\EOS\SDK\Source\Generated\Bindings.cs(9397,77): error CS0234: The type or namespace name 'ShowReportPlayerOptionsInternal' does not exist in the namespace 'Epic.OnlineServices.UI' (are you missing an assembly reference?) [C:\Users\Redacted\Documents\LatticeVeil_project\LatticeVeilMonoGame\LatticeVeilMonoGame.csproj]
[13:24:27] [INFO] C:\Users\Redacted\Documents\LatticeVeil_project\ThirdParty\EOS\SDK\Source\Generated\Bindings.cs(9397,140): error CS0234: The type or namespace name 'OnShowReportPlayerCallbackInternal' does not exist in the namespace 'Epic.OnlineServices.UI' (are you missing an assembly reference?) [C:\Users\Redacted\Documents\LatticeVeil_project\LatticeVeilMonoGame\LatticeVeilMonoGame.csproj]
[13:24:27] [INFO] C:\Users\Redacted\Documents\LatticeVeil_project\ThirdParty\EOS\SDK\Source\Generated\UI\UIInterface.cs(503,38): error CS0246: The type or namespace name 'ReportInputStateOptions' could not be found (are you missing a using directive or an assembly reference?) [C:\Users\Redacted\Documents\LatticeVeil_project\LatticeVeilMonoGame\LatticeVeilMonoGame.csproj]
[13:24:27] [INFO] C:\Users\Redacted\Documents\LatticeVeil_project\ThirdParty\EOS\SDK\Source\Generated\UI\UIInterface.cs(732,36): error CS0246: The type or namespace name 'ShowReportPlayerOptions' could not be found (are you missing a using directive or an assembly reference?) [C:\Users\Redacted\Documents\LatticeVeil_project\LatticeVeilMonoGame\LatticeVeilMonoGame.csproj]
[13:24:27] [INFO] C:\Users\Redacted\Documents\LatticeVeil_project\ThirdParty\EOS\SDK\Source\Generated\UI\UIInterface.cs(732,88): error CS0246: The type or namespace name 'OnShowReportPlayerCallback' could not be found (are you missing a using directive or an assembly reference?) [C:\Users\Redacted\Documents\LatticeVeil_project\LatticeVeilMonoGame\LatticeVeilMonoGame.csproj]
[13:24:27] [ERROR] Task failed: dotnet exited with code 1
[13:24:27] [ERROR] at Invoke-External, C:\Users\Redacted\Documents\LatticeVeil_project\BuildGUI.ps1: line 373
at <ScriptBlock>, C:\Users\Redacted\Documents\LatticeVeil_project\BuildGUI.ps1: line 973
at Run-Task, C:\Users\Redacted\Documents\LatticeVeil_project\BuildGUI.ps1: line 805
at <ScriptBlock>, C:\Users\Redacted\Documents\LatticeVeil_project\BuildGUI.ps1: line 965
at <ScriptBlock>, C:\Users\Redacted\Documents\LatticeVeil_project\BuildGUI.ps1: line 1148
at <ScriptBlock>, <No file>: line 1
[13:27:41] [INFO] Build GUI initialized.
[13:27:41] [INFO] Project root: C:\Users\Redacted\Documents\LatticeVeil_project
[13:27:41] [INFO] DEV final EXE folder: C:\Users\Redacted\Documents\LatticeVeil_project\DEV
[13:27:41] [INFO] RELEASE final EXE folder: C:\Users\Redacted\Documents\LatticeVeil_project\RELEASE
[13:27:41] [INFO] Logs: C:\Users\Redacted\Documents\LatticeVeil_project\.builder\logs\build-gui-20260221.log
[13:27:46] [INFO] Starting: Clean Outputs
[13:27:46] [INFO] Cleaning bin/obj folders...
[13:27:46] [INFO] Removed: C:\Users\Redacted\Documents\LatticeVeil_project\LatticeVeilMonoGame\bin
[13:27:46] [INFO] Removed: C:\Users\Redacted\Documents\LatticeVeil_project\LatticeVeilMonoGame\obj
[13:27:46] [INFO] Clean complete (DEV/RELEASE folders preserved)
[13:27:46] [INFO] Done: Clean Outputs
[13:27:47] [INFO] Starting: DEV Publish Only
[13:27:47] [INFO] BuildNonce: 20260221132747243-026d2e999e
[13:27:47] [INFO] Cleaning bin/obj folders...
[13:27:47] [INFO] Clean complete (DEV/RELEASE folders preserved)
[13:27:47] [INFO] Running: dotnet restore C:\Users\Redacted\Documents\LatticeVeil_project\LatticeVeilMonoGame\LatticeVeilMonoGame.csproj
[13:27:48] [INFO]   Determining projects to restore...
[13:27:48] [INFO]   Restored C:\Users\Redacted\Documents\LatticeVeil_project\LatticeVeilMonoGame\LatticeVeilMonoGame.csproj (in 424 ms).
[13:27:48] [INFO] Running: dotnet publish C:\Users\Redacted\Documents\LatticeVeil_project\LatticeVeilMonoGame\LatticeVeilMonoGame.csproj --configuration Debug -r win-x64 --self-contained true -p:PublishSingleFile=true -p:IncludeNativeLibrariesForSelfExtract=true -p:IncludeAllContentForSelfExtract=true -p:BuildNonce=20260221132747243-026d2e999e
[13:27:54] [INFO]   Determining projects to restore...
[13:27:54] [INFO]   All projects are up-to-date for restore.
[13:27:54] [INFO] C:\Users\Redacted\Documents\LatticeVeil_project\ThirdParty\EOS\SDK\Source\Core\Handle.cs(49,24): warning CS8765: Nullability of type of parameter 'obj' doesn't match overridden member (possibly because of nullability attributes). [C:\Users\Redacted\Documents\LatticeVeil_project\LatticeVeilMonoGame\LatticeVeilMonoGame.csproj]
[13:27:54] [INFO] C:\Users\Redacted\Documents\LatticeVeil_project\ThirdParty\EOS\SDK\Source\Core\Handle.cs(59,15): warning CS8767: Nullability of reference types in type of parameter 'other' of 'bool Handle.Equals(Handle other)' doesn't match implicitly implemented member 'bool IEquatable<Handle>.Equals(Handle? other)' (possibly because of nullability attributes). [C:\Users\Redacted\Documents\LatticeVeil_project\LatticeVeilMonoGame\LatticeVeilMonoGame.csproj]
[13:27:54] [INFO] C:\Users\Redacted\Documents\LatticeVeil_project\ThirdParty\EOS\SDK\Source\Core\Handle.cs(84,25): warning CS8767: Nullability of reference types in type of parameter 'format' of 'string Handle.ToString(string format, IFormatProvider formatProvider)' doesn't match implicitly implemented member 'string IFormattable.ToString(string? format, IFormatProvider? formatProvider)' (possibly because of nullability attributes). [C:\Users\Redacted\Documents\LatticeVeil_project\LatticeVeilMonoGame\LatticeVeilMonoGame.csproj]
[13:27:54] [INFO] C:\Users\Redacted\Documents\LatticeVeil_project\ThirdParty\EOS\SDK\Source\Core\Handle.cs(84,25): warning CS8767: Nullability of reference types in type of parameter 'formatProvider' of 'string Handle.ToString(string format, IFormatProvider formatProvider)' doesn't match implicitly implemented member 'string IFormattable.ToString(string? format, IFormatProvider? formatProvider)' (possibly because of nullability attributes). [C:\Users\Redacted\Documents\LatticeVeil_project\LatticeVeilMonoGame\LatticeVeilMonoGame.csproj]
[13:27:54] [INFO] C:\Users\Redacted\Documents\LatticeVeil_project\ThirdParty\EOS\SDK\Source\Core\Utf8String.cs(174,24): warning CS8765: Nullability of type of parameter 'obj' doesn't match overridden member (possibly because of nullability attributes). [C:\Users\Redacted\Documents\LatticeVeil_project\LatticeVeilMonoGame\LatticeVeilMonoGame.csproj]
[13:27:54] [INFO] C:\Users\Redacted\Documents\LatticeVeil_project\LatticeVeilMonoGame\Program.cs(271,37): error CS0246: The type or namespace name 'CrashReportForm' could not be found (are you missing a using directive or an assembly reference?) [C:\Users\Redacted\Documents\LatticeVeil_project\LatticeVeilMonoGame\LatticeVeilMonoGame.csproj]
[13:27:54] [INFO] C:\Users\Redacted\Documents\LatticeVeil_project\LatticeVeilMonoGame\Program.cs(335,33): error CS0246: The type or namespace name 'CrashReportForm' could not be found (are you missing a using directive or an assembly reference?) [C:\Users\Redacted\Documents\LatticeVeil_project\LatticeVeilMonoGame\LatticeVeilMonoGame.csproj]
[13:27:54] [INFO] C:\Users\Redacted\Documents\LatticeVeil_project\LatticeVeilMonoGame\Online\Eos\EosClient.cs(106,59): warning CS8604: Possible null reference argument for parameter 'left' in 'bool Handle.operator !=(Handle left, Handle right)'. [C:\Users\Redacted\Documents\LatticeVeil_project\LatticeVeilMonoGame\LatticeVeilMonoGame.csproj]
[13:27:54] [INFO] C:\Users\Redacted\Documents\LatticeVeil_project\LatticeVeilMonoGame\Online\Eos\EosClient.cs(106,75): warning CS8625: Cannot convert null literal to non-nullable reference type. [C:\Users\Redacted\Documents\LatticeVeil_project\LatticeVeilMonoGame\LatticeVeilMonoGame.csproj]
[13:27:54] [INFO] C:\Users\Redacted\Documents\LatticeVeil_project\LatticeVeilMonoGame\Online\Eos\EosClient.cs(107,63): warning CS8604: Possible null reference argument for parameter 'left' in 'bool Handle.operator !=(Handle left, Handle right)'. [C:\Users\Redacted\Documents\LatticeVeil_project\LatticeVeilMonoGame\LatticeVeilMonoGame.csproj]
[13:27:54] [INFO] C:\Users\Redacted\Documents\LatticeVeil_project\LatticeVeilMonoGame\Online\Eos\EosClient.cs(107,81): warning CS8625: Cannot convert null literal to non-nullable reference type. [C:\Users\Redacted\Documents\LatticeVeil_project\LatticeVeilMonoGame\LatticeVeilMonoGame.csproj]
[13:27:54] [INFO] C:\Users\Redacted\Documents\LatticeVeil_project\LatticeVeilMonoGame\Online\Eos\EosClient.cs(125,30): warning CS8625: Cannot convert null literal to non-nullable reference type. [C:\Users\Redacted\Documents\LatticeVeil_project\LatticeVeilMonoGame\LatticeVeilMonoGame.csproj]
[13:27:54] [INFO] C:\Users\Redacted\Documents\LatticeVeil_project\ThirdParty\EOS\SDK\Source\Core\CallbackHelper.cs(36,56): warning CS8600: Converting null literal or possible null value to non-nullable type. [C:\Users\Redacted\Documents\LatticeVeil_project\LatticeVeilMonoGame\LatticeVeilMonoGame.csproj]
[13:27:54] [INFO] C:\Users\Redacted\Documents\LatticeVeil_project\ThirdParty\EOS\SDK\Source\Core\CallbackHelper.cs(75,15): warning CS8625: Cannot convert null literal to non-nullable reference type. [C:\Users\Redacted\Documents\LatticeVeil_project\LatticeVeilMonoGame\LatticeVeilMonoGame.csproj]
[13:27:54] [INFO] C:\Users\Redacted\Documents\LatticeVeil_project\ThirdParty\EOS\SDK\Source\Core\CallbackHelper.cs(80,56): warning CS8600: Converting null literal or possible null value to non-nullable type. [C:\Users\Redacted\Documents\LatticeVeil_project\LatticeVeilMonoGame\LatticeVeilMonoGame.csproj]
[13:27:54] [INFO] C:\Users\Redacted\Documents\LatticeVeil_project\ThirdParty\EOS\SDK\Source\Core\CallbackHelper.cs(82,17): warning CS8601: Possible null reference assignment. [C:\Users\Redacted\Documents\LatticeVeil_project\LatticeVeilMonoGame\LatticeVeilMonoGame.csproj]
[13:27:54] [INFO] C:\Users\Redacted\Documents\LatticeVeil_project\LatticeVeilMonoGame\Online\Eos\EosP2PSession.cs(84,13): warning CS8604: Possible null reference argument for parameter 'left' in 'bool Handle.operator ==(Handle left, Handle right)'. [C:\Users\Redacted\Documents\LatticeVeil_project\LatticeVeilMonoGame\LatticeVeilMonoGame.csproj]
[13:27:54] [INFO] C:\Users\Redacted\Documents\LatticeVeil_project\LatticeVeilMonoGame\Online\Eos\EosP2PSession.cs(84,39): warning CS8625: Cannot convert null literal to non-nullable reference type. [C:\Users\Redacted\Documents\LatticeVeil_project\LatticeVeilMonoGame\LatticeVeilMonoGame.csproj]
[13:27:54] [INFO] C:\Users\Redacted\Documents\LatticeVeil_project\LatticeVeilMonoGame\Online\Eos\EosP2PSession.cs(84,47): warning CS8604: Possible null reference argument for parameter 'left' in 'bool Handle.operator ==(Handle left, Handle right)'. [C:\Users\Redacted\Documents\LatticeVeil_project\LatticeVeilMonoGame\LatticeVeilMonoGame.csproj]
[13:27:54] [INFO] C:\Users\Redacted\Documents\LatticeVeil_project\LatticeVeilMonoGame\Online\Eos\EosP2PSession.cs(84,85): warning CS8625: Cannot convert null literal to non-nullable reference type. [C:\Users\Redacted\Documents\LatticeVeil_project\LatticeVeilMonoGame\LatticeVeilMonoGame.csproj]
[13:27:54] [INFO] C:\Users\Redacted\Documents\LatticeVeil_project\ThirdParty\EOS\SDK\Source\Core\CallbackHelper.cs(109,15): warning CS8625: Cannot convert null literal to non-nullable reference type. [C:\Users\Redacted\Documents\LatticeVeil_project\LatticeVeilMonoGame\LatticeVeilMonoGame.csproj]
[13:27:54] [INFO] C:\Users\Redacted\Documents\LatticeVeil_project\ThirdParty\EOS\SDK\Source\Core\CallbackHelper.cs(115,56): warning CS8600: Converting null literal or possible null value to non-nullable type. [C:\Users\Redacted\Documents\LatticeVeil_project\LatticeVeilMonoGame\LatticeVeilMonoGame.csproj]
[13:27:54] [INFO] C:\Users\Redacted\Documents\LatticeVeil_project\ThirdParty\EOS\SDK\Source\Core\CallbackHelper.cs(117,17): warning CS8601: Possible null reference assignment. [C:\Users\Redacted\Documents\LatticeVeil_project\LatticeVeilMonoGame\LatticeVeilMonoGame.csproj]
[13:27:54] [INFO] C:\Users\Redacted\Documents\LatticeVeil_project\ThirdParty\EOS\SDK\Source\Core\CallbackHelper.cs(130,82): warning CS8629: Nullable value type may be null. [C:\Users\Redacted\Documents\LatticeVeil_project\LatticeVeilMonoGame\LatticeVeilMonoGame.csproj]
[13:27:54] [INFO] C:\Users\Redacted\Documents\LatticeVeil_project\LatticeVeilMonoGame\Online\Eos\EosClient.cs(159,13): warning CS8604: Possible null reference argument for parameter 'left' in 'bool Handle.operator ==(Handle left, Handle right)'. [C:\Users\Redacted\Documents\LatticeVeil_project\LatticeVeilMonoGame\LatticeVeilMonoGame.csproj]
[13:27:54] [INFO] C:\Users\Redacted\Documents\LatticeVeil_project\LatticeVeilMonoGame\Online\Eos\EosClient.cs(159,25): warning CS8625: Cannot convert null literal to non-nullable reference type. [C:\Users\Redacted\Documents\LatticeVeil_project\LatticeVeilMonoGame\LatticeVeilMonoGame.csproj]
[13:27:54] [INFO] C:\Users\Redacted\Documents\LatticeVeil_project\LatticeVeilMonoGame\Online\Eos\EosClient.cs(173,50): warning CS8625: Cannot convert null literal to non-nullable reference type. [C:\Users\Redacted\Documents\LatticeVeil_project\LatticeVeilMonoGame\LatticeVeilMonoGame.csproj]
[13:27:54] [INFO] C:\Users\Redacted\Documents\LatticeVeil_project\ThirdParty\EOS\SDK\Source\Core\CallbackHelper.cs(159,15): warning CS8625: Cannot convert null literal to non-nullable reference type. [C:\Users\Redacted\Documents\LatticeVeil_project\LatticeVeilMonoGame\LatticeVeilMonoGame.csproj]
[13:27:54] [INFO] C:\Users\Redacted\Documents\LatticeVeil_project\ThirdParty\EOS\SDK\Source\Core\CallbackHelper.cs(163,56): warning CS8600: Converting null literal or possible null value to non-nullable type. [C:\Users\Redacted\Documents\LatticeVeil_project\LatticeVeilMonoGame\LatticeVeilMonoGame.csproj]
[13:27:54] [INFO] C:\Users\Redacted\Documents\LatticeVeil_project\ThirdParty\EOS\SDK\Source\Core\CallbackHelper.cs(165,17): warning CS8601: Possible null reference assignment. [C:\Users\Redacted\Documents\LatticeVeil_project\LatticeVeilMonoGame\LatticeVeilMonoGame.csproj]
[13:27:54] [INFO] C:\Users\Redacted\Documents\LatticeVeil_project\LatticeVeilMonoGame\Online\Eos\EosP2PSession.cs(1034,13): warning CS8604: Possible null reference argument for parameter 'left' in 'bool Handle.operator ==(Handle left, Handle right)'. [C:\Users\Redacted\Documents\LatticeVeil_project\LatticeVeilMonoGame\LatticeVeilMonoGame.csproj]
[13:27:54] [INFO] C:\Users\Redacted\Documents\LatticeVeil_project\LatticeVeilMonoGame\Online\Eos\EosP2PSession.cs(1034,39): warning CS8625: Cannot convert null literal to non-nullable reference type. [C:\Users\Redacted\Documents\LatticeVeil_project\LatticeVeilMonoGame\LatticeVeilMonoGame.csproj]
[13:27:54] [INFO] C:\Users\Redacted\Documents\LatticeVeil_project\LatticeVeilMonoGame\Online\Eos\EosP2PSession.cs(1034,47): warning CS8604: Possible null reference argument for parameter 'left' in 'bool Handle.operator ==(Handle left, Handle right)'. [C:\Users\Redacted\Documents\LatticeVeil_project\LatticeVeilMonoGame\LatticeVeilMonoGame.csproj]
[13:27:54] [INFO] C:\Users\Redacted\Documents\LatticeVeil_project\LatticeVeilMonoGame\Online\Eos\EosP2PSession.cs(1034,85): warning CS8625: Cannot convert null literal to non-nullable reference type. [C:\Users\Redacted\Documents\LatticeVeil_project\LatticeVeilMonoGame\LatticeVeilMonoGame.csproj]
[13:27:54] [INFO] C:\Users\Redacted\Documents\LatticeVeil_project\LatticeVeilMonoGame\Online\Eos\EosP2PSession.cs(1038,13): warning CS8604: Possible null reference argument for parameter 'left' in 'bool Handle.operator ==(Handle left, Handle right)'. [C:\Users\Redacted\Documents\LatticeVeil_project\LatticeVeilMonoGame\LatticeVeilMonoGame.csproj]
[13:27:54] [INFO] C:\Users\Redacted\Documents\LatticeVeil_project\LatticeVeilMonoGame\Online\Eos\EosP2PSession.cs(1038,23): warning CS8625: Cannot convert null literal to non-nullable reference type. [C:\Users\Redacted\Documents\LatticeVeil_project\LatticeVeilMonoGame\LatticeVeilMonoGame.csproj]
[13:27:54] [INFO] C:\Users\Redacted\Documents\LatticeVeil_project\LatticeVeilMonoGame\Online\Eos\EosP2PSession.cs(1106,27): warning CS8625: Cannot convert null literal to non-nullable reference type. [C:\Users\Redacted\Documents\LatticeVeil_project\LatticeVeilMonoGame\LatticeVeilMonoGame.csproj]
[13:27:54] [INFO] C:\Users\Redacted\Documents\LatticeVeil_project\ThirdParty\EOS\SDK\Source\Core\CallbackHelper.cs(217,15): warning CS8625: Cannot convert null literal to non-nullable reference type. [C:\Users\Redacted\Documents\LatticeVeil_project\LatticeVeilMonoGame\LatticeVeilMonoGame.csproj]
[13:27:54] [INFO] C:\Users\Redacted\Documents\LatticeVeil_project\ThirdParty\EOS\SDK\Source\Core\CallbackHelper.cs(222,48): warning CS8600: Converting null literal or possible null value to non-nullable type. [C:\Users\Redacted\Documents\LatticeVeil_project\LatticeVeilMonoGame\LatticeVeilMonoGame.csproj]
[13:27:54] [INFO] C:\Users\Redacted\Documents\LatticeVeil_project\ThirdParty\EOS\SDK\Source\Core\CallbackHelper.cs(224,17): warning CS8601: Possible null reference assignment. [C:\Users\Redacted\Documents\LatticeVeil_project\LatticeVeilMonoGame\LatticeVeilMonoGame.csproj]
[13:27:54] [INFO] C:\Users\Redacted\Documents\LatticeVeil_project\ThirdParty\EOS\SDK\Source\Core\CallbackHelper.cs(251,56): warning CS8600: Converting null literal or possible null value to non-nullable type. [C:\Users\Redacted\Documents\LatticeVeil_project\LatticeVeilMonoGame\LatticeVeilMonoGame.csproj]
[13:27:54] [INFO] C:\Users\Redacted\Documents\LatticeVeil_project\ThirdParty\EOS\SDK\Source\Generated\Common.cs(22,51): warning CS8600: Converting null literal or possible null value to non-nullable type. [C:\Users\Redacted\Documents\LatticeVeil_project\LatticeVeilMonoGame\LatticeVeilMonoGame.csproj]
[13:27:54] [INFO] C:\Users\Redacted\Documents\LatticeVeil_project\ThirdParty\EOS\SDK\Source\Generated\Common.cs(22,51): warning CS8625: Cannot convert null literal to non-nullable reference type. [C:\Users\Redacted\Documents\LatticeVeil_project\LatticeVeilMonoGame\LatticeVeilMonoGame.csproj]
[13:27:54] [INFO] C:\Users\Redacted\Documents\LatticeVeil_project\ThirdParty\EOS\SDK\Source\Core\CallbackHelper.cs(296,54): warning CS8600: Converting null literal or possible null value to non-nullable type. [C:\Users\Redacted\Documents\LatticeVeil_project\LatticeVeilMonoGame\LatticeVeilMonoGame.csproj]
[13:27:54] [INFO] C:\Users\Redacted\Documents\LatticeVeil_project\ThirdParty\EOS\SDK\Source\Core\ConvertHelper.cs(20,9): warning CS8625: Cannot convert null literal to non-nullable reference type. [C:\Users\Redacted\Documents\LatticeVeil_project\LatticeVeilMonoGame\LatticeVeilMonoGame.csproj]
[13:27:54] [INFO] C:\Users\Redacted\Documents\LatticeVeil_project\LatticeVeilMonoGame\Online\Eos\EosClient.cs(203,13): warning CS8604: Possible null reference argument for parameter 'left' in 'bool Handle.operator ==(Handle left, Handle right)'. [C:\Users\Redacted\Documents\LatticeVeil_project\LatticeVeilMonoGame\LatticeVeilMonoGame.csproj]
[13:27:54] [INFO] C:\Users\Redacted\Documents\LatticeVeil_project\LatticeVeilMonoGame\Online\Eos\EosClient.cs(203,25): warning CS8625: Cannot convert null literal to non-nullable reference type. [C:\Users\Redacted\Documents\LatticeVeil_project\LatticeVeilMonoGame\LatticeVeilMonoGame.csproj]
[13:27:54] [INFO] C:\Users\Redacted\Documents\LatticeVeil_project\LatticeVeilMonoGame\Online\Eos\EosClient.cs(205,59): warning CS8625: Cannot convert null literal to non-nullable reference type. [C:\Users\Redacted\Documents\LatticeVeil_project\LatticeVeilMonoGame\LatticeVeilMonoGame.csproj]
[13:27:54] [INFO] C:\Users\Redacted\Documents\LatticeVeil_project\ThirdParty\EOS\SDK\Source\Core\ConvertHelper.cs(38,16): warning CS8625: Cannot convert null literal to non-nullable reference type. [C:\Users\Redacted\Documents\LatticeVeil_project\LatticeVeilMonoGame\LatticeVeilMonoGame.csproj]
[13:27:54] [INFO] C:\Users\Redacted\Documents\LatticeVeil_project\ThirdParty\EOS\SDK\Source\Core\ConvertHelper.cs(51,9): warning CS8625: Cannot convert null literal to non-nullable reference type. [C:\Users\Redacted\Documents\LatticeVeil_project\LatticeVeilMonoGame\LatticeVeilMonoGame.csproj]
[13:27:54] [INFO] C:\Users\Redacted\Documents\LatticeVeil_project\ThirdParty\EOS\SDK\Source\Core\Handle.cs(51,18): warning CS8604: Possible null reference argument for parameter 'other' in 'bool Handle.Equals(Handle other)'. [C:\Users\Redacted\Documents\LatticeVeil_project\LatticeVeilMonoGame\LatticeVeilMonoGame.csproj]
[13:27:54] [INFO] C:\Users\Redacted\Documents\LatticeVeil_project\ThirdParty\EOS\SDK\Source\Core\GetHelper.cs(123,9): warning CS8625: Cannot convert null literal to non-nullable reference type. [C:\Users\Redacted\Documents\LatticeVeil_project\LatticeVeilMonoGame\LatticeVeilMonoGame.csproj]
[13:27:54] [INFO] C:\Users\Redacted\Documents\LatticeVeil_project\LatticeVeilMonoGame\Online\Eos\EosClient.cs(227,13): warning CS8604: Possible null reference argument for parameter 'left' in 'bool Handle.operator ==(Handle left, Handle right)'. [C:\Users\Redacted\Documents\LatticeVeil_project\LatticeVeilMonoGame\LatticeVeilMonoGame.csproj]
[13:27:54] [INFO] C:\Users\Redacted\Documents\LatticeVeil_project\LatticeVeilMonoGame\Online\Eos\EosClient.cs(227,26): warning CS8625: Cannot convert null literal to non-nullable reference type. [C:\Users\Redacted\Documents\LatticeVeil_project\LatticeVeilMonoGame\LatticeVeilMonoGame.csproj]
[13:27:54] [INFO] C:\Users\Redacted\Documents\LatticeVeil_project\LatticeVeilMonoGame\Online\Eos\EosClient.cs(227,34): warning CS8604: Possible null reference argument for parameter 'left' in 'bool Handle.operator ==(Handle left, Handle right)'. [C:\Users\Redacted\Documents\LatticeVeil_project\LatticeVeilMonoGame\LatticeVeilMonoGame.csproj]
[13:27:54] [INFO] C:\Users\Redacted\Documents\LatticeVeil_project\LatticeVeilMonoGame\Online\Eos\EosClient.cs(227,50): warning CS8625: Cannot convert null literal to non-nullable reference type. [C:\Users\Redacted\Documents\LatticeVeil_project\LatticeVeilMonoGame\LatticeVeilMonoGame.csproj]
[13:27:54] [INFO] C:\Users\Redacted\Documents\LatticeVeil_project\LatticeVeilMonoGame\Online\Eos\EosClient.cs(230,13): warning CS8604: Possible null reference argument for parameter 'left' in 'bool Handle.operator ==(Handle left, Handle right)'. [C:\Users\Redacted\Documents\LatticeVeil_project\LatticeVeilMonoGame\LatticeVeilMonoGame.csproj]
[13:27:54] [INFO] C:\Users\Redacted\Documents\LatticeVeil_project\LatticeVeilMonoGame\Online\Eos\EosClient.cs(230,31): warning CS8625: Cannot convert null literal to non-nullable reference type. [C:\Users\Redacted\Documents\LatticeVeil_project\LatticeVeilMonoGame\LatticeVeilMonoGame.csproj]
[13:27:54] [INFO] C:\Users\Redacted\Documents\LatticeVeil_project\LatticeVeilMonoGame\Online\Eos\EosClient.cs(234,20): warning CS8625: Cannot convert null literal to non-nullable reference type. [C:\Users\Redacted\Documents\LatticeVeil_project\LatticeVeilMonoGame\LatticeVeilMonoGame.csproj]
[13:27:54] [INFO] C:\Users\Redacted\Documents\LatticeVeil_project\LatticeVeilMonoGame\Online\Eos\EosClient.cs(245,62): warning CS8625: Cannot convert null literal to non-nullable reference type. [C:\Users\Redacted\Documents\LatticeVeil_project\LatticeVeilMonoGame\LatticeVeilMonoGame.csproj]
[13:27:54] [INFO] C:\Users\Redacted\Documents\LatticeVeil_project\LatticeVeilMonoGame\Online\Eos\EosP2PSession.cs(1147,13): warning CS8604: Possible null reference argument for parameter 'left' in 'bool Handle.operator ==(Handle left, Handle right)'. [C:\Users\Redacted\Documents\LatticeVeil_project\LatticeVeilMonoGame\LatticeVeilMonoGame.csproj]
[13:27:54] [INFO] C:\Users\Redacted\Documents\LatticeVeil_project\LatticeVeilMonoGame\Online\Eos\EosP2PSession.cs(1147,39): warning CS8625: Cannot convert null literal to non-nullable reference type. [C:\Users\Redacted\Documents\LatticeVeil_project\LatticeVeilMonoGame\LatticeVeilMonoGame.csproj]
[13:27:54] [INFO] C:\Users\Redacted\Documents\LatticeVeil_project\LatticeVeilMonoGame\Online\Eos\EosP2PSession.cs(1147,47): warning CS8604: Possible null reference argument for parameter 'left' in 'bool Handle.operator ==(Handle left, Handle right)'. [C:\Users\Redacted\Documents\LatticeVeil_project\LatticeVeilMonoGame\LatticeVeilMonoGame.csproj]
[13:27:54] [INFO] C:\Users\Redacted\Documents\LatticeVeil_project\LatticeVeilMonoGame\Online\Eos\EosP2PSession.cs(1147,85): warning CS8625: Cannot convert null literal to non-nullable reference type. [C:\Users\Redacted\Documents\LatticeVeil_project\LatticeVeilMonoGame\LatticeVeilMonoGame.csproj]
[13:27:54] [INFO] C:\Users\Redacted\Documents\LatticeVeil_project\LatticeVeilMonoGame\Online\Eos\EosP2PSession.cs(1151,13): warning CS8604: Possible null reference argument for parameter 'left' in 'bool Handle.operator ==(Handle left, Handle right)'. [C:\Users\Redacted\Documents\LatticeVeil_project\LatticeVeilMonoGame\LatticeVeilMonoGame.csproj]
[13:27:54] [INFO] C:\Users\Redacted\Documents\LatticeVeil_project\LatticeVeilMonoGame\Online\Eos\EosP2PSession.cs(1151,23): warning CS8625: Cannot convert null literal to non-nullable reference type. [C:\Users\Redacted\Documents\LatticeVeil_project\LatticeVeilMonoGame\LatticeVeilMonoGame.csproj]
[13:27:54] [INFO] C:\Users\Redacted\Documents\LatticeVeil_project\LatticeVeilMonoGame\Online\Eos\EosP2PSession.cs(1217,31): warning CS8625: Cannot convert null literal to non-nullable reference type. [C:\Users\Redacted\Documents\LatticeVeil_project\LatticeVeilMonoGame\LatticeVeilMonoGame.csproj]
[13:27:54] [INFO] C:\Users\Redacted\Documents\LatticeVeil_project\ThirdParty\EOS\SDK\Source\Core\Helper.cs(127,18): warning CS8604: Possible null reference argument for parameter 'source' in 'void Marshal.Copy(byte[] source, int startIndex, nint destination, int length)'. [C:\Users\Redacted\Documents\LatticeVeil_project\LatticeVeilMonoGame\LatticeVeilMonoGame.csproj]
[13:27:54] [INFO] C:\Users\Redacted\Documents\LatticeVeil_project\ThirdParty\EOS\SDK\Source\Core\Helper.cs(178,13): warning CS8601: Possible null reference assignment. [C:\Users\Redacted\Documents\LatticeVeil_project\LatticeVeilMonoGame\LatticeVeilMonoGame.csproj]
[13:27:54] [INFO] C:\Users\Redacted\Documents\LatticeVeil_project\ThirdParty\EOS\SDK\Source\Core\Helper.cs(202,13): warning CS8600: Converting null literal or possible null value to non-nullable type. [C:\Users\Redacted\Documents\LatticeVeil_project\LatticeVeilMonoGame\LatticeVeilMonoGame.csproj]
[13:27:55] [INFO] C:\Users\Redacted\Documents\LatticeVeil_project\ThirdParty\EOS\SDK\Source\Core\Helper.cs(202,13): warning CS8601: Possible null reference assignment. [C:\Users\Redacted\Documents\LatticeVeil_project\LatticeVeilMonoGame\LatticeVeilMonoGame.csproj]
[13:27:55] [INFO] C:\Users\Redacted\Documents\LatticeVeil_project\ThirdParty\EOS\SDK\Source\Core\Helper.cs(235,14): warning CS8605: Unboxing a possibly null value. [C:\Users\Redacted\Documents\LatticeVeil_project\LatticeVeilMonoGame\LatticeVeilMonoGame.csproj]
[13:27:55] [INFO] C:\Users\Redacted\Documents\LatticeVeil_project\ThirdParty\EOS\SDK\Source\Core\Helper.cs(246,13): warning CS8625: Cannot convert null literal to non-nullable reference type. [C:\Users\Redacted\Documents\LatticeVeil_project\LatticeVeilMonoGame\LatticeVeilMonoGame.csproj]
[13:27:55] [INFO] C:\Users\Redacted\Documents\LatticeVeil_project\ThirdParty\EOS\SDK\Source\Core\Helper.cs(265,17): warning CS8601: Possible null reference assignment. [C:\Users\Redacted\Documents\LatticeVeil_project\LatticeVeilMonoGame\LatticeVeilMonoGame.csproj]
[13:27:55] [INFO] C:\Users\Redacted\Documents\LatticeVeil_project\ThirdParty\EOS\SDK\Source\Core\Helper.cs(297,9): warning CS8625: Cannot convert null literal to non-nullable reference type. [C:\Users\Redacted\Documents\LatticeVeil_project\LatticeVeilMonoGame\LatticeVeilMonoGame.csproj]
[13:27:55] [INFO] C:\Users\Redacted\Documents\LatticeVeil_project\ThirdParty\EOS\SDK\Source\Core\Helper.cs(315,13): warning CS8601: Possible null reference assignment. [C:\Users\Redacted\Documents\LatticeVeil_project\LatticeVeilMonoGame\LatticeVeilMonoGame.csproj]
[13:27:55] [INFO] C:\Users\Redacted\Documents\LatticeVeil_project\ThirdParty\EOS\SDK\Source\Core\Helper.cs(369,13): warning CS8625: Cannot convert null literal to non-nullable reference type. [C:\Users\Redacted\Documents\LatticeVeil_project\LatticeVeilMonoGame\LatticeVeilMonoGame.csproj]
[13:27:55] [INFO] C:\Users\Redacted\Documents\LatticeVeil_project\ThirdParty\EOS\SDK\Source\Core\Helper.cs(398,66): warning CS8625: Cannot convert null literal to non-nullable reference type. [C:\Users\Redacted\Documents\LatticeVeil_project\LatticeVeilMonoGame\LatticeVeilMonoGame.csproj]
[13:27:55] [INFO] C:\Users\Redacted\Documents\LatticeVeil_project\LatticeVeilMonoGame\Online\Eos\EosClient.cs(387,47): warning CS8604: Possible null reference argument for parameter 'left' in 'bool Handle.operator ==(Handle left, Handle right)'. [C:\Users\Redacted\Documents\LatticeVeil_project\LatticeVeilMonoGame\LatticeVeilMonoGame.csproj]
[13:27:55] [INFO] C:\Users\Redacted\Documents\LatticeVeil_project\LatticeVeilMonoGame\Online\Eos\EosClient.cs(387,58): warning CS8625: Cannot convert null literal to non-nullable reference type. [C:\Users\Redacted\Documents\LatticeVeil_project\LatticeVeilMonoGame\LatticeVeilMonoGame.csproj]
[13:27:55] [INFO] C:\Users\Redacted\Documents\LatticeVeil_project\LatticeVeilMonoGame\Online\Eos\EosClient.cs(411,47): warning CS8625: Cannot convert null literal to non-nullable reference type. [C:\Users\Redacted\Documents\LatticeVeil_project\LatticeVeilMonoGame\LatticeVeilMonoGame.csproj]
[13:27:55] [INFO] C:\Users\Redacted\Documents\LatticeVeil_project\LatticeVeilMonoGame\Online\Eos\EosP2PSession.cs(1504,80): warning CS8625: Cannot convert null literal to non-nullable reference type. [C:\Users\Redacted\Documents\LatticeVeil_project\LatticeVeilMonoGame\LatticeVeilMonoGame.csproj]
[13:27:55] [INFO] C:\Users\Redacted\Documents\LatticeVeil_project\LatticeVeilMonoGame\Online\Eos\EosP2PSession.cs(1512,34): warning CS8625: Cannot convert null literal to non-nullable reference type. [C:\Users\Redacted\Documents\LatticeVeil_project\LatticeVeilMonoGame\LatticeVeilMonoGame.csproj]
[13:27:55] [INFO] C:\Users\Redacted\Documents\LatticeVeil_project\ThirdParty\EOS\SDK\Source\Core\Helper.cs(466,16): warning CS8600: Converting null literal or possible null value to non-nullable type. [C:\Users\Redacted\Documents\LatticeVeil_project\LatticeVeilMonoGame\LatticeVeilMonoGame.csproj]
[13:27:55] [INFO] C:\Users\Redacted\Documents\LatticeVeil_project\ThirdParty\EOS\SDK\Source\Core\Helper.cs(473,52): warning CS8600: Converting null literal or possible null value to non-nullable type. [C:\Users\Redacted\Documents\LatticeVeil_project\LatticeVeilMonoGame\LatticeVeilMonoGame.csproj]
[13:27:55] [INFO] C:\Users\Redacted\Documents\LatticeVeil_project\ThirdParty\EOS\SDK\Source\Core\Helper.cs(473,40): warning CS8600: Converting null literal or possible null value to non-nullable type. [C:\Users\Redacted\Documents\LatticeVeil_project\LatticeVeilMonoGame\LatticeVeilMonoGame.csproj]
[13:27:55] [INFO] C:\Users\Redacted\Documents\LatticeVeil_project\ThirdParty\EOS\SDK\Source\Core\Helper.cs(473,40): warning CS8604: Possible null reference argument for parameter 'str' in 'nint Helper.AddPinnedBuffer(Utf8String str)'. [C:\Users\Redacted\Documents\LatticeVeil_project\LatticeVeilMonoGame\LatticeVeilMonoGame.csproj]
[13:27:55] [INFO] C:\Users\Redacted\Documents\LatticeVeil_project\ThirdParty\EOS\SDK\Source\Core\Helper.cs(491,23): warning CS8600: Converting null literal or possible null value to non-nullable type. [C:\Users\Redacted\Documents\LatticeVeil_project\LatticeVeilMonoGame\LatticeVeilMonoGame.csproj]
[13:27:55] [INFO] C:\Users\Redacted\Documents\LatticeVeil_project\ThirdParty\EOS\SDK\Source\Core\Helper.cs(491,15): warning CS8600: Converting null literal or possible null value to non-nullable type. [C:\Users\Redacted\Documents\LatticeVeil_project\LatticeVeilMonoGame\LatticeVeilMonoGame.csproj]
[13:27:55] [INFO] C:\Users\Redacted\Documents\LatticeVeil_project\ThirdParty\EOS\SDK\Source\Core\Helper.cs(491,15): warning CS8604: Possible null reference argument for parameter 'from' in 'void Helper.Convert(Handle from, out nint to)'. [C:\Users\Redacted\Documents\LatticeVeil_project\LatticeVeilMonoGame\LatticeVeilMonoGame.csproj]
[13:27:55] [INFO] C:\Users\Redacted\Documents\LatticeVeil_project\ThirdParty\EOS\SDK\Source\Core\Helper.cs(496,30): warning CS8604: Possible null reference argument for parameter 'structure' in 'void Marshal.StructureToPtr<T?>(T? structure, nint ptr, bool fDeleteOld)'. [C:\Users\Redacted\Documents\LatticeVeil_project\LatticeVeilMonoGame\LatticeVeilMonoGame.csproj]
[13:27:55] [INFO] C:\Users\Redacted\Documents\LatticeVeil_project\LatticeVeilMonoGame\Online\Eos\EosClient.cs(452,45): warning CS8625: Cannot convert null literal to non-nullable reference type. [C:\Users\Redacted\Documents\LatticeVeil_project\LatticeVeilMonoGame\LatticeVeilMonoGame.csproj]
[13:27:55] [INFO] C:\Users\Redacted\Documents\LatticeVeil_project\ThirdParty\EOS\SDK\Source\Core\Helper.cs(526,50): warning CS8602: Dereference of a possibly null reference. [C:\Users\Redacted\Documents\LatticeVeil_project\LatticeVeilMonoGame\LatticeVeilMonoGame.csproj]
[13:27:55] [INFO] C:\Users\Redacted\Documents\LatticeVeil_project\ThirdParty\EOS\SDK\Source\Core\Helper.cs(532,32): warning CS8604: Possible null reference argument for parameter 't' in 'int Marshal.SizeOf(Type t)'. [C:\Users\Redacted\Documents\LatticeVeil_project\LatticeVeilMonoGame\LatticeVeilMonoGame.csproj]
[13:27:55] [INFO] C:\Users\Redacted\Documents\LatticeVeil_project\ThirdParty\EOS\SDK\Source\Core\Helper.cs(536,41): warning CS8602: Dereference of a possibly null reference. [C:\Users\Redacted\Documents\LatticeVeil_project\LatticeVeilMonoGame\LatticeVeilMonoGame.csproj]
[13:27:55] [INFO] C:\Users\Redacted\Documents\LatticeVeil_project\ThirdParty\EOS\SDK\Source\Core\Helper.cs(574,12): warning CS8625: Cannot convert null literal to non-nullable reference type. [C:\Users\Redacted\Documents\LatticeVeil_project\LatticeVeilMonoGame\LatticeVeilMonoGame.csproj]
[13:27:55] [INFO] C:\Users\Redacted\Documents\LatticeVeil_project\LatticeVeilMonoGame\Online\Eos\EosP2PSession.cs(1532,31): warning CS8625: Cannot convert null literal to non-nullable reference type. [C:\Users\Redacted\Documents\LatticeVeil_project\LatticeVeilMonoGame\LatticeVeilMonoGame.csproj]
[13:27:55] [INFO] C:\Users\Redacted\Documents\LatticeVeil_project\ThirdParty\EOS\SDK\Source\Core\Helper.cs(620,15): warning CS8625: Cannot convert null literal to non-nullable reference type. [C:\Users\Redacted\Documents\LatticeVeil_project\LatticeVeilMonoGame\LatticeVeilMonoGame.csproj]
[13:27:55] [INFO] C:\Users\Redacted\Documents\LatticeVeil_project\ThirdParty\EOS\SDK\Source\Core\Helper.cs(630,17): warning CS8625: Cannot convert null literal to non-nullable reference type. [C:\Users\Redacted\Documents\LatticeVeil_project\LatticeVeilMonoGame\LatticeVeilMonoGame.csproj]
[13:27:55] [INFO] C:\Users\Redacted\Documents\LatticeVeil_project\ThirdParty\EOS\SDK\Source\Core\Helper.cs(635,27): warning CS8604: Possible null reference argument for parameter 'buffer' in 'nint Helper.AddPinnedBuffer(byte[] buffer, int offset)'. [C:\Users\Redacted\Documents\LatticeVeil_project\LatticeVeilMonoGame\LatticeVeilMonoGame.csproj]
[13:27:55] [INFO] C:\Users\Redacted\Documents\LatticeVeil_project\LatticeVeilMonoGame\Online\Eos\EosP2PSession.cs(521,84): warning CS8625: Cannot convert null literal to non-nullable reference type. [C:\Users\Redacted\Documents\LatticeVeil_project\LatticeVeilMonoGame\LatticeVeilMonoGame.csproj]
[13:27:55] [INFO] C:\Users\Redacted\Documents\LatticeVeil_project\LatticeVeilMonoGame\Online\Eos\EosP2PSession.cs(528,80): warning CS8625: Cannot convert null literal to non-nullable reference type. [C:\Users\Redacted\Documents\LatticeVeil_project\LatticeVeilMonoGame\LatticeVeilMonoGame.csproj]
[13:27:55] [INFO] C:\Users\Redacted\Documents\LatticeVeil_project\LatticeVeilMonoGame\Online\Eos\EosP2PSession.cs(536,34): warning CS8625: Cannot convert null literal to non-nullable reference type. [C:\Users\Redacted\Documents\LatticeVeil_project\LatticeVeilMonoGame\LatticeVeilMonoGame.csproj]
[13:27:55] [INFO] C:\Users\Redacted\Documents\LatticeVeil_project\LatticeVeilMonoGame\Online\Eos\EosClient.cs(509,63): warning CS8625: Cannot convert null literal to non-nullable reference type. [C:\Users\Redacted\Documents\LatticeVeil_project\LatticeVeilMonoGame\LatticeVeilMonoGame.csproj]
[13:27:55] [INFO] C:\Users\Redacted\Documents\LatticeVeil_project\LatticeVeilMonoGame\Online\Eos\EosClient.cs(542,43): warning CS8625: Cannot convert null literal to non-nullable reference type. [C:\Users\Redacted\Documents\LatticeVeil_project\LatticeVeilMonoGame\LatticeVeilMonoGame.csproj]
[13:27:55] [INFO] C:\Users\Redacted\Documents\LatticeVeil_project\LatticeVeilMonoGame\Online\Eos\EosClient.cs(573,64): warning CS8625: Cannot convert null literal to non-nullable reference type. [C:\Users\Redacted\Documents\LatticeVeil_project\LatticeVeilMonoGame\LatticeVeilMonoGame.csproj]
[13:27:55] [INFO] C:\Users\Redacted\Documents\LatticeVeil_project\LatticeVeilMonoGame\Online\Eos\EosClient.cs(608,13): warning CS8604: Possible null reference argument for parameter 'left' in 'bool Handle.operator ==(Handle left, Handle right)'. [C:\Users\Redacted\Documents\LatticeVeil_project\LatticeVeilMonoGame\LatticeVeilMonoGame.csproj]
[13:27:55] [INFO] C:\Users\Redacted\Documents\LatticeVeil_project\LatticeVeilMonoGame\Online\Eos\EosClient.cs(608,23): warning CS8625: Cannot convert null literal to non-nullable reference type. [C:\Users\Redacted\Documents\LatticeVeil_project\LatticeVeilMonoGame\LatticeVeilMonoGame.csproj]
[13:27:55] [INFO] C:\Users\Redacted\Documents\LatticeVeil_project\LatticeVeilMonoGame\Online\Eos\EosClient.cs(608,31): warning CS8604: Possible null reference argument for parameter 'left' in 'bool Handle.operator ==(Handle left, Handle right)'. [C:\Users\Redacted\Documents\LatticeVeil_project\LatticeVeilMonoGame\LatticeVeilMonoGame.csproj]
[13:27:55] [INFO] C:\Users\Redacted\Documents\LatticeVeil_project\LatticeVeilMonoGame\Online\Eos\EosClient.cs(608,47): warning CS8625: Cannot convert null literal to non-nullable reference type. [C:\Users\Redacted\Documents\LatticeVeil_project\LatticeVeilMonoGame\LatticeVeilMonoGame.csproj]
[13:27:55] [INFO] C:\Users\Redacted\Documents\LatticeVeil_project\LatticeVeilMonoGame\Online\Eos\EosP2PSession.cs(556,34): warning CS8625: Cannot convert null literal to non-nullable reference type. [C:\Users\Redacted\Documents\LatticeVeil_project\LatticeVeilMonoGame\LatticeVeilMonoGame.csproj]
[13:27:55] [INFO] C:\Users\Redacted\Documents\LatticeVeil_project\LatticeVeilMonoGame\Online\Eos\EosClient.cs(647,28): warning CS8625: Cannot convert null literal to non-nullable reference type. [C:\Users\Redacted\Documents\LatticeVeil_project\LatticeVeilMonoGame\LatticeVeilMonoGame.csproj]
[13:27:55] [INFO] C:\Users\Redacted\Documents\LatticeVeil_project\LatticeVeilMonoGame\Online\Eos\EosClient.cs(659,28): warning CS8625: Cannot convert null literal to non-nullable reference type. [C:\Users\Redacted\Documents\LatticeVeil_project\LatticeVeilMonoGame\LatticeVeilMonoGame.csproj]
[13:27:55] [INFO] C:\Users\Redacted\Documents\LatticeVeil_project\LatticeVeilMonoGame\Online\Eos\EosClient.cs(672,51): warning CS8625: Cannot convert null literal to non-nullable reference type. [C:\Users\Redacted\Documents\LatticeVeil_project\LatticeVeilMonoGame\LatticeVeilMonoGame.csproj]
[13:27:55] [INFO] C:\Users\Redacted\Documents\LatticeVeil_project\LatticeVeilMonoGame\Online\Eos\EosP2PSession.cs(1824,26): warning CS8602: Dereference of a possibly null reference. [C:\Users\Redacted\Documents\LatticeVeil_project\LatticeVeilMonoGame\LatticeVeilMonoGame.csproj]
[13:27:55] [INFO] C:\Users\Redacted\Documents\LatticeVeil_project\LatticeVeilMonoGame\Online\Eos\EosClient.cs(714,49): warning CS8625: Cannot convert null literal to non-nullable reference type. [C:\Users\Redacted\Documents\LatticeVeil_project\LatticeVeilMonoGame\LatticeVeilMonoGame.csproj]
[13:27:55] [INFO] C:\Users\Redacted\Documents\LatticeVeil_project\LatticeVeilMonoGame\Online\Eos\EosClient.cs(751,57): warning CS8625: Cannot convert null literal to non-nullable reference type. [C:\Users\Redacted\Documents\LatticeVeil_project\LatticeVeilMonoGame\LatticeVeilMonoGame.csproj]
[13:27:55] [INFO] C:\Users\Redacted\Documents\LatticeVeil_project\LatticeVeilMonoGame\Online\Eos\EosClient.cs(789,17): warning CS8604: Possible null reference argument for parameter 'left' in 'bool Handle.operator !=(Handle left, Handle right)'. [C:\Users\Redacted\Documents\LatticeVeil_project\LatticeVeilMonoGame\LatticeVeilMonoGame.csproj]
[13:27:55] [INFO] C:\Users\Redacted\Documents\LatticeVeil_project\LatticeVeilMonoGame\Online\Eos\EosClient.cs(789,33): warning CS8625: Cannot convert null literal to non-nullable reference type. [C:\Users\Redacted\Documents\LatticeVeil_project\LatticeVeilMonoGame\LatticeVeilMonoGame.csproj]
[13:27:55] [INFO] C:\Users\Redacted\Documents\LatticeVeil_project\LatticeVeilMonoGame\Online\Eos\EosClient.cs(811,51): warning CS8625: Cannot convert null literal to non-nullable reference type. [C:\Users\Redacted\Documents\LatticeVeil_project\LatticeVeilMonoGame\LatticeVeilMonoGame.csproj]
[13:27:55] [INFO] C:\Users\Redacted\Documents\LatticeVeil_project\LatticeVeilMonoGame\Online\Eos\EosClient.cs(855,63): warning CS8625: Cannot convert null literal to non-nullable reference type. [C:\Users\Redacted\Documents\LatticeVeil_project\LatticeVeilMonoGame\LatticeVeilMonoGame.csproj]
[13:27:55] [INFO] C:\Users\Redacted\Documents\LatticeVeil_project\LatticeVeilMonoGame\Online\Eos\EosClient.cs(871,43): warning CS8625: Cannot convert null literal to non-nullable reference type. [C:\Users\Redacted\Documents\LatticeVeil_project\LatticeVeilMonoGame\LatticeVeilMonoGame.csproj]
[13:27:55] [INFO] C:\Users\Redacted\Documents\LatticeVeil_project\LatticeVeilMonoGame\Online\Eos\EosP2PSession.cs(578,31): warning CS8625: Cannot convert null literal to non-nullable reference type. [C:\Users\Redacted\Documents\LatticeVeil_project\LatticeVeilMonoGame\LatticeVeilMonoGame.csproj]
[13:27:55] [INFO] C:\Users\Redacted\Documents\LatticeVeil_project\LatticeVeilMonoGame\Online\Eos\EosClient.cs(1058,13): warning CS8604: Possible null reference argument for parameter 'left' in 'bool Handle.operator ==(Handle left, Handle right)'. [C:\Users\Redacted\Documents\LatticeVeil_project\LatticeVeilMonoGame\LatticeVeilMonoGame.csproj]
[13:27:55] [INFO] C:\Users\Redacted\Documents\LatticeVeil_project\LatticeVeilMonoGame\Online\Eos\EosClient.cs(1058,21): warning CS8625: Cannot convert null literal to non-nullable reference type. [C:\Users\Redacted\Documents\LatticeVeil_project\LatticeVeilMonoGame\LatticeVeilMonoGame.csproj]
[13:27:55] [INFO] C:\Users\Redacted\Documents\LatticeVeil_project\LatticeVeilMonoGame\Online\Gate\OnlineGateClient.cs(530,99): warning CS8601: Possible null reference assignment. [C:\Users\Redacted\Documents\LatticeVeil_project\LatticeVeilMonoGame\LatticeVeilMonoGame.csproj]
[13:27:55] [INFO] C:\Users\Redacted\Documents\LatticeVeil_project\LatticeVeilMonoGame\Online\Gate\OnlineGateClient.cs(532,84): warning CS8601: Possible null reference assignment. [C:\Users\Redacted\Documents\LatticeVeil_project\LatticeVeilMonoGame\LatticeVeilMonoGame.csproj]
[13:27:55] [INFO] C:\Users\Redacted\Documents\LatticeVeil_project\LatticeVeilMonoGame\Online\Gate\OnlineGateClient.cs(534,80): warning CS8601: Possible null reference assignment. [C:\Users\Redacted\Documents\LatticeVeil_project\LatticeVeilMonoGame\LatticeVeilMonoGame.csproj]
[13:27:55] [INFO] C:\Users\Redacted\Documents\LatticeVeil_project\LatticeVeilMonoGame\Online\Gate\OnlineGateClient.cs(538,80): warning CS8601: Possible null reference assignment. [C:\Users\Redacted\Documents\LatticeVeil_project\LatticeVeilMonoGame\LatticeVeilMonoGame.csproj]
[13:27:55] [INFO] C:\Users\Redacted\Documents\LatticeVeil_project\LatticeVeilMonoGame\Online\Lan\LanSession.cs(1115,49): warning CS8604: Possible null reference argument for parameter 'reason' in 'void LanClientSession.SetDisconnectReasonOnce(string reason)'. [C:\Users\Redacted\Documents\LatticeVeil_project\LatticeVeilMonoGame\LatticeVeilMonoGame.csproj]
[13:27:55] [INFO] C:\Users\Redacted\Documents\LatticeVeil_project\LatticeVeilMonoGame\Launcher\LauncherForm.cs(2440,9): warning CS0162: Unreachable code detected [C:\Users\Redacted\Documents\LatticeVeil_project\LatticeVeilMonoGame\LatticeVeilMonoGame.csproj]
[13:27:55] [INFO] C:\Users\Redacted\Documents\LatticeVeil_project\LatticeVeilMonoGame\Online\Lan\LanSession.cs(752,30): warning CS8602: Dereference of a possibly null reference. [C:\Users\Redacted\Documents\LatticeVeil_project\LatticeVeilMonoGame\LatticeVeilMonoGame.csproj]
[13:27:55] [INFO] C:\Users\Redacted\Documents\LatticeVeil_project\LatticeVeilMonoGame\Online\Gate\OnlineGateClient.cs(1499,23): warning CS8601: Possible null reference assignment. [C:\Users\Redacted\Documents\LatticeVeil_project\LatticeVeilMonoGame\LatticeVeilMonoGame.csproj]
[13:27:55] [INFO] C:\Users\Redacted\Documents\LatticeVeil_project\ThirdParty\EOS\SDK\Source\Generated\ProductUserId.cs(117,28): warning CS8600: Converting null literal or possible null value to non-nullable type. [C:\Users\Redacted\Documents\LatticeVeil_project\LatticeVeilMonoGame\LatticeVeilMonoGame.csproj]
[13:27:55] [INFO] C:\Users\Redacted\Documents\LatticeVeil_project\ThirdParty\EOS\SDK\Source\Generated\ProductUserId.cs(119,21): warning CS8625: Cannot convert null literal to non-nullable reference type. [C:\Users\Redacted\Documents\LatticeVeil_project\LatticeVeilMonoGame\LatticeVeilMonoGame.csproj]
[13:27:55] [INFO] C:\Users\Redacted\Documents\LatticeVeil_project\ThirdParty\EOS\SDK\Source\Generated\EpicAccountId.cs(117,28): warning CS8600: Converting null literal or possible null value to non-nullable type. [C:\Users\Redacted\Documents\LatticeVeil_project\LatticeVeilMonoGame\LatticeVeilMonoGame.csproj]
[13:27:55] [INFO] C:\Users\Redacted\Documents\LatticeVeil_project\ThirdParty\EOS\SDK\Source\Generated\EpicAccountId.cs(119,21): warning CS8625: Cannot convert null literal to non-nullable reference type. [C:\Users\Redacted\Documents\LatticeVeil_project\LatticeVeilMonoGame\LatticeVeilMonoGame.csproj]
[13:27:55] [INFO] C:\Users\Redacted\Documents\LatticeVeil_project\ThirdParty\EOS\SDK\Source\Generated\ContinuanceToken.cs(72,28): warning CS8600: Converting null literal or possible null value to non-nullable type. [C:\Users\Redacted\Documents\LatticeVeil_project\LatticeVeilMonoGame\LatticeVeilMonoGame.csproj]
[13:27:55] [INFO] C:\Users\Redacted\Documents\LatticeVeil_project\ThirdParty\EOS\SDK\Source\Generated\ContinuanceToken.cs(74,28): warning CS8625: Cannot convert null literal to non-nullable reference type. [C:\Users\Redacted\Documents\LatticeVeil_project\LatticeVeilMonoGame\LatticeVeilMonoGame.csproj]
[13:27:55] [INFO] C:\Users\Redacted\Documents\LatticeVeil_project\ThirdParty\EOS\SDK\Source\Core\Utf8String.cs(118,17): warning CS8625: Cannot convert null literal to non-nullable reference type. [C:\Users\Redacted\Documents\LatticeVeil_project\LatticeVeilMonoGame\LatticeVeilMonoGame.csproj]
[13:27:55] [INFO] C:\Users\Redacted\Documents\LatticeVeil_project\ThirdParty\EOS\SDK\Source\Core\Utf8String.cs(138,17): warning CS8625: Cannot convert null literal to non-nullable reference type. [C:\Users\Redacted\Documents\LatticeVeil_project\LatticeVeilMonoGame\LatticeVeilMonoGame.csproj]
[13:27:55] [INFO] C:\Users\Redacted\Documents\LatticeVeil_project\ThirdParty\EOS\SDK\Source\Core\Utf8String.cs(176,23): warning CS8600: Converting null literal or possible null value to non-nullable type. [C:\Users\Redacted\Documents\LatticeVeil_project\LatticeVeilMonoGame\LatticeVeilMonoGame.csproj]
[13:27:55] [INFO] C:\Users\Redacted\Documents\LatticeVeil_project\ThirdParty\EOS\SDK\Source\Core\P2P\GetNextReceivedPacketSizeOptions.cs(44,27): warning CS8625: Cannot convert null literal to non-nullable reference type. [C:\Users\Redacted\Documents\LatticeVeil_project\LatticeVeilMonoGame\LatticeVeilMonoGame.csproj]
[13:27:55] [INFO] C:\Users\Redacted\Documents\LatticeVeil_project\ThirdParty\EOS\SDK\Source\Core\P2P\ReceivePacketOptions.cs(50,27): warning CS8625: Cannot convert null literal to non-nullable reference type. [C:\Users\Redacted\Documents\LatticeVeil_project\LatticeVeilMonoGame\LatticeVeilMonoGame.csproj]
[13:27:55] [INFO] C:\Users\Redacted\Documents\LatticeVeil_project\ThirdParty\EOS\SDK\Source\Core\P2P\P2PInterface.cs(37,22): warning CS8625: Cannot convert null literal to non-nullable reference type. [C:\Users\Redacted\Documents\LatticeVeil_project\LatticeVeilMonoGame\LatticeVeilMonoGame.csproj]
[13:27:55] [INFO] C:\Users\Redacted\Documents\LatticeVeil_project\LatticeVeilMonoGame\Online\Eos\EosClient.cs(59,18): warning CS0169: The field 'EosClient._silentLoginOnly' is never used [C:\Users\Redacted\Documents\LatticeVeil_project\LatticeVeilMonoGame\LatticeVeilMonoGame.csproj]
[13:27:55] [INFO] C:\Users\Redacted\Documents\LatticeVeil_project\LatticeVeilMonoGame\Online\Eos\EosClient.cs(57,18): warning CS0169: The field 'EosClient._epicLoginStarted' is never used [C:\Users\Redacted\Documents\LatticeVeil_project\LatticeVeilMonoGame\LatticeVeilMonoGame.csproj]
[13:27:55] [INFO] C:\Users\Redacted\Documents\LatticeVeil_project\LatticeVeilMonoGame\Online\Eos\EosClient.cs(54,28): warning CS0649: Field 'EosClient._epicAccountId' is never assigned to, and will always have its default value null [C:\Users\Redacted\Documents\LatticeVeil_project\LatticeVeilMonoGame\LatticeVeilMonoGame.csproj]
[13:27:55] [INFO] C:\Users\Redacted\Documents\LatticeVeil_project\LatticeVeilMonoGame\Online\Eos\EosClient.cs(55,21): warning CS0649: Field 'EosClient._epicDisplayName' is never assigned to, and will always have its default value null [C:\Users\Redacted\Documents\LatticeVeil_project\LatticeVeilMonoGame\LatticeVeilMonoGame.csproj]
[13:27:55] [INFO] C:\Users\Redacted\Documents\LatticeVeil_project\LatticeVeilMonoGame\Launcher\LauncherForm.cs(190,21): warning CS0169: The field 'LauncherForm._authTicket' is never used [C:\Users\Redacted\Documents\LatticeVeil_project\LatticeVeilMonoGame\LatticeVeilMonoGame.csproj]
[13:27:55] [INFO] C:\Users\Redacted\Documents\LatticeVeil_project\LatticeVeilMonoGame\Online\Eos\EosClient.cs(58,18): warning CS0169: The field 'EosClient._allowDeviceFallback' is never used [C:\Users\Redacted\Documents\LatticeVeil_project\LatticeVeilMonoGame\LatticeVeilMonoGame.csproj]
[13:27:55] [INFO] C:\Users\Redacted\Documents\LatticeVeil_project\LatticeVeilMonoGame\Core\SimpleMemoryManager.cs(16,25): warning CS0169: The field 'SimpleMemoryManager._totalAllocated' is never used [C:\Users\Redacted\Documents\LatticeVeil_project\LatticeVeilMonoGame\LatticeVeilMonoGame.csproj]
[13:27:55] [INFO] C:\Users\Redacted\Documents\LatticeVeil_project\LatticeVeilMonoGame\UI\Screens\GameWorldScreen.cs(195,18): warning CS0169: The field 'GameWorldScreen._handoffFullStack' is never used [C:\Users\Redacted\Documents\LatticeVeil_project\LatticeVeilMonoGame\LatticeVeilMonoGame.csproj]
[13:27:55] [INFO] C:\Users\Redacted\Documents\LatticeVeil_project\LatticeVeilMonoGame\Launcher\LauncherForm.cs(154,18): warning CS0169: The field 'LauncherForm._nameEditInProgress' is never used [C:\Users\Redacted\Documents\LatticeVeil_project\LatticeVeilMonoGame\LatticeVeilMonoGame.csproj]
[13:27:55] [INFO] C:\Users\Redacted\Documents\LatticeVeil_project\LatticeVeilMonoGame\UI\Screens\GameWorldScreen.cs(329,18): warning CS0414: The field 'GameWorldScreen._pendingHostedOnlineShareAnnouncement' is assigned but its value is never used [C:\Users\Redacted\Documents\LatticeVeil_project\LatticeVeilMonoGame\LatticeVeilMonoGame.csproj]
[13:27:55] [INFO] C:\Users\Redacted\Documents\LatticeVeil_project\LatticeVeilMonoGame\UI\Screens\CreateWorldScreen.cs(58,18): warning CS0414: The field 'CreateWorldScreen._moreWorldOptionsOpen' is assigned but its value is never used [C:\Users\Redacted\Documents\LatticeVeil_project\LatticeVeilMonoGame\LatticeVeilMonoGame.csproj]
[13:27:55] [INFO] C:\Users\Redacted\Documents\LatticeVeil_project\LatticeVeilMonoGame\UI\Screens\ProfileScreen.cs(114,18): warning CS0414: The field 'ProfileScreen._lastVeilnetSyncOk' is assigned but its value is never used [C:\Users\Redacted\Documents\LatticeVeil_project\LatticeVeilMonoGame\LatticeVeilMonoGame.csproj]
[13:27:55] [INFO] C:\Users\Redacted\Documents\LatticeVeil_project\LatticeVeilMonoGame\Online\Gate\OnlineGateClient.cs(175,20): warning CS0414: The field 'OnlineGateClient._status' is assigned but its value is never used [C:\Users\Redacted\Documents\LatticeVeil_project\LatticeVeilMonoGame\LatticeVeilMonoGame.csproj]
[13:27:55] [ERROR] Task failed: dotnet exited with code 1
[13:27:55] [ERROR] at Invoke-External, C:\Users\Redacted\Documents\LatticeVeil_project\BuildGUI.ps1: line 373
at <ScriptBlock>, C:\Users\Redacted\Documents\LatticeVeil_project\BuildGUI.ps1: line 973
at Run-Task, C:\Users\Redacted\Documents\LatticeVeil_project\BuildGUI.ps1: line 805
at <ScriptBlock>, C:\Users\Redacted\Documents\LatticeVeil_project\BuildGUI.ps1: line 965
at <ScriptBlock>, C:\Users\Redacted\Documents\LatticeVeil_project\BuildGUI.ps1: line 1148
at <ScriptBlock>, <No file>: line 1
[13:29:20] [INFO] Build GUI initialized.
[13:29:20] [INFO] Project root: C:\Users\Redacted\Documents\LatticeVeil_project
[13:29:20] [INFO] DEV final EXE folder: C:\Users\Redacted\Documents\LatticeVeil_project\DEV
[13:29:20] [INFO] RELEASE final EXE folder: C:\Users\Redacted\Documents\LatticeVeil_project\RELEASE
[13:29:20] [INFO] Logs: C:\Users\Redacted\Documents\LatticeVeil_project\.builder\logs\build-gui-20260221.log
[13:29:21] [INFO] Starting: Clean Outputs
[13:29:22] [INFO] Cleaning bin/obj folders...
[13:29:22] [INFO] Removed: C:\Users\Redacted\Documents\LatticeVeil_project\LatticeVeilMonoGame\bin
[13:29:22] [INFO] Removed: C:\Users\Redacted\Documents\LatticeVeil_project\LatticeVeilMonoGame\obj
[13:29:22] [INFO] Clean complete (DEV/RELEASE folders preserved)
[13:29:22] [INFO] Done: Clean Outputs
[13:29:23] [INFO] Starting: DEV Publish Only
[13:29:23] [INFO] BuildNonce: 20260221132923296-e237e4192c
[13:29:23] [INFO] Cleaning bin/obj folders...
[13:29:23] [INFO] Clean complete (DEV/RELEASE folders preserved)
[13:29:23] [INFO] Running: dotnet restore C:\Users\Redacted\Documents\LatticeVeil_project\LatticeVeilMonoGame\LatticeVeilMonoGame.csproj
[13:29:26] [INFO]   Determining projects to restore...
[13:29:26] [INFO]   Restored C:\Users\Redacted\Documents\LatticeVeil_project\LatticeVeilMonoGame\LatticeVeilMonoGame.csproj (in 674 ms).
[13:29:26] [INFO] Running: dotnet publish C:\Users\Redacted\Documents\LatticeVeil_project\LatticeVeilMonoGame\LatticeVeilMonoGame.csproj --configuration Debug -r win-x64 --self-contained true -p:PublishSingleFile=true -p:IncludeNativeLibrariesForSelfExtract=true -p:IncludeAllContentForSelfExtract=true -p:BuildNonce=20260221132923296-e237e4192c
[13:29:37] [INFO]   Determining projects to restore...
[13:29:37] [INFO]   All projects are up-to-date for restore.
[13:29:37] [INFO] C:\Users\Redacted\Documents\LatticeVeil_project\ThirdParty\EOS\SDK\Source\Core\Handle.cs(49,24): warning CS8765: Nullability of type of parameter 'obj' doesn't match overridden member (possibly because of nullability attributes). [C:\Users\Redacted\Documents\LatticeVeil_project\LatticeVeilMonoGame\LatticeVeilMonoGame.csproj]
[13:29:37] [INFO] C:\Users\Redacted\Documents\LatticeVeil_project\ThirdParty\EOS\SDK\Source\Core\Handle.cs(59,15): warning CS8767: Nullability of reference types in type of parameter 'other' of 'bool Handle.Equals(Handle other)' doesn't match implicitly implemented member 'bool IEquatable<Handle>.Equals(Handle? other)' (possibly because of nullability attributes). [C:\Users\Redacted\Documents\LatticeVeil_project\LatticeVeilMonoGame\LatticeVeilMonoGame.csproj]
[13:29:37] [INFO] C:\Users\Redacted\Documents\LatticeVeil_project\ThirdParty\EOS\SDK\Source\Core\Handle.cs(84,25): warning CS8767: Nullability of reference types in type of parameter 'format' of 'string Handle.ToString(string format, IFormatProvider formatProvider)' doesn't match implicitly implemented member 'string IFormattable.ToString(string? format, IFormatProvider? formatProvider)' (possibly because of nullability attributes). [C:\Users\Redacted\Documents\LatticeVeil_project\LatticeVeilMonoGame\LatticeVeilMonoGame.csproj]
[13:29:37] [INFO] C:\Users\Redacted\Documents\LatticeVeil_project\ThirdParty\EOS\SDK\Source\Core\Handle.cs(84,25): warning CS8767: Nullability of reference types in type of parameter 'formatProvider' of 'string Handle.ToString(string format, IFormatProvider formatProvider)' doesn't match implicitly implemented member 'string IFormattable.ToString(string? format, IFormatProvider? formatProvider)' (possibly because of nullability attributes). [C:\Users\Redacted\Documents\LatticeVeil_project\LatticeVeilMonoGame\LatticeVeilMonoGame.csproj]
[13:29:37] [INFO] C:\Users\Redacted\Documents\LatticeVeil_project\ThirdParty\EOS\SDK\Source\Core\Utf8String.cs(174,24): warning CS8765: Nullability of type of parameter 'obj' doesn't match overridden member (possibly because of nullability attributes). [C:\Users\Redacted\Documents\LatticeVeil_project\LatticeVeilMonoGame\LatticeVeilMonoGame.csproj]
[13:29:37] [INFO] C:\Users\Redacted\Documents\LatticeVeil_project\ThirdParty\EOS\SDK\Source\Core\CallbackHelper.cs(36,56): warning CS8600: Converting null literal or possible null value to non-nullable type. [C:\Users\Redacted\Documents\LatticeVeil_project\LatticeVeilMonoGame\LatticeVeilMonoGame.csproj]
[13:29:37] [INFO] C:\Users\Redacted\Documents\LatticeVeil_project\ThirdParty\EOS\SDK\Source\Generated\Common.cs(22,51): warning CS8600: Converting null literal or possible null value to non-nullable type. [C:\Users\Redacted\Documents\LatticeVeil_project\LatticeVeilMonoGame\LatticeVeilMonoGame.csproj]
[13:29:37] [INFO] C:\Users\Redacted\Documents\LatticeVeil_project\ThirdParty\EOS\SDK\Source\Generated\Common.cs(22,51): warning CS8625: Cannot convert null literal to non-nullable reference type. [C:\Users\Redacted\Documents\LatticeVeil_project\LatticeVeilMonoGame\LatticeVeilMonoGame.csproj]
[13:29:37] [INFO] C:\Users\Redacted\Documents\LatticeVeil_project\ThirdParty\EOS\SDK\Source\Core\CallbackHelper.cs(75,15): warning CS8625: Cannot convert null literal to non-nullable reference type. [C:\Users\Redacted\Documents\LatticeVeil_project\LatticeVeilMonoGame\LatticeVeilMonoGame.csproj]
[13:29:37] [INFO] C:\Users\Redacted\Documents\LatticeVeil_project\ThirdParty\EOS\SDK\Source\Core\CallbackHelper.cs(80,56): warning CS8600: Converting null literal or possible null value to non-nullable type. [C:\Users\Redacted\Documents\LatticeVeil_project\LatticeVeilMonoGame\LatticeVeilMonoGame.csproj]
[13:29:37] [INFO] C:\Users\Redacted\Documents\LatticeVeil_project\ThirdParty\EOS\SDK\Source\Core\CallbackHelper.cs(82,17): warning CS8601: Possible null reference assignment. [C:\Users\Redacted\Documents\LatticeVeil_project\LatticeVeilMonoGame\LatticeVeilMonoGame.csproj]
[13:29:37] [INFO] C:\Users\Redacted\Documents\LatticeVeil_project\ThirdParty\EOS\SDK\Source\Core\CallbackHelper.cs(109,15): warning CS8625: Cannot convert null literal to non-nullable reference type. [C:\Users\Redacted\Documents\LatticeVeil_project\LatticeVeilMonoGame\LatticeVeilMonoGame.csproj]
[13:29:37] [INFO] C:\Users\Redacted\Documents\LatticeVeil_project\ThirdParty\EOS\SDK\Source\Core\CallbackHelper.cs(115,56): warning CS8600: Converting null literal or possible null value to non-nullable type. [C:\Users\Redacted\Documents\LatticeVeil_project\LatticeVeilMonoGame\LatticeVeilMonoGame.csproj]
[13:29:37] [INFO] C:\Users\Redacted\Documents\LatticeVeil_project\ThirdParty\EOS\SDK\Source\Core\CallbackHelper.cs(117,17): warning CS8601: Possible null reference assignment. [C:\Users\Redacted\Documents\LatticeVeil_project\LatticeVeilMonoGame\LatticeVeilMonoGame.csproj]
[13:29:37] [INFO] C:\Users\Redacted\Documents\LatticeVeil_project\ThirdParty\EOS\SDK\Source\Core\CallbackHelper.cs(130,82): warning CS8629: Nullable value type may be null. [C:\Users\Redacted\Documents\LatticeVeil_project\LatticeVeilMonoGame\LatticeVeilMonoGame.csproj]
[13:29:37] [INFO] C:\Users\Redacted\Documents\LatticeVeil_project\ThirdParty\EOS\SDK\Source\Core\CallbackHelper.cs(159,15): warning CS8625: Cannot convert null literal to non-nullable reference type. [C:\Users\Redacted\Documents\LatticeVeil_project\LatticeVeilMonoGame\LatticeVeilMonoGame.csproj]
[13:29:37] [INFO] C:\Users\Redacted\Documents\LatticeVeil_project\ThirdParty\EOS\SDK\Source\Core\CallbackHelper.cs(163,56): warning CS8600: Converting null literal or possible null value to non-nullable type. [C:\Users\Redacted\Documents\LatticeVeil_project\LatticeVeilMonoGame\LatticeVeilMonoGame.csproj]
[13:29:37] [INFO] C:\Users\Redacted\Documents\LatticeVeil_project\ThirdParty\EOS\SDK\Source\Core\CallbackHelper.cs(165,17): warning CS8601: Possible null reference assignment. [C:\Users\Redacted\Documents\LatticeVeil_project\LatticeVeilMonoGame\LatticeVeilMonoGame.csproj]
[13:29:37] [INFO] C:\Users\Redacted\Documents\LatticeVeil_project\ThirdParty\EOS\SDK\Source\Core\CallbackHelper.cs(217,15): warning CS8625: Cannot convert null literal to non-nullable reference type. [C:\Users\Redacted\Documents\LatticeVeil_project\LatticeVeilMonoGame\LatticeVeilMonoGame.csproj]
[13:29:37] [INFO] C:\Users\Redacted\Documents\LatticeVeil_project\ThirdParty\EOS\SDK\Source\Core\CallbackHelper.cs(222,48): warning CS8600: Converting null literal or possible null value to non-nullable type. [C:\Users\Redacted\Documents\LatticeVeil_project\LatticeVeilMonoGame\LatticeVeilMonoGame.csproj]
[13:29:37] [INFO] C:\Users\Redacted\Documents\LatticeVeil_project\ThirdParty\EOS\SDK\Source\Core\CallbackHelper.cs(224,17): warning CS8601: Possible null reference assignment. [C:\Users\Redacted\Documents\LatticeVeil_project\LatticeVeilMonoGame\LatticeVeilMonoGame.csproj]
[13:29:37] [INFO] C:\Users\Redacted\Documents\LatticeVeil_project\ThirdParty\EOS\SDK\Source\Core\CallbackHelper.cs(251,56): warning CS8600: Converting null literal or possible null value to non-nullable type. [C:\Users\Redacted\Documents\LatticeVeil_project\LatticeVeilMonoGame\LatticeVeilMonoGame.csproj]
[13:29:37] [INFO] C:\Users\Redacted\Documents\LatticeVeil_project\ThirdParty\EOS\SDK\Source\Core\CallbackHelper.cs(296,54): warning CS8600: Converting null literal or possible null value to non-nullable type. [C:\Users\Redacted\Documents\LatticeVeil_project\LatticeVeilMonoGame\LatticeVeilMonoGame.csproj]
[13:29:37] [INFO] C:\Users\Redacted\Documents\LatticeVeil_project\ThirdParty\EOS\SDK\Source\Core\ConvertHelper.cs(20,9): warning CS8625: Cannot convert null literal to non-nullable reference type. [C:\Users\Redacted\Documents\LatticeVeil_project\LatticeVeilMonoGame\LatticeVeilMonoGame.csproj]
[13:29:37] [INFO] C:\Users\Redacted\Documents\LatticeVeil_project\ThirdParty\EOS\SDK\Source\Core\ConvertHelper.cs(38,16): warning CS8625: Cannot convert null literal to non-nullable reference type. [C:\Users\Redacted\Documents\LatticeVeil_project\LatticeVeilMonoGame\LatticeVeilMonoGame.csproj]
[13:29:37] [INFO] C:\Users\Redacted\Documents\LatticeVeil_project\LatticeVeilMonoGame\Program.cs(271,37): error CS0246: The type or namespace name 'CrashReportForm' could not be found (are you missing a using directive or an assembly reference?) [C:\Users\Redacted\Documents\LatticeVeil_project\LatticeVeilMonoGame\LatticeVeilMonoGame.csproj]
[13:29:37] [INFO] C:\Users\Redacted\Documents\LatticeVeil_project\LatticeVeilMonoGame\Program.cs(335,33): error CS0246: The type or namespace name 'CrashReportForm' could not be found (are you missing a using directive or an assembly reference?) [C:\Users\Redacted\Documents\LatticeVeil_project\LatticeVeilMonoGame\LatticeVeilMonoGame.csproj]
[13:29:37] [INFO] C:\Users\Redacted\Documents\LatticeVeil_project\ThirdParty\EOS\SDK\Source\Core\ConvertHelper.cs(51,9): warning CS8625: Cannot convert null literal to non-nullable reference type. [C:\Users\Redacted\Documents\LatticeVeil_project\LatticeVeilMonoGame\LatticeVeilMonoGame.csproj]
[13:29:37] [INFO] C:\Users\Redacted\Documents\LatticeVeil_project\LatticeVeilMonoGame\Online\Eos\EosClient.cs(106,59): warning CS8604: Possible null reference argument for parameter 'left' in 'bool Handle.operator !=(Handle left, Handle right)'. [C:\Users\Redacted\Documents\LatticeVeil_project\LatticeVeilMonoGame\LatticeVeilMonoGame.csproj]
[13:29:37] [INFO] C:\Users\Redacted\Documents\LatticeVeil_project\LatticeVeilMonoGame\Online\Eos\EosClient.cs(106,75): warning CS8625: Cannot convert null literal to non-nullable reference type. [C:\Users\Redacted\Documents\LatticeVeil_project\LatticeVeilMonoGame\LatticeVeilMonoGame.csproj]
[13:29:37] [INFO] C:\Users\Redacted\Documents\LatticeVeil_project\LatticeVeilMonoGame\Online\Eos\EosClient.cs(107,63): warning CS8604: Possible null reference argument for parameter 'left' in 'bool Handle.operator !=(Handle left, Handle right)'. [C:\Users\Redacted\Documents\LatticeVeil_project\LatticeVeilMonoGame\LatticeVeilMonoGame.csproj]
[13:29:37] [INFO] C:\Users\Redacted\Documents\LatticeVeil_project\LatticeVeilMonoGame\Online\Eos\EosClient.cs(107,81): warning CS8625: Cannot convert null literal to non-nullable reference type. [C:\Users\Redacted\Documents\LatticeVeil_project\LatticeVeilMonoGame\LatticeVeilMonoGame.csproj]
[13:29:37] [INFO] C:\Users\Redacted\Documents\LatticeVeil_project\LatticeVeilMonoGame\Online\Eos\EosClient.cs(125,30): warning CS8625: Cannot convert null literal to non-nullable reference type. [C:\Users\Redacted\Documents\LatticeVeil_project\LatticeVeilMonoGame\LatticeVeilMonoGame.csproj]
[13:29:37] [INFO] C:\Users\Redacted\Documents\LatticeVeil_project\LatticeVeilMonoGame\Online\Eos\EosClient.cs(159,13): warning CS8604: Possible null reference argument for parameter 'left' in 'bool Handle.operator ==(Handle left, Handle right)'. [C:\Users\Redacted\Documents\LatticeVeil_project\LatticeVeilMonoGame\LatticeVeilMonoGame.csproj]
[13:29:37] [INFO] C:\Users\Redacted\Documents\LatticeVeil_project\LatticeVeilMonoGame\Online\Eos\EosClient.cs(159,25): warning CS8625: Cannot convert null literal to non-nullable reference type. [C:\Users\Redacted\Documents\LatticeVeil_project\LatticeVeilMonoGame\LatticeVeilMonoGame.csproj]
[13:29:37] [INFO] C:\Users\Redacted\Documents\LatticeVeil_project\LatticeVeilMonoGame\Online\Eos\EosClient.cs(173,50): warning CS8625: Cannot convert null literal to non-nullable reference type. [C:\Users\Redacted\Documents\LatticeVeil_project\LatticeVeilMonoGame\LatticeVeilMonoGame.csproj]
[13:29:37] [INFO] C:\Users\Redacted\Documents\LatticeVeil_project\LatticeVeilMonoGame\Online\Eos\EosClient.cs(203,13): warning CS8604: Possible null reference argument for parameter 'left' in 'bool Handle.operator ==(Handle left, Handle right)'. [C:\Users\Redacted\Documents\LatticeVeil_project\LatticeVeilMonoGame\LatticeVeilMonoGame.csproj]
[13:29:37] [INFO] C:\Users\Redacted\Documents\LatticeVeil_project\LatticeVeilMonoGame\Online\Eos\EosClient.cs(203,25): warning CS8625: Cannot convert null literal to non-nullable reference type. [C:\Users\Redacted\Documents\LatticeVeil_project\LatticeVeilMonoGame\LatticeVeilMonoGame.csproj]
[13:29:37] [INFO] C:\Users\Redacted\Documents\LatticeVeil_project\LatticeVeilMonoGame\Online\Eos\EosClient.cs(205,59): warning CS8625: Cannot convert null literal to non-nullable reference type. [C:\Users\Redacted\Documents\LatticeVeil_project\LatticeVeilMonoGame\LatticeVeilMonoGame.csproj]
[13:29:37] [INFO] C:\Users\Redacted\Documents\LatticeVeil_project\ThirdParty\EOS\SDK\Source\Core\GetHelper.cs(123,9): warning CS8625: Cannot convert null literal to non-nullable reference type. [C:\Users\Redacted\Documents\LatticeVeil_project\LatticeVeilMonoGame\LatticeVeilMonoGame.csproj]
[13:29:37] [INFO] C:\Users\Redacted\Documents\LatticeVeil_project\LatticeVeilMonoGame\Online\Eos\EosClient.cs(227,13): warning CS8604: Possible null reference argument for parameter 'left' in 'bool Handle.operator ==(Handle left, Handle right)'. [C:\Users\Redacted\Documents\LatticeVeil_project\LatticeVeilMonoGame\LatticeVeilMonoGame.csproj]
[13:29:38] [INFO] C:\Users\Redacted\Documents\LatticeVeil_project\LatticeVeilMonoGame\Online\Eos\EosClient.cs(227,26): warning CS8625: Cannot convert null literal to non-nullable reference type. [C:\Users\Redacted\Documents\LatticeVeil_project\LatticeVeilMonoGame\LatticeVeilMonoGame.csproj]
[13:29:38] [INFO] C:\Users\Redacted\Documents\LatticeVeil_project\LatticeVeilMonoGame\Online\Eos\EosClient.cs(227,34): warning CS8604: Possible null reference argument for parameter 'left' in 'bool Handle.operator ==(Handle left, Handle right)'. [C:\Users\Redacted\Documents\LatticeVeil_project\LatticeVeilMonoGame\LatticeVeilMonoGame.csproj]
[13:29:38] [INFO] C:\Users\Redacted\Documents\LatticeVeil_project\LatticeVeilMonoGame\Online\Eos\EosClient.cs(227,50): warning CS8625: Cannot convert null literal to non-nullable reference type. [C:\Users\Redacted\Documents\LatticeVeil_project\LatticeVeilMonoGame\LatticeVeilMonoGame.csproj]
[13:29:38] [INFO] C:\Users\Redacted\Documents\LatticeVeil_project\LatticeVeilMonoGame\Online\Eos\EosClient.cs(230,13): warning CS8604: Possible null reference argument for parameter 'left' in 'bool Handle.operator ==(Handle left, Handle right)'. [C:\Users\Redacted\Documents\LatticeVeil_project\LatticeVeilMonoGame\LatticeVeilMonoGame.csproj]
[13:29:38] [INFO] C:\Users\Redacted\Documents\LatticeVeil_project\LatticeVeilMonoGame\Online\Eos\EosClient.cs(230,31): warning CS8625: Cannot convert null literal to non-nullable reference type. [C:\Users\Redacted\Documents\LatticeVeil_project\LatticeVeilMonoGame\LatticeVeilMonoGame.csproj]
[13:29:38] [INFO] C:\Users\Redacted\Documents\LatticeVeil_project\LatticeVeilMonoGame\Online\Eos\EosClient.cs(234,20): warning CS8625: Cannot convert null literal to non-nullable reference type. [C:\Users\Redacted\Documents\LatticeVeil_project\LatticeVeilMonoGame\LatticeVeilMonoGame.csproj]
[13:29:38] [INFO] C:\Users\Redacted\Documents\LatticeVeil_project\LatticeVeilMonoGame\Online\Eos\EosClient.cs(245,62): warning CS8625: Cannot convert null literal to non-nullable reference type. [C:\Users\Redacted\Documents\LatticeVeil_project\LatticeVeilMonoGame\LatticeVeilMonoGame.csproj]
[13:29:38] [INFO] C:\Users\Redacted\Documents\LatticeVeil_project\LatticeVeilMonoGame\Online\Eos\EosP2PSession.cs(84,13): warning CS8604: Possible null reference argument for parameter 'left' in 'bool Handle.operator ==(Handle left, Handle right)'. [C:\Users\Redacted\Documents\LatticeVeil_project\LatticeVeilMonoGame\LatticeVeilMonoGame.csproj]
[13:29:38] [INFO] C:\Users\Redacted\Documents\LatticeVeil_project\LatticeVeilMonoGame\Online\Eos\EosP2PSession.cs(84,39): warning CS8625: Cannot convert null literal to non-nullable reference type. [C:\Users\Redacted\Documents\LatticeVeil_project\LatticeVeilMonoGame\LatticeVeilMonoGame.csproj]
[13:29:38] [INFO] C:\Users\Redacted\Documents\LatticeVeil_project\LatticeVeilMonoGame\Online\Eos\EosP2PSession.cs(84,47): warning CS8604: Possible null reference argument for parameter 'left' in 'bool Handle.operator ==(Handle left, Handle right)'. [C:\Users\Redacted\Documents\LatticeVeil_project\LatticeVeilMonoGame\LatticeVeilMonoGame.csproj]
[13:29:38] [INFO] C:\Users\Redacted\Documents\LatticeVeil_project\LatticeVeilMonoGame\Online\Eos\EosP2PSession.cs(84,85): warning CS8625: Cannot convert null literal to non-nullable reference type. [C:\Users\Redacted\Documents\LatticeVeil_project\LatticeVeilMonoGame\LatticeVeilMonoGame.csproj]
[13:29:38] [INFO] C:\Users\Redacted\Documents\LatticeVeil_project\ThirdParty\EOS\SDK\Source\Core\Helper.cs(127,18): warning CS8604: Possible null reference argument for parameter 'source' in 'void Marshal.Copy(byte[] source, int startIndex, nint destination, int length)'. [C:\Users\Redacted\Documents\LatticeVeil_project\LatticeVeilMonoGame\LatticeVeilMonoGame.csproj]
[13:29:38] [INFO] C:\Users\Redacted\Documents\LatticeVeil_project\ThirdParty\EOS\SDK\Source\Core\Helper.cs(178,13): warning CS8601: Possible null reference assignment. [C:\Users\Redacted\Documents\LatticeVeil_project\LatticeVeilMonoGame\LatticeVeilMonoGame.csproj]
[13:29:38] [INFO] C:\Users\Redacted\Documents\LatticeVeil_project\ThirdParty\EOS\SDK\Source\Core\Helper.cs(202,13): warning CS8600: Converting null literal or possible null value to non-nullable type. [C:\Users\Redacted\Documents\LatticeVeil_project\LatticeVeilMonoGame\LatticeVeilMonoGame.csproj]
[13:29:38] [INFO] C:\Users\Redacted\Documents\LatticeVeil_project\ThirdParty\EOS\SDK\Source\Core\Helper.cs(202,13): warning CS8601: Possible null reference assignment. [C:\Users\Redacted\Documents\LatticeVeil_project\LatticeVeilMonoGame\LatticeVeilMonoGame.csproj]
[13:29:38] [INFO] C:\Users\Redacted\Documents\LatticeVeil_project\ThirdParty\EOS\SDK\Source\Core\Helper.cs(235,14): warning CS8605: Unboxing a possibly null value. [C:\Users\Redacted\Documents\LatticeVeil_project\LatticeVeilMonoGame\LatticeVeilMonoGame.csproj]
[13:29:38] [INFO] C:\Users\Redacted\Documents\LatticeVeil_project\ThirdParty\EOS\SDK\Source\Core\Handle.cs(51,18): warning CS8604: Possible null reference argument for parameter 'other' in 'bool Handle.Equals(Handle other)'. [C:\Users\Redacted\Documents\LatticeVeil_project\LatticeVeilMonoGame\LatticeVeilMonoGame.csproj]
[13:29:38] [INFO] C:\Users\Redacted\Documents\LatticeVeil_project\ThirdParty\EOS\SDK\Source\Core\Helper.cs(246,13): warning CS8625: Cannot convert null literal to non-nullable reference type. [C:\Users\Redacted\Documents\LatticeVeil_project\LatticeVeilMonoGame\LatticeVeilMonoGame.csproj]
[13:29:38] [INFO] C:\Users\Redacted\Documents\LatticeVeil_project\ThirdParty\EOS\SDK\Source\Core\Helper.cs(265,17): warning CS8601: Possible null reference assignment. [C:\Users\Redacted\Documents\LatticeVeil_project\LatticeVeilMonoGame\LatticeVeilMonoGame.csproj]
[13:29:38] [INFO] C:\Users\Redacted\Documents\LatticeVeil_project\ThirdParty\EOS\SDK\Source\Core\Helper.cs(297,9): warning CS8625: Cannot convert null literal to non-nullable reference type. [C:\Users\Redacted\Documents\LatticeVeil_project\LatticeVeilMonoGame\LatticeVeilMonoGame.csproj]
[13:29:38] [INFO] C:\Users\Redacted\Documents\LatticeVeil_project\ThirdParty\EOS\SDK\Source\Core\Helper.cs(315,13): warning CS8601: Possible null reference assignment. [C:\Users\Redacted\Documents\LatticeVeil_project\LatticeVeilMonoGame\LatticeVeilMonoGame.csproj]
[13:29:38] [INFO] C:\Users\Redacted\Documents\LatticeVeil_project\ThirdParty\EOS\SDK\Source\Core\Helper.cs(369,13): warning CS8625: Cannot convert null literal to non-nullable reference type. [C:\Users\Redacted\Documents\LatticeVeil_project\LatticeVeilMonoGame\LatticeVeilMonoGame.csproj]
[13:29:38] [INFO] C:\Users\Redacted\Documents\LatticeVeil_project\ThirdParty\EOS\SDK\Source\Core\Helper.cs(398,66): warning CS8625: Cannot convert null literal to non-nullable reference type. [C:\Users\Redacted\Documents\LatticeVeil_project\LatticeVeilMonoGame\LatticeVeilMonoGame.csproj]
[13:29:38] [INFO] C:\Users\Redacted\Documents\LatticeVeil_project\LatticeVeilMonoGame\Online\Eos\EosClient.cs(387,47): warning CS8604: Possible null reference argument for parameter 'left' in 'bool Handle.operator ==(Handle left, Handle right)'. [C:\Users\Redacted\Documents\LatticeVeil_project\LatticeVeilMonoGame\LatticeVeilMonoGame.csproj]
[13:29:38] [INFO] C:\Users\Redacted\Documents\LatticeVeil_project\LatticeVeilMonoGame\Online\Eos\EosClient.cs(387,58): warning CS8625: Cannot convert null literal to non-nullable reference type. [C:\Users\Redacted\Documents\LatticeVeil_project\LatticeVeilMonoGame\LatticeVeilMonoGame.csproj]
[13:29:38] [INFO] C:\Users\Redacted\Documents\LatticeVeil_project\LatticeVeilMonoGame\Online\Eos\EosClient.cs(411,47): warning CS8625: Cannot convert null literal to non-nullable reference type. [C:\Users\Redacted\Documents\LatticeVeil_project\LatticeVeilMonoGame\LatticeVeilMonoGame.csproj]
[13:29:38] [INFO] C:\Users\Redacted\Documents\LatticeVeil_project\LatticeVeilMonoGame\Online\Eos\EosP2PSession.cs(521,84): warning CS8625: Cannot convert null literal to non-nullable reference type. [C:\Users\Redacted\Documents\LatticeVeil_project\LatticeVeilMonoGame\LatticeVeilMonoGame.csproj]
[13:29:38] [INFO] C:\Users\Redacted\Documents\LatticeVeil_project\LatticeVeilMonoGame\Online\Eos\EosP2PSession.cs(528,80): warning CS8625: Cannot convert null literal to non-nullable reference type. [C:\Users\Redacted\Documents\LatticeVeil_project\LatticeVeilMonoGame\LatticeVeilMonoGame.csproj]
[13:29:38] [INFO] C:\Users\Redacted\Documents\LatticeVeil_project\LatticeVeilMonoGame\Online\Eos\EosClient.cs(452,45): warning CS8625: Cannot convert null literal to non-nullable reference type. [C:\Users\Redacted\Documents\LatticeVeil_project\LatticeVeilMonoGame\LatticeVeilMonoGame.csproj]
[13:29:38] [INFO] C:\Users\Redacted\Documents\LatticeVeil_project\ThirdParty\EOS\SDK\Source\Core\Helper.cs(466,16): warning CS8600: Converting null literal or possible null value to non-nullable type. [C:\Users\Redacted\Documents\LatticeVeil_project\LatticeVeilMonoGame\LatticeVeilMonoGame.csproj]
[13:29:38] [INFO] C:\Users\Redacted\Documents\LatticeVeil_project\ThirdParty\EOS\SDK\Source\Core\Helper.cs(473,52): warning CS8600: Converting null literal or possible null value to non-nullable type. [C:\Users\Redacted\Documents\LatticeVeil_project\LatticeVeilMonoGame\LatticeVeilMonoGame.csproj]
[13:29:38] [INFO] C:\Users\Redacted\Documents\LatticeVeil_project\ThirdParty\EOS\SDK\Source\Core\Helper.cs(473,40): warning CS8600: Converting null literal or possible null value to non-nullable type. [C:\Users\Redacted\Documents\LatticeVeil_project\LatticeVeilMonoGame\LatticeVeilMonoGame.csproj]
[13:29:38] [INFO] C:\Users\Redacted\Documents\LatticeVeil_project\ThirdParty\EOS\SDK\Source\Core\Helper.cs(473,40): warning CS8604: Possible null reference argument for parameter 'str' in 'nint Helper.AddPinnedBuffer(Utf8String str)'. [C:\Users\Redacted\Documents\LatticeVeil_project\LatticeVeilMonoGame\LatticeVeilMonoGame.csproj]
[13:29:38] [INFO] C:\Users\Redacted\Documents\LatticeVeil_project\ThirdParty\EOS\SDK\Source\Core\Helper.cs(491,23): warning CS8600: Converting null literal or possible null value to non-nullable type. [C:\Users\Redacted\Documents\LatticeVeil_project\LatticeVeilMonoGame\LatticeVeilMonoGame.csproj]
[13:29:38] [INFO] C:\Users\Redacted\Documents\LatticeVeil_project\ThirdParty\EOS\SDK\Source\Core\Helper.cs(491,15): warning CS8600: Converting null literal or possible null value to non-nullable type. [C:\Users\Redacted\Documents\LatticeVeil_project\LatticeVeilMonoGame\LatticeVeilMonoGame.csproj]
[13:29:38] [INFO] C:\Users\Redacted\Documents\LatticeVeil_project\ThirdParty\EOS\SDK\Source\Core\Helper.cs(491,15): warning CS8604: Possible null reference argument for parameter 'from' in 'void Helper.Convert(Handle from, out nint to)'. [C:\Users\Redacted\Documents\LatticeVeil_project\LatticeVeilMonoGame\LatticeVeilMonoGame.csproj]
[13:29:38] [INFO] C:\Users\Redacted\Documents\LatticeVeil_project\ThirdParty\EOS\SDK\Source\Core\Helper.cs(496,30): warning CS8604: Possible null reference argument for parameter 'structure' in 'void Marshal.StructureToPtr<T?>(T? structure, nint ptr, bool fDeleteOld)'. [C:\Users\Redacted\Documents\LatticeVeil_project\LatticeVeilMonoGame\LatticeVeilMonoGame.csproj]
[13:29:38] [INFO] C:\Users\Redacted\Documents\LatticeVeil_project\LatticeVeilMonoGame\Online\Eos\EosP2PSession.cs(536,34): warning CS8625: Cannot convert null literal to non-nullable reference type. [C:\Users\Redacted\Documents\LatticeVeil_project\LatticeVeilMonoGame\LatticeVeilMonoGame.csproj]
[13:29:38] [INFO] C:\Users\Redacted\Documents\LatticeVeil_project\LatticeVeilMonoGame\Online\Eos\EosP2PSession.cs(556,34): warning CS8625: Cannot convert null literal to non-nullable reference type. [C:\Users\Redacted\Documents\LatticeVeil_project\LatticeVeilMonoGame\LatticeVeilMonoGame.csproj]
[13:29:38] [INFO] C:\Users\Redacted\Documents\LatticeVeil_project\ThirdParty\EOS\SDK\Source\Core\Helper.cs(526,50): warning CS8602: Dereference of a possibly null reference. [C:\Users\Redacted\Documents\LatticeVeil_project\LatticeVeilMonoGame\LatticeVeilMonoGame.csproj]
[13:29:38] [INFO] C:\Users\Redacted\Documents\LatticeVeil_project\ThirdParty\EOS\SDK\Source\Core\Helper.cs(532,32): warning CS8604: Possible null reference argument for parameter 't' in 'int Marshal.SizeOf(Type t)'. [C:\Users\Redacted\Documents\LatticeVeil_project\LatticeVeilMonoGame\LatticeVeilMonoGame.csproj]
[13:29:38] [INFO] C:\Users\Redacted\Documents\LatticeVeil_project\ThirdParty\EOS\SDK\Source\Core\Helper.cs(536,41): warning CS8602: Dereference of a possibly null reference. [C:\Users\Redacted\Documents\LatticeVeil_project\LatticeVeilMonoGame\LatticeVeilMonoGame.csproj]
[13:29:38] [INFO] C:\Users\Redacted\Documents\LatticeVeil_project\ThirdParty\EOS\SDK\Source\Core\Helper.cs(574,12): warning CS8625: Cannot convert null literal to non-nullable reference type. [C:\Users\Redacted\Documents\LatticeVeil_project\LatticeVeilMonoGame\LatticeVeilMonoGame.csproj]
[13:29:38] [INFO] C:\Users\Redacted\Documents\LatticeVeil_project\LatticeVeilMonoGame\Online\Eos\EosP2PSession.cs(1034,13): warning CS8604: Possible null reference argument for parameter 'left' in 'bool Handle.operator ==(Handle left, Handle right)'. [C:\Users\Redacted\Documents\LatticeVeil_project\LatticeVeilMonoGame\LatticeVeilMonoGame.csproj]
[13:29:38] [INFO] C:\Users\Redacted\Documents\LatticeVeil_project\LatticeVeilMonoGame\Online\Eos\EosP2PSession.cs(1034,39): warning CS8625: Cannot convert null literal to non-nullable reference type. [C:\Users\Redacted\Documents\LatticeVeil_project\LatticeVeilMonoGame\LatticeVeilMonoGame.csproj]
[13:29:38] [INFO] C:\Users\Redacted\Documents\LatticeVeil_project\LatticeVeilMonoGame\Online\Eos\EosP2PSession.cs(1034,47): warning CS8604: Possible null reference argument for parameter 'left' in 'bool Handle.operator ==(Handle left, Handle right)'. [C:\Users\Redacted\Documents\LatticeVeil_project\LatticeVeilMonoGame\LatticeVeilMonoGame.csproj]
[13:29:38] [INFO] C:\Users\Redacted\Documents\LatticeVeil_project\LatticeVeilMonoGame\Online\Eos\EosP2PSession.cs(1034,85): warning CS8625: Cannot convert null literal to non-nullable reference type. [C:\Users\Redacted\Documents\LatticeVeil_project\LatticeVeilMonoGame\LatticeVeilMonoGame.csproj]
[13:29:38] [INFO] C:\Users\Redacted\Documents\LatticeVeil_project\LatticeVeilMonoGame\Online\Eos\EosP2PSession.cs(1038,13): warning CS8604: Possible null reference argument for parameter 'left' in 'bool Handle.operator ==(Handle left, Handle right)'. [C:\Users\Redacted\Documents\LatticeVeil_project\LatticeVeilMonoGame\LatticeVeilMonoGame.csproj]
[13:29:38] [INFO] C:\Users\Redacted\Documents\LatticeVeil_project\LatticeVeilMonoGame\Online\Eos\EosP2PSession.cs(1038,23): warning CS8625: Cannot convert null literal to non-nullable reference type. [C:\Users\Redacted\Documents\LatticeVeil_project\LatticeVeilMonoGame\LatticeVeilMonoGame.csproj]
[13:29:38] [INFO] C:\Users\Redacted\Documents\LatticeVeil_project\LatticeVeilMonoGame\Online\Eos\EosP2PSession.cs(1106,27): warning CS8625: Cannot convert null literal to non-nullable reference type. [C:\Users\Redacted\Documents\LatticeVeil_project\LatticeVeilMonoGame\LatticeVeilMonoGame.csproj]
[13:29:38] [INFO] C:\Users\Redacted\Documents\LatticeVeil_project\ThirdParty\EOS\SDK\Source\Core\Helper.cs(620,15): warning CS8625: Cannot convert null literal to non-nullable reference type. [C:\Users\Redacted\Documents\LatticeVeil_project\LatticeVeilMonoGame\LatticeVeilMonoGame.csproj]
[13:29:38] [INFO] C:\Users\Redacted\Documents\LatticeVeil_project\ThirdParty\EOS\SDK\Source\Core\Helper.cs(630,17): warning CS8625: Cannot convert null literal to non-nullable reference type. [C:\Users\Redacted\Documents\LatticeVeil_project\LatticeVeilMonoGame\LatticeVeilMonoGame.csproj]
[13:29:38] [INFO] C:\Users\Redacted\Documents\LatticeVeil_project\ThirdParty\EOS\SDK\Source\Core\Helper.cs(635,27): warning CS8604: Possible null reference argument for parameter 'buffer' in 'nint Helper.AddPinnedBuffer(byte[] buffer, int offset)'. [C:\Users\Redacted\Documents\LatticeVeil_project\LatticeVeilMonoGame\LatticeVeilMonoGame.csproj]
[13:29:38] [INFO] C:\Users\Redacted\Documents\LatticeVeil_project\LatticeVeilMonoGame\Online\Eos\EosP2PSession.cs(1824,26): warning CS8602: Dereference of a possibly null reference. [C:\Users\Redacted\Documents\LatticeVeil_project\LatticeVeilMonoGame\LatticeVeilMonoGame.csproj]
[13:29:38] [INFO] C:\Users\Redacted\Documents\LatticeVeil_project\LatticeVeilMonoGame\Online\Gate\OnlineGateClient.cs(530,99): warning CS8601: Possible null reference assignment. [C:\Users\Redacted\Documents\LatticeVeil_project\LatticeVeilMonoGame\LatticeVeilMonoGame.csproj]
[13:29:38] [INFO] C:\Users\Redacted\Documents\LatticeVeil_project\LatticeVeilMonoGame\Online\Gate\OnlineGateClient.cs(532,84): warning CS8601: Possible null reference assignment. [C:\Users\Redacted\Documents\LatticeVeil_project\LatticeVeilMonoGame\LatticeVeilMonoGame.csproj]
[13:29:38] [INFO] C:\Users\Redacted\Documents\LatticeVeil_project\LatticeVeilMonoGame\Online\Gate\OnlineGateClient.cs(534,80): warning CS8601: Possible null reference assignment. [C:\Users\Redacted\Documents\LatticeVeil_project\LatticeVeilMonoGame\LatticeVeilMonoGame.csproj]
[13:29:38] [INFO] C:\Users\Redacted\Documents\LatticeVeil_project\LatticeVeilMonoGame\Online\Gate\OnlineGateClient.cs(538,80): warning CS8601: Possible null reference assignment. [C:\Users\Redacted\Documents\LatticeVeil_project\LatticeVeilMonoGame\LatticeVeilMonoGame.csproj]
[13:29:38] [INFO] C:\Users\Redacted\Documents\LatticeVeil_project\LatticeVeilMonoGame\Online\Eos\EosP2PSession.cs(578,31): warning CS8625: Cannot convert null literal to non-nullable reference type. [C:\Users\Redacted\Documents\LatticeVeil_project\LatticeVeilMonoGame\LatticeVeilMonoGame.csproj]
[13:29:38] [INFO] C:\Users\Redacted\Documents\LatticeVeil_project\LatticeVeilMonoGame\Online\Eos\EosClient.cs(509,63): warning CS8625: Cannot convert null literal to non-nullable reference type. [C:\Users\Redacted\Documents\LatticeVeil_project\LatticeVeilMonoGame\LatticeVeilMonoGame.csproj]
[13:29:38] [INFO] C:\Users\Redacted\Documents\LatticeVeil_project\LatticeVeilMonoGame\Online\Eos\EosClient.cs(542,43): warning CS8625: Cannot convert null literal to non-nullable reference type. [C:\Users\Redacted\Documents\LatticeVeil_project\LatticeVeilMonoGame\LatticeVeilMonoGame.csproj]
[13:29:38] [INFO] C:\Users\Redacted\Documents\LatticeVeil_project\LatticeVeilMonoGame\Online\Eos\EosClient.cs(573,64): warning CS8625: Cannot convert null literal to non-nullable reference type. [C:\Users\Redacted\Documents\LatticeVeil_project\LatticeVeilMonoGame\LatticeVeilMonoGame.csproj]
[13:29:38] [INFO] C:\Users\Redacted\Documents\LatticeVeil_project\LatticeVeilMonoGame\Online\Eos\EosClient.cs(608,13): warning CS8604: Possible null reference argument for parameter 'left' in 'bool Handle.operator ==(Handle left, Handle right)'. [C:\Users\Redacted\Documents\LatticeVeil_project\LatticeVeilMonoGame\LatticeVeilMonoGame.csproj]
[13:29:38] [INFO] C:\Users\Redacted\Documents\LatticeVeil_project\LatticeVeilMonoGame\Online\Eos\EosClient.cs(608,23): warning CS8625: Cannot convert null literal to non-nullable reference type. [C:\Users\Redacted\Documents\LatticeVeil_project\LatticeVeilMonoGame\LatticeVeilMonoGame.csproj]
[13:29:38] [INFO] C:\Users\Redacted\Documents\LatticeVeil_project\LatticeVeilMonoGame\Online\Eos\EosClient.cs(608,31): warning CS8604: Possible null reference argument for parameter 'left' in 'bool Handle.operator ==(Handle left, Handle right)'. [C:\Users\Redacted\Documents\LatticeVeil_project\LatticeVeilMonoGame\LatticeVeilMonoGame.csproj]
[13:29:38] [INFO] C:\Users\Redacted\Documents\LatticeVeil_project\LatticeVeilMonoGame\Online\Eos\EosClient.cs(608,47): warning CS8625: Cannot convert null literal to non-nullable reference type. [C:\Users\Redacted\Documents\LatticeVeil_project\LatticeVeilMonoGame\LatticeVeilMonoGame.csproj]
[13:29:38] [INFO] C:\Users\Redacted\Documents\LatticeVeil_project\LatticeVeilMonoGame\Online\Lan\LanSession.cs(1115,49): warning CS8604: Possible null reference argument for parameter 'reason' in 'void LanClientSession.SetDisconnectReasonOnce(string reason)'. [C:\Users\Redacted\Documents\LatticeVeil_project\LatticeVeilMonoGame\LatticeVeilMonoGame.csproj]
[13:29:38] [INFO] C:\Users\Redacted\Documents\LatticeVeil_project\LatticeVeilMonoGame\Online\Eos\EosClient.cs(647,28): warning CS8625: Cannot convert null literal to non-nullable reference type. [C:\Users\Redacted\Documents\LatticeVeil_project\LatticeVeilMonoGame\LatticeVeilMonoGame.csproj]
[13:29:38] [INFO] C:\Users\Redacted\Documents\LatticeVeil_project\LatticeVeilMonoGame\Online\Eos\EosClient.cs(659,28): warning CS8625: Cannot convert null literal to non-nullable reference type. [C:\Users\Redacted\Documents\LatticeVeil_project\LatticeVeilMonoGame\LatticeVeilMonoGame.csproj]
[13:29:39] [INFO] C:\Users\Redacted\Documents\LatticeVeil_project\LatticeVeilMonoGame\Online\Eos\EosClient.cs(672,51): warning CS8625: Cannot convert null literal to non-nullable reference type. [C:\Users\Redacted\Documents\LatticeVeil_project\LatticeVeilMonoGame\LatticeVeilMonoGame.csproj]
[13:29:39] [INFO] C:\Users\Redacted\Documents\LatticeVeil_project\LatticeVeilMonoGame\Online\Eos\EosP2PSession.cs(1147,13): warning CS8604: Possible null reference argument for parameter 'left' in 'bool Handle.operator ==(Handle left, Handle right)'. [C:\Users\Redacted\Documents\LatticeVeil_project\LatticeVeilMonoGame\LatticeVeilMonoGame.csproj]
[13:29:39] [INFO] C:\Users\Redacted\Documents\LatticeVeil_project\LatticeVeilMonoGame\Online\Eos\EosP2PSession.cs(1147,39): warning CS8625: Cannot convert null literal to non-nullable reference type. [C:\Users\Redacted\Documents\LatticeVeil_project\LatticeVeilMonoGame\LatticeVeilMonoGame.csproj]
[13:29:39] [INFO] C:\Users\Redacted\Documents\LatticeVeil_project\LatticeVeilMonoGame\Online\Eos\EosP2PSession.cs(1147,47): warning CS8604: Possible null reference argument for parameter 'left' in 'bool Handle.operator ==(Handle left, Handle right)'. [C:\Users\Redacted\Documents\LatticeVeil_project\LatticeVeilMonoGame\LatticeVeilMonoGame.csproj]
[13:29:39] [INFO] C:\Users\Redacted\Documents\LatticeVeil_project\LatticeVeilMonoGame\Online\Eos\EosP2PSession.cs(1147,85): warning CS8625: Cannot convert null literal to non-nullable reference type. [C:\Users\Redacted\Documents\LatticeVeil_project\LatticeVeilMonoGame\LatticeVeilMonoGame.csproj]
[13:29:39] [INFO] C:\Users\Redacted\Documents\LatticeVeil_project\LatticeVeilMonoGame\Online\Eos\EosP2PSession.cs(1151,13): warning CS8604: Possible null reference argument for parameter 'left' in 'bool Handle.operator ==(Handle left, Handle right)'. [C:\Users\Redacted\Documents\LatticeVeil_project\LatticeVeilMonoGame\LatticeVeilMonoGame.csproj]
[13:29:39] [INFO] C:\Users\Redacted\Documents\LatticeVeil_project\LatticeVeilMonoGame\Online\Eos\EosP2PSession.cs(1151,23): warning CS8625: Cannot convert null literal to non-nullable reference type. [C:\Users\Redacted\Documents\LatticeVeil_project\LatticeVeilMonoGame\LatticeVeilMonoGame.csproj]
[13:29:39] [INFO] C:\Users\Redacted\Documents\LatticeVeil_project\LatticeVeilMonoGame\Online\Eos\EosP2PSession.cs(1217,31): warning CS8625: Cannot convert null literal to non-nullable reference type. [C:\Users\Redacted\Documents\LatticeVeil_project\LatticeVeilMonoGame\LatticeVeilMonoGame.csproj]
[13:29:39] [INFO] C:\Users\Redacted\Documents\LatticeVeil_project\LatticeVeilMonoGame\Online\Eos\EosClient.cs(714,49): warning CS8625: Cannot convert null literal to non-nullable reference type. [C:\Users\Redacted\Documents\LatticeVeil_project\LatticeVeilMonoGame\LatticeVeilMonoGame.csproj]
[13:29:39] [INFO] C:\Users\Redacted\Documents\LatticeVeil_project\LatticeVeilMonoGame\Online\Eos\EosClient.cs(751,57): warning CS8625: Cannot convert null literal to non-nullable reference type. [C:\Users\Redacted\Documents\LatticeVeil_project\LatticeVeilMonoGame\LatticeVeilMonoGame.csproj]
[13:29:39] [INFO] C:\Users\Redacted\Documents\LatticeVeil_project\LatticeVeilMonoGame\Online\Eos\EosClient.cs(789,17): warning CS8604: Possible null reference argument for parameter 'left' in 'bool Handle.operator !=(Handle left, Handle right)'. [C:\Users\Redacted\Documents\LatticeVeil_project\LatticeVeilMonoGame\LatticeVeilMonoGame.csproj]
[13:29:39] [INFO] C:\Users\Redacted\Documents\LatticeVeil_project\LatticeVeilMonoGame\Online\Eos\EosClient.cs(789,33): warning CS8625: Cannot convert null literal to non-nullable reference type. [C:\Users\Redacted\Documents\LatticeVeil_project\LatticeVeilMonoGame\LatticeVeilMonoGame.csproj]
[13:29:39] [INFO] C:\Users\Redacted\Documents\LatticeVeil_project\LatticeVeilMonoGame\Online\Eos\EosClient.cs(811,51): warning CS8625: Cannot convert null literal to non-nullable reference type. [C:\Users\Redacted\Documents\LatticeVeil_project\LatticeVeilMonoGame\LatticeVeilMonoGame.csproj]
[13:29:39] [INFO] C:\Users\Redacted\Documents\LatticeVeil_project\LatticeVeilMonoGame\Online\Eos\EosP2PSession.cs(1504,80): warning CS8625: Cannot convert null literal to non-nullable reference type. [C:\Users\Redacted\Documents\LatticeVeil_project\LatticeVeilMonoGame\LatticeVeilMonoGame.csproj]
[13:29:39] [INFO] C:\Users\Redacted\Documents\LatticeVeil_project\LatticeVeilMonoGame\Online\Eos\EosP2PSession.cs(1512,34): warning CS8625: Cannot convert null literal to non-nullable reference type. [C:\Users\Redacted\Documents\LatticeVeil_project\LatticeVeilMonoGame\LatticeVeilMonoGame.csproj]
[13:29:39] [INFO] C:\Users\Redacted\Documents\LatticeVeil_project\LatticeVeilMonoGame\Online\Eos\EosClient.cs(855,63): warning CS8625: Cannot convert null literal to non-nullable reference type. [C:\Users\Redacted\Documents\LatticeVeil_project\LatticeVeilMonoGame\LatticeVeilMonoGame.csproj]
[13:29:39] [INFO] C:\Users\Redacted\Documents\LatticeVeil_project\LatticeVeilMonoGame\Online\Eos\EosClient.cs(871,43): warning CS8625: Cannot convert null literal to non-nullable reference type. [C:\Users\Redacted\Documents\LatticeVeil_project\LatticeVeilMonoGame\LatticeVeilMonoGame.csproj]
[13:29:39] [INFO] C:\Users\Redacted\Documents\LatticeVeil_project\LatticeVeilMonoGame\Online\Eos\EosP2PSession.cs(1532,31): warning CS8625: Cannot convert null literal to non-nullable reference type. [C:\Users\Redacted\Documents\LatticeVeil_project\LatticeVeilMonoGame\LatticeVeilMonoGame.csproj]
[13:29:39] [INFO] C:\Users\Redacted\Documents\LatticeVeil_project\LatticeVeilMonoGame\Online\Eos\EosClient.cs(1058,13): warning CS8604: Possible null reference argument for parameter 'left' in 'bool Handle.operator ==(Handle left, Handle right)'. [C:\Users\Redacted\Documents\LatticeVeil_project\LatticeVeilMonoGame\LatticeVeilMonoGame.csproj]
[13:29:39] [INFO] C:\Users\Redacted\Documents\LatticeVeil_project\LatticeVeilMonoGame\Online\Eos\EosClient.cs(1058,21): warning CS8625: Cannot convert null literal to non-nullable reference type. [C:\Users\Redacted\Documents\LatticeVeil_project\LatticeVeilMonoGame\LatticeVeilMonoGame.csproj]
[13:29:39] [INFO] C:\Users\Redacted\Documents\LatticeVeil_project\LatticeVeilMonoGame\Online\Gate\OnlineGateClient.cs(1499,23): warning CS8601: Possible null reference assignment. [C:\Users\Redacted\Documents\LatticeVeil_project\LatticeVeilMonoGame\LatticeVeilMonoGame.csproj]
[13:29:39] [INFO] C:\Users\Redacted\Documents\LatticeVeil_project\LatticeVeilMonoGame\Launcher\LauncherForm.cs(2440,9): warning CS0162: Unreachable code detected [C:\Users\Redacted\Documents\LatticeVeil_project\LatticeVeilMonoGame\LatticeVeilMonoGame.csproj]
[13:29:39] [INFO] C:\Users\Redacted\Documents\LatticeVeil_project\LatticeVeilMonoGame\Online\Lan\LanSession.cs(752,30): warning CS8602: Dereference of a possibly null reference. [C:\Users\Redacted\Documents\LatticeVeil_project\LatticeVeilMonoGame\LatticeVeilMonoGame.csproj]
[13:29:39] [INFO] C:\Users\Redacted\Documents\LatticeVeil_project\ThirdParty\EOS\SDK\Source\Generated\ProductUserId.cs(117,28): warning CS8600: Converting null literal or possible null value to non-nullable type. [C:\Users\Redacted\Documents\LatticeVeil_project\LatticeVeilMonoGame\LatticeVeilMonoGame.csproj]
[13:29:39] [INFO] C:\Users\Redacted\Documents\LatticeVeil_project\ThirdParty\EOS\SDK\Source\Generated\ProductUserId.cs(119,21): warning CS8625: Cannot convert null literal to non-nullable reference type. [C:\Users\Redacted\Documents\LatticeVeil_project\LatticeVeilMonoGame\LatticeVeilMonoGame.csproj]
[13:29:39] [INFO] C:\Users\Redacted\Documents\LatticeVeil_project\ThirdParty\EOS\SDK\Source\Generated\EpicAccountId.cs(117,28): warning CS8600: Converting null literal or possible null value to non-nullable type. [C:\Users\Redacted\Documents\LatticeVeil_project\LatticeVeilMonoGame\LatticeVeilMonoGame.csproj]
[13:29:39] [INFO] C:\Users\Redacted\Documents\LatticeVeil_project\ThirdParty\EOS\SDK\Source\Generated\EpicAccountId.cs(119,21): warning CS8625: Cannot convert null literal to non-nullable reference type. [C:\Users\Redacted\Documents\LatticeVeil_project\LatticeVeilMonoGame\LatticeVeilMonoGame.csproj]
[13:29:39] [INFO] C:\Users\Redacted\Documents\LatticeVeil_project\ThirdParty\EOS\SDK\Source\Generated\ContinuanceToken.cs(72,28): warning CS8600: Converting null literal or possible null value to non-nullable type. [C:\Users\Redacted\Documents\LatticeVeil_project\LatticeVeilMonoGame\LatticeVeilMonoGame.csproj]
[13:29:39] [INFO] C:\Users\Redacted\Documents\LatticeVeil_project\ThirdParty\EOS\SDK\Source\Generated\ContinuanceToken.cs(74,28): warning CS8625: Cannot convert null literal to non-nullable reference type. [C:\Users\Redacted\Documents\LatticeVeil_project\LatticeVeilMonoGame\LatticeVeilMonoGame.csproj]
[13:29:39] [INFO] C:\Users\Redacted\Documents\LatticeVeil_project\ThirdParty\EOS\SDK\Source\Core\Utf8String.cs(118,17): warning CS8625: Cannot convert null literal to non-nullable reference type. [C:\Users\Redacted\Documents\LatticeVeil_project\LatticeVeilMonoGame\LatticeVeilMonoGame.csproj]
[13:29:39] [INFO] C:\Users\Redacted\Documents\LatticeVeil_project\ThirdParty\EOS\SDK\Source\Core\Utf8String.cs(138,17): warning CS8625: Cannot convert null literal to non-nullable reference type. [C:\Users\Redacted\Documents\LatticeVeil_project\LatticeVeilMonoGame\LatticeVeilMonoGame.csproj]
[13:29:39] [INFO] C:\Users\Redacted\Documents\LatticeVeil_project\ThirdParty\EOS\SDK\Source\Core\Utf8String.cs(176,23): warning CS8600: Converting null literal or possible null value to non-nullable type. [C:\Users\Redacted\Documents\LatticeVeil_project\LatticeVeilMonoGame\LatticeVeilMonoGame.csproj]
[13:29:39] [INFO] C:\Users\Redacted\Documents\LatticeVeil_project\ThirdParty\EOS\SDK\Source\Core\P2P\ReceivePacketOptions.cs(50,27): warning CS8625: Cannot convert null literal to non-nullable reference type. [C:\Users\Redacted\Documents\LatticeVeil_project\LatticeVeilMonoGame\LatticeVeilMonoGame.csproj]
[13:29:39] [INFO] C:\Users\Redacted\Documents\LatticeVeil_project\ThirdParty\EOS\SDK\Source\Core\P2P\GetNextReceivedPacketSizeOptions.cs(44,27): warning CS8625: Cannot convert null literal to non-nullable reference type. [C:\Users\Redacted\Documents\LatticeVeil_project\LatticeVeilMonoGame\LatticeVeilMonoGame.csproj]
[13:29:39] [INFO] C:\Users\Redacted\Documents\LatticeVeil_project\ThirdParty\EOS\SDK\Source\Core\P2P\P2PInterface.cs(37,22): warning CS8625: Cannot convert null literal to non-nullable reference type. [C:\Users\Redacted\Documents\LatticeVeil_project\LatticeVeilMonoGame\LatticeVeilMonoGame.csproj]
[13:29:39] [INFO] C:\Users\Redacted\Documents\LatticeVeil_project\LatticeVeilMonoGame\Online\Eos\EosClient.cs(55,21): warning CS0649: Field 'EosClient._epicDisplayName' is never assigned to, and will always have its default value null [C:\Users\Redacted\Documents\LatticeVeil_project\LatticeVeilMonoGame\LatticeVeilMonoGame.csproj]
[13:29:39] [INFO] C:\Users\Redacted\Documents\LatticeVeil_project\LatticeVeilMonoGame\UI\Screens\GameWorldScreen.cs(195,18): warning CS0169: The field 'GameWorldScreen._handoffFullStack' is never used [C:\Users\Redacted\Documents\LatticeVeil_project\LatticeVeilMonoGame\LatticeVeilMonoGame.csproj]
[13:29:39] [INFO] C:\Users\Redacted\Documents\LatticeVeil_project\LatticeVeilMonoGame\Online\Eos\EosClient.cs(59,18): warning CS0169: The field 'EosClient._silentLoginOnly' is never used [C:\Users\Redacted\Documents\LatticeVeil_project\LatticeVeilMonoGame\LatticeVeilMonoGame.csproj]
[13:29:39] [INFO] C:\Users\Redacted\Documents\LatticeVeil_project\LatticeVeilMonoGame\Online\Eos\EosClient.cs(58,18): warning CS0169: The field 'EosClient._allowDeviceFallback' is never used [C:\Users\Redacted\Documents\LatticeVeil_project\LatticeVeilMonoGame\LatticeVeilMonoGame.csproj]
[13:29:39] [INFO] C:\Users\Redacted\Documents\LatticeVeil_project\LatticeVeilMonoGame\Launcher\LauncherForm.cs(190,21): warning CS0169: The field 'LauncherForm._authTicket' is never used [C:\Users\Redacted\Documents\LatticeVeil_project\LatticeVeilMonoGame\LatticeVeilMonoGame.csproj]
[13:29:39] [INFO] C:\Users\Redacted\Documents\LatticeVeil_project\LatticeVeilMonoGame\Launcher\LauncherForm.cs(154,18): warning CS0169: The field 'LauncherForm._nameEditInProgress' is never used [C:\Users\Redacted\Documents\LatticeVeil_project\LatticeVeilMonoGame\LatticeVeilMonoGame.csproj]
[13:29:39] [INFO] C:\Users\Redacted\Documents\LatticeVeil_project\LatticeVeilMonoGame\Online\Eos\EosClient.cs(57,18): warning CS0169: The field 'EosClient._epicLoginStarted' is never used [C:\Users\Redacted\Documents\LatticeVeil_project\LatticeVeilMonoGame\LatticeVeilMonoGame.csproj]
[13:29:39] [INFO] C:\Users\Redacted\Documents\LatticeVeil_project\LatticeVeilMonoGame\Core\SimpleMemoryManager.cs(16,25): warning CS0169: The field 'SimpleMemoryManager._totalAllocated' is never used [C:\Users\Redacted\Documents\LatticeVeil_project\LatticeVeilMonoGame\LatticeVeilMonoGame.csproj]
[13:29:39] [INFO] C:\Users\Redacted\Documents\LatticeVeil_project\LatticeVeilMonoGame\Online\Eos\EosClient.cs(54,28): warning CS0649: Field 'EosClient._epicAccountId' is never assigned to, and will always have its default value null [C:\Users\Redacted\Documents\LatticeVeil_project\LatticeVeilMonoGame\LatticeVeilMonoGame.csproj]
[13:29:39] [INFO] C:\Users\Redacted\Documents\LatticeVeil_project\LatticeVeilMonoGame\UI\Screens\ProfileScreen.cs(114,18): warning CS0414: The field 'ProfileScreen._lastVeilnetSyncOk' is assigned but its value is never used [C:\Users\Redacted\Documents\LatticeVeil_project\LatticeVeilMonoGame\LatticeVeilMonoGame.csproj]
[13:29:39] [INFO] C:\Users\Redacted\Documents\LatticeVeil_project\LatticeVeilMonoGame\UI\Screens\CreateWorldScreen.cs(58,18): warning CS0414: The field 'CreateWorldScreen._moreWorldOptionsOpen' is assigned but its value is never used [C:\Users\Redacted\Documents\LatticeVeil_project\LatticeVeilMonoGame\LatticeVeilMonoGame.csproj]
[13:29:39] [INFO] C:\Users\Redacted\Documents\LatticeVeil_project\LatticeVeilMonoGame\Online\Gate\OnlineGateClient.cs(175,20): warning CS0414: The field 'OnlineGateClient._status' is assigned but its value is never used [C:\Users\Redacted\Documents\LatticeVeil_project\LatticeVeilMonoGame\LatticeVeilMonoGame.csproj]
[13:29:39] [INFO] C:\Users\Redacted\Documents\LatticeVeil_project\LatticeVeilMonoGame\UI\Screens\GameWorldScreen.cs(329,18): warning CS0414: The field 'GameWorldScreen._pendingHostedOnlineShareAnnouncement' is assigned but its value is never used [C:\Users\Redacted\Documents\LatticeVeil_project\LatticeVeilMonoGame\LatticeVeilMonoGame.csproj]
[13:29:39] [ERROR] Task failed: dotnet exited with code 1
[13:29:39] [ERROR] at Invoke-External, C:\Users\Redacted\Documents\LatticeVeil_project\BuildGUI.ps1: line 373
at <ScriptBlock>, C:\Users\Redacted\Documents\LatticeVeil_project\BuildGUI.ps1: line 973
at Run-Task, C:\Users\Redacted\Documents\LatticeVeil_project\BuildGUI.ps1: line 805
at <ScriptBlock>, C:\Users\Redacted\Documents\LatticeVeil_project\BuildGUI.ps1: line 965
at <ScriptBlock>, C:\Users\Redacted\Documents\LatticeVeil_project\BuildGUI.ps1: line 1148
at <ScriptBlock>, <No file>: line 1
[13:30:01] [INFO] Build GUI initialized.
[13:30:01] [INFO] Project root: C:\Users\Redacted\Documents\LatticeVeil_project
[13:30:01] [INFO] DEV final EXE folder: C:\Users\Redacted\Documents\LatticeVeil_project\DEV
[13:30:01] [INFO] RELEASE final EXE folder: C:\Users\Redacted\Documents\LatticeVeil_project\RELEASE
[13:30:01] [INFO] Logs: C:\Users\Redacted\Documents\LatticeVeil_project\.builder\logs\build-gui-20260221.log
[13:30:03] [INFO] Starting: Clean Outputs
[13:30:03] [INFO] Cleaning bin/obj folders...
[13:30:03] [INFO] Removed: C:\Users\Redacted\Documents\LatticeVeil_project\LatticeVeilMonoGame\bin
[13:30:03] [INFO] Removed: C:\Users\Redacted\Documents\LatticeVeil_project\LatticeVeilMonoGame\obj
[13:30:03] [INFO] Clean complete (DEV/RELEASE folders preserved)
[13:30:03] [INFO] Done: Clean Outputs
[13:30:06] [INFO] Starting: DEV Publish Only
[13:30:06] [INFO] BuildNonce: 20260221133006723-da93d57310
[13:30:06] [INFO] Cleaning bin/obj folders...
[13:30:06] [INFO] Clean complete (DEV/RELEASE folders preserved)
[13:30:06] [INFO] Running: dotnet restore C:\Users\Redacted\Documents\LatticeVeil_project\LatticeVeilMonoGame\LatticeVeilMonoGame.csproj
[13:30:08] [INFO]   Determining projects to restore...
[13:30:08] [INFO]   Restored C:\Users\Redacted\Documents\LatticeVeil_project\LatticeVeilMonoGame\LatticeVeilMonoGame.csproj (in 384 ms).
[13:30:08] [INFO] Running: dotnet publish C:\Users\Redacted\Documents\LatticeVeil_project\LatticeVeilMonoGame\LatticeVeilMonoGame.csproj --configuration Debug -r win-x64 --self-contained true -p:PublishSingleFile=true -p:IncludeNativeLibrariesForSelfExtract=true -p:IncludeAllContentForSelfExtract=true -p:BuildNonce=20260221133006723-da93d57310
[13:30:19] [INFO]   Determining projects to restore...
[13:30:19] [INFO]   All projects are up-to-date for restore.
[13:30:19] [INFO] C:\Users\Redacted\Documents\LatticeVeil_project\ThirdParty\EOS\SDK\Source\Core\Utf8String.cs(174,24): warning CS8765: Nullability of type of parameter 'obj' doesn't match overridden member (possibly because of nullability attributes). [C:\Users\Redacted\Documents\LatticeVeil_project\LatticeVeilMonoGame\LatticeVeilMonoGame.csproj]
[13:30:19] [INFO] C:\Users\Redacted\Documents\LatticeVeil_project\ThirdParty\EOS\SDK\Source\Core\Handle.cs(49,24): warning CS8765: Nullability of type of parameter 'obj' doesn't match overridden member (possibly because of nullability attributes). [C:\Users\Redacted\Documents\LatticeVeil_project\LatticeVeilMonoGame\LatticeVeilMonoGame.csproj]
[13:30:19] [INFO] C:\Users\Redacted\Documents\LatticeVeil_project\ThirdParty\EOS\SDK\Source\Core\Handle.cs(59,15): warning CS8767: Nullability of reference types in type of parameter 'other' of 'bool Handle.Equals(Handle other)' doesn't match implicitly implemented member 'bool IEquatable<Handle>.Equals(Handle? other)' (possibly because of nullability attributes). [C:\Users\Redacted\Documents\LatticeVeil_project\LatticeVeilMonoGame\LatticeVeilMonoGame.csproj]
[13:30:19] [INFO] C:\Users\Redacted\Documents\LatticeVeil_project\ThirdParty\EOS\SDK\Source\Core\Handle.cs(84,25): warning CS8767: Nullability of reference types in type of parameter 'format' of 'string Handle.ToString(string format, IFormatProvider formatProvider)' doesn't match implicitly implemented member 'string IFormattable.ToString(string? format, IFormatProvider? formatProvider)' (possibly because of nullability attributes). [C:\Users\Redacted\Documents\LatticeVeil_project\LatticeVeilMonoGame\LatticeVeilMonoGame.csproj]
[13:30:19] [INFO] C:\Users\Redacted\Documents\LatticeVeil_project\ThirdParty\EOS\SDK\Source\Core\Handle.cs(84,25): warning CS8767: Nullability of reference types in type of parameter 'formatProvider' of 'string Handle.ToString(string format, IFormatProvider formatProvider)' doesn't match implicitly implemented member 'string IFormattable.ToString(string? format, IFormatProvider? formatProvider)' (possibly because of nullability attributes). [C:\Users\Redacted\Documents\LatticeVeil_project\LatticeVeilMonoGame\LatticeVeilMonoGame.csproj]
[13:30:19] [INFO] C:\Users\Redacted\Documents\LatticeVeil_project\ThirdParty\EOS\SDK\Source\Core\Handle.cs(51,18): warning CS8604: Possible null reference argument for parameter 'other' in 'bool Handle.Equals(Handle other)'. [C:\Users\Redacted\Documents\LatticeVeil_project\LatticeVeilMonoGame\LatticeVeilMonoGame.csproj]
[13:30:19] [INFO] C:\Users\Redacted\Documents\LatticeVeil_project\ThirdParty\EOS\SDK\Source\Core\CallbackHelper.cs(36,56): warning CS8600: Converting null literal or possible null value to non-nullable type. [C:\Users\Redacted\Documents\LatticeVeil_project\LatticeVeilMonoGame\LatticeVeilMonoGame.csproj]
[13:30:19] [INFO] C:\Users\Redacted\Documents\LatticeVeil_project\ThirdParty\EOS\SDK\Source\Core\CallbackHelper.cs(75,15): warning CS8625: Cannot convert null literal to non-nullable reference type. [C:\Users\Redacted\Documents\LatticeVeil_project\LatticeVeilMonoGame\LatticeVeilMonoGame.csproj]
[13:30:19] [INFO] C:\Users\Redacted\Documents\LatticeVeil_project\ThirdParty\EOS\SDK\Source\Core\CallbackHelper.cs(80,56): warning CS8600: Converting null literal or possible null value to non-nullable type. [C:\Users\Redacted\Documents\LatticeVeil_project\LatticeVeilMonoGame\LatticeVeilMonoGame.csproj]
[13:30:19] [INFO] C:\Users\Redacted\Documents\LatticeVeil_project\ThirdParty\EOS\SDK\Source\Core\CallbackHelper.cs(82,17): warning CS8601: Possible null reference assignment. [C:\Users\Redacted\Documents\LatticeVeil_project\LatticeVeilMonoGame\LatticeVeilMonoGame.csproj]
[13:30:19] [INFO] C:\Users\Redacted\Documents\LatticeVeil_project\ThirdParty\EOS\SDK\Source\Generated\Common.cs(22,51): warning CS8600: Converting null literal or possible null value to non-nullable type. [C:\Users\Redacted\Documents\LatticeVeil_project\LatticeVeilMonoGame\LatticeVeilMonoGame.csproj]
[13:30:19] [INFO] C:\Users\Redacted\Documents\LatticeVeil_project\ThirdParty\EOS\SDK\Source\Generated\Common.cs(22,51): warning CS8625: Cannot convert null literal to non-nullable reference type. [C:\Users\Redacted\Documents\LatticeVeil_project\LatticeVeilMonoGame\LatticeVeilMonoGame.csproj]
[13:30:19] [INFO] C:\Users\Redacted\Documents\LatticeVeil_project\ThirdParty\EOS\SDK\Source\Core\CallbackHelper.cs(109,15): warning CS8625: Cannot convert null literal to non-nullable reference type. [C:\Users\Redacted\Documents\LatticeVeil_project\LatticeVeilMonoGame\LatticeVeilMonoGame.csproj]
[13:30:19] [INFO] C:\Users\Redacted\Documents\LatticeVeil_project\ThirdParty\EOS\SDK\Source\Core\CallbackHelper.cs(115,56): warning CS8600: Converting null literal or possible null value to non-nullable type. [C:\Users\Redacted\Documents\LatticeVeil_project\LatticeVeilMonoGame\LatticeVeilMonoGame.csproj]
[13:30:19] [INFO] C:\Users\Redacted\Documents\LatticeVeil_project\ThirdParty\EOS\SDK\Source\Core\CallbackHelper.cs(117,17): warning CS8601: Possible null reference assignment. [C:\Users\Redacted\Documents\LatticeVeil_project\LatticeVeilMonoGame\LatticeVeilMonoGame.csproj]
[13:30:19] [INFO] C:\Users\Redacted\Documents\LatticeVeil_project\ThirdParty\EOS\SDK\Source\Core\CallbackHelper.cs(130,82): warning CS8629: Nullable value type may be null. [C:\Users\Redacted\Documents\LatticeVeil_project\LatticeVeilMonoGame\LatticeVeilMonoGame.csproj]
[13:30:19] [INFO] C:\Users\Redacted\Documents\LatticeVeil_project\ThirdParty\EOS\SDK\Source\Core\CallbackHelper.cs(159,15): warning CS8625: Cannot convert null literal to non-nullable reference type. [C:\Users\Redacted\Documents\LatticeVeil_project\LatticeVeilMonoGame\LatticeVeilMonoGame.csproj]
[13:30:19] [INFO] C:\Users\Redacted\Documents\LatticeVeil_project\ThirdParty\EOS\SDK\Source\Core\CallbackHelper.cs(163,56): warning CS8600: Converting null literal or possible null value to non-nullable type. [C:\Users\Redacted\Documents\LatticeVeil_project\LatticeVeilMonoGame\LatticeVeilMonoGame.csproj]
[13:30:19] [INFO] C:\Users\Redacted\Documents\LatticeVeil_project\ThirdParty\EOS\SDK\Source\Core\CallbackHelper.cs(165,17): warning CS8601: Possible null reference assignment. [C:\Users\Redacted\Documents\LatticeVeil_project\LatticeVeilMonoGame\LatticeVeilMonoGame.csproj]
[13:30:19] [INFO] C:\Users\Redacted\Documents\LatticeVeil_project\ThirdParty\EOS\SDK\Source\Core\CallbackHelper.cs(217,15): warning CS8625: Cannot convert null literal to non-nullable reference type. [C:\Users\Redacted\Documents\LatticeVeil_project\LatticeVeilMonoGame\LatticeVeilMonoGame.csproj]
[13:30:19] [INFO] C:\Users\Redacted\Documents\LatticeVeil_project\ThirdParty\EOS\SDK\Source\Core\CallbackHelper.cs(222,48): warning CS8600: Converting null literal or possible null value to non-nullable type. [C:\Users\Redacted\Documents\LatticeVeil_project\LatticeVeilMonoGame\LatticeVeilMonoGame.csproj]
[13:30:20] [INFO] C:\Users\Redacted\Documents\LatticeVeil_project\ThirdParty\EOS\SDK\Source\Core\CallbackHelper.cs(224,17): warning CS8601: Possible null reference assignment. [C:\Users\Redacted\Documents\LatticeVeil_project\LatticeVeilMonoGame\LatticeVeilMonoGame.csproj]
[13:30:20] [INFO] C:\Users\Redacted\Documents\LatticeVeil_project\ThirdParty\EOS\SDK\Source\Core\CallbackHelper.cs(251,56): warning CS8600: Converting null literal or possible null value to non-nullable type. [C:\Users\Redacted\Documents\LatticeVeil_project\LatticeVeilMonoGame\LatticeVeilMonoGame.csproj]
[13:30:20] [INFO] C:\Users\Redacted\Documents\LatticeVeil_project\ThirdParty\EOS\SDK\Source\Core\CallbackHelper.cs(296,54): warning CS8600: Converting null literal or possible null value to non-nullable type. [C:\Users\Redacted\Documents\LatticeVeil_project\LatticeVeilMonoGame\LatticeVeilMonoGame.csproj]
[13:30:20] [INFO] C:\Users\Redacted\Documents\LatticeVeil_project\ThirdParty\EOS\SDK\Source\Core\ConvertHelper.cs(20,9): warning CS8625: Cannot convert null literal to non-nullable reference type. [C:\Users\Redacted\Documents\LatticeVeil_project\LatticeVeilMonoGame\LatticeVeilMonoGame.csproj]
[13:30:20] [INFO] C:\Users\Redacted\Documents\LatticeVeil_project\ThirdParty\EOS\SDK\Source\Core\ConvertHelper.cs(38,16): warning CS8625: Cannot convert null literal to non-nullable reference type. [C:\Users\Redacted\Documents\LatticeVeil_project\LatticeVeilMonoGame\LatticeVeilMonoGame.csproj]
[13:30:20] [INFO] C:\Users\Redacted\Documents\LatticeVeil_project\ThirdParty\EOS\SDK\Source\Core\ConvertHelper.cs(51,9): warning CS8625: Cannot convert null literal to non-nullable reference type. [C:\Users\Redacted\Documents\LatticeVeil_project\LatticeVeilMonoGame\LatticeVeilMonoGame.csproj]
[13:30:20] [INFO] C:\Users\Redacted\Documents\LatticeVeil_project\ThirdParty\EOS\SDK\Source\Core\GetHelper.cs(123,9): warning CS8625: Cannot convert null literal to non-nullable reference type. [C:\Users\Redacted\Documents\LatticeVeil_project\LatticeVeilMonoGame\LatticeVeilMonoGame.csproj]
[13:30:20] [INFO] C:\Users\Redacted\Documents\LatticeVeil_project\LatticeVeilMonoGame\Online\Eos\EosClient.cs(106,59): warning CS8604: Possible null reference argument for parameter 'left' in 'bool Handle.operator !=(Handle left, Handle right)'. [C:\Users\Redacted\Documents\LatticeVeil_project\LatticeVeilMonoGame\LatticeVeilMonoGame.csproj]
[13:30:20] [INFO] C:\Users\Redacted\Documents\LatticeVeil_project\LatticeVeilMonoGame\Online\Eos\EosClient.cs(106,75): warning CS8625: Cannot convert null literal to non-nullable reference type. [C:\Users\Redacted\Documents\LatticeVeil_project\LatticeVeilMonoGame\LatticeVeilMonoGame.csproj]
[13:30:20] [INFO] C:\Users\Redacted\Documents\LatticeVeil_project\LatticeVeilMonoGame\Online\Eos\EosClient.cs(107,63): warning CS8604: Possible null reference argument for parameter 'left' in 'bool Handle.operator !=(Handle left, Handle right)'. [C:\Users\Redacted\Documents\LatticeVeil_project\LatticeVeilMonoGame\LatticeVeilMonoGame.csproj]
[13:30:20] [INFO] C:\Users\Redacted\Documents\LatticeVeil_project\LatticeVeilMonoGame\Online\Eos\EosClient.cs(107,81): warning CS8625: Cannot convert null literal to non-nullable reference type. [C:\Users\Redacted\Documents\LatticeVeil_project\LatticeVeilMonoGame\LatticeVeilMonoGame.csproj]
[13:30:20] [INFO] C:\Users\Redacted\Documents\LatticeVeil_project\ThirdParty\EOS\SDK\Source\Core\Utf8String.cs(118,17): warning CS8625: Cannot convert null literal to non-nullable reference type. [C:\Users\Redacted\Documents\LatticeVeil_project\LatticeVeilMonoGame\LatticeVeilMonoGame.csproj]
[13:30:20] [INFO] C:\Users\Redacted\Documents\LatticeVeil_project\ThirdParty\EOS\SDK\Source\Core\Helper.cs(127,18): warning CS8604: Possible null reference argument for parameter 'source' in 'void Marshal.Copy(byte[] source, int startIndex, nint destination, int length)'. [C:\Users\Redacted\Documents\LatticeVeil_project\LatticeVeilMonoGame\LatticeVeilMonoGame.csproj]
[13:30:20] [INFO] C:\Users\Redacted\Documents\LatticeVeil_project\ThirdParty\EOS\SDK\Source\Core\Utf8String.cs(138,17): warning CS8625: Cannot convert null literal to non-nullable reference type. [C:\Users\Redacted\Documents\LatticeVeil_project\LatticeVeilMonoGame\LatticeVeilMonoGame.csproj]
[13:30:20] [INFO] C:\Users\Redacted\Documents\LatticeVeil_project\ThirdParty\EOS\SDK\Source\Core\P2P\GetNextReceivedPacketSizeOptions.cs(44,27): warning CS8625: Cannot convert null literal to non-nullable reference type. [C:\Users\Redacted\Documents\LatticeVeil_project\LatticeVeilMonoGame\LatticeVeilMonoGame.csproj]
[13:30:20] [INFO] C:\Users\Redacted\Documents\LatticeVeil_project\ThirdParty\EOS\SDK\Source\Core\Utf8String.cs(176,23): warning CS8600: Converting null literal or possible null value to non-nullable type. [C:\Users\Redacted\Documents\LatticeVeil_project\LatticeVeilMonoGame\LatticeVeilMonoGame.csproj]
[13:30:20] [INFO] C:\Users\Redacted\Documents\LatticeVeil_project\LatticeVeilMonoGame\Online\Eos\EosClient.cs(125,30): warning CS8625: Cannot convert null literal to non-nullable reference type. [C:\Users\Redacted\Documents\LatticeVeil_project\LatticeVeilMonoGame\LatticeVeilMonoGame.csproj]
[13:30:20] [INFO] C:\Users\Redacted\Documents\LatticeVeil_project\LatticeVeilMonoGame\Online\Eos\EosClient.cs(159,13): warning CS8604: Possible null reference argument for parameter 'left' in 'bool Handle.operator ==(Handle left, Handle right)'. [C:\Users\Redacted\Documents\LatticeVeil_project\LatticeVeilMonoGame\LatticeVeilMonoGame.csproj]
[13:30:20] [INFO] C:\Users\Redacted\Documents\LatticeVeil_project\LatticeVeilMonoGame\Online\Eos\EosClient.cs(159,25): warning CS8625: Cannot convert null literal to non-nullable reference type. [C:\Users\Redacted\Documents\LatticeVeil_project\LatticeVeilMonoGame\LatticeVeilMonoGame.csproj]
[13:30:20] [INFO] C:\Users\Redacted\Documents\LatticeVeil_project\LatticeVeilMonoGame\Online\Eos\EosClient.cs(173,50): warning CS8625: Cannot convert null literal to non-nullable reference type. [C:\Users\Redacted\Documents\LatticeVeil_project\LatticeVeilMonoGame\LatticeVeilMonoGame.csproj]
[13:30:20] [INFO] C:\Users\Redacted\Documents\LatticeVeil_project\ThirdParty\EOS\SDK\Source\Core\Helper.cs(178,13): warning CS8601: Possible null reference assignment. [C:\Users\Redacted\Documents\LatticeVeil_project\LatticeVeilMonoGame\LatticeVeilMonoGame.csproj]
[13:30:20] [INFO] C:\Users\Redacted\Documents\LatticeVeil_project\ThirdParty\EOS\SDK\Source\Core\Helper.cs(202,13): warning CS8600: Converting null literal or possible null value to non-nullable type. [C:\Users\Redacted\Documents\LatticeVeil_project\LatticeVeilMonoGame\LatticeVeilMonoGame.csproj]
[13:30:20] [INFO] C:\Users\Redacted\Documents\LatticeVeil_project\ThirdParty\EOS\SDK\Source\Core\Helper.cs(202,13): warning CS8601: Possible null reference assignment. [C:\Users\Redacted\Documents\LatticeVeil_project\LatticeVeilMonoGame\LatticeVeilMonoGame.csproj]
[13:30:20] [INFO] C:\Users\Redacted\Documents\LatticeVeil_project\ThirdParty\EOS\SDK\Source\Core\Helper.cs(235,14): warning CS8605: Unboxing a possibly null value. [C:\Users\Redacted\Documents\LatticeVeil_project\LatticeVeilMonoGame\LatticeVeilMonoGame.csproj]
[13:30:20] [INFO] C:\Users\Redacted\Documents\LatticeVeil_project\LatticeVeilMonoGame\Online\Eos\EosClient.cs(203,13): warning CS8604: Possible null reference argument for parameter 'left' in 'bool Handle.operator ==(Handle left, Handle right)'. [C:\Users\Redacted\Documents\LatticeVeil_project\LatticeVeilMonoGame\LatticeVeilMonoGame.csproj]
[13:30:20] [INFO] C:\Users\Redacted\Documents\LatticeVeil_project\LatticeVeilMonoGame\Online\Eos\EosClient.cs(203,25): warning CS8625: Cannot convert null literal to non-nullable reference type. [C:\Users\Redacted\Documents\LatticeVeil_project\LatticeVeilMonoGame\LatticeVeilMonoGame.csproj]
[13:30:20] [INFO] C:\Users\Redacted\Documents\LatticeVeil_project\LatticeVeilMonoGame\Online\Eos\EosClient.cs(205,59): warning CS8625: Cannot convert null literal to non-nullable reference type. [C:\Users\Redacted\Documents\LatticeVeil_project\LatticeVeilMonoGame\LatticeVeilMonoGame.csproj]
[13:30:20] [INFO] C:\Users\Redacted\Documents\LatticeVeil_project\ThirdParty\EOS\SDK\Source\Core\Helper.cs(246,13): warning CS8625: Cannot convert null literal to non-nullable reference type. [C:\Users\Redacted\Documents\LatticeVeil_project\LatticeVeilMonoGame\LatticeVeilMonoGame.csproj]
[13:30:20] [INFO] C:\Users\Redacted\Documents\LatticeVeil_project\ThirdParty\EOS\SDK\Source\Core\Helper.cs(265,17): warning CS8601: Possible null reference assignment. [C:\Users\Redacted\Documents\LatticeVeil_project\LatticeVeilMonoGame\LatticeVeilMonoGame.csproj]
[13:30:20] [INFO] C:\Users\Redacted\Documents\LatticeVeil_project\ThirdParty\EOS\SDK\Source\Core\Helper.cs(297,9): warning CS8625: Cannot convert null literal to non-nullable reference type. [C:\Users\Redacted\Documents\LatticeVeil_project\LatticeVeilMonoGame\LatticeVeilMonoGame.csproj]
[13:30:20] [INFO] C:\Users\Redacted\Documents\LatticeVeil_project\ThirdParty\EOS\SDK\Source\Core\Helper.cs(315,13): warning CS8601: Possible null reference assignment. [C:\Users\Redacted\Documents\LatticeVeil_project\LatticeVeilMonoGame\LatticeVeilMonoGame.csproj]
[13:30:20] [INFO] C:\Users\Redacted\Documents\LatticeVeil_project\ThirdParty\EOS\SDK\Source\Core\Helper.cs(369,13): warning CS8625: Cannot convert null literal to non-nullable reference type. [C:\Users\Redacted\Documents\LatticeVeil_project\LatticeVeilMonoGame\LatticeVeilMonoGame.csproj]
[13:30:20] [INFO] C:\Users\Redacted\Documents\LatticeVeil_project\ThirdParty\EOS\SDK\Source\Core\Helper.cs(398,66): warning CS8625: Cannot convert null literal to non-nullable reference type. [C:\Users\Redacted\Documents\LatticeVeil_project\LatticeVeilMonoGame\LatticeVeilMonoGame.csproj]
[13:30:20] [INFO] C:\Users\Redacted\Documents\LatticeVeil_project\LatticeVeilMonoGame\Online\Eos\EosClient.cs(227,13): warning CS8604: Possible null reference argument for parameter 'left' in 'bool Handle.operator ==(Handle left, Handle right)'. [C:\Users\Redacted\Documents\LatticeVeil_project\LatticeVeilMonoGame\LatticeVeilMonoGame.csproj]
[13:30:20] [INFO] C:\Users\Redacted\Documents\LatticeVeil_project\LatticeVeilMonoGame\Online\Eos\EosClient.cs(227,26): warning CS8625: Cannot convert null literal to non-nullable reference type. [C:\Users\Redacted\Documents\LatticeVeil_project\LatticeVeilMonoGame\LatticeVeilMonoGame.csproj]
[13:30:20] [INFO] C:\Users\Redacted\Documents\LatticeVeil_project\LatticeVeilMonoGame\Online\Eos\EosClient.cs(227,34): warning CS8604: Possible null reference argument for parameter 'left' in 'bool Handle.operator ==(Handle left, Handle right)'. [C:\Users\Redacted\Documents\LatticeVeil_project\LatticeVeilMonoGame\LatticeVeilMonoGame.csproj]
[13:30:20] [INFO] C:\Users\Redacted\Documents\LatticeVeil_project\LatticeVeilMonoGame\Online\Eos\EosClient.cs(227,50): warning CS8625: Cannot convert null literal to non-nullable reference type. [C:\Users\Redacted\Documents\LatticeVeil_project\LatticeVeilMonoGame\LatticeVeilMonoGame.csproj]
[13:30:20] [INFO] C:\Users\Redacted\Documents\LatticeVeil_project\LatticeVeilMonoGame\Online\Eos\EosClient.cs(230,13): warning CS8604: Possible null reference argument for parameter 'left' in 'bool Handle.operator ==(Handle left, Handle right)'. [C:\Users\Redacted\Documents\LatticeVeil_project\LatticeVeilMonoGame\LatticeVeilMonoGame.csproj]
[13:30:20] [INFO] C:\Users\Redacted\Documents\LatticeVeil_project\LatticeVeilMonoGame\Online\Eos\EosClient.cs(230,31): warning CS8625: Cannot convert null literal to non-nullable reference type. [C:\Users\Redacted\Documents\LatticeVeil_project\LatticeVeilMonoGame\LatticeVeilMonoGame.csproj]
[13:30:20] [INFO] C:\Users\Redacted\Documents\LatticeVeil_project\LatticeVeilMonoGame\Online\Eos\EosClient.cs(234,20): warning CS8625: Cannot convert null literal to non-nullable reference type. [C:\Users\Redacted\Documents\LatticeVeil_project\LatticeVeilMonoGame\LatticeVeilMonoGame.csproj]
[13:30:20] [INFO] C:\Users\Redacted\Documents\LatticeVeil_project\LatticeVeilMonoGame\Online\Eos\EosClient.cs(245,62): warning CS8625: Cannot convert null literal to non-nullable reference type. [C:\Users\Redacted\Documents\LatticeVeil_project\LatticeVeilMonoGame\LatticeVeilMonoGame.csproj]
[13:30:20] [INFO] C:\Users\Redacted\Documents\LatticeVeil_project\ThirdParty\EOS\SDK\Source\Core\Helper.cs(466,16): warning CS8600: Converting null literal or possible null value to non-nullable type. [C:\Users\Redacted\Documents\LatticeVeil_project\LatticeVeilMonoGame\LatticeVeilMonoGame.csproj]
[13:30:20] [INFO] C:\Users\Redacted\Documents\LatticeVeil_project\ThirdParty\EOS\SDK\Source\Core\Helper.cs(473,52): warning CS8600: Converting null literal or possible null value to non-nullable type. [C:\Users\Redacted\Documents\LatticeVeil_project\LatticeVeilMonoGame\LatticeVeilMonoGame.csproj]
[13:30:20] [INFO] C:\Users\Redacted\Documents\LatticeVeil_project\ThirdParty\EOS\SDK\Source\Core\Helper.cs(473,40): warning CS8600: Converting null literal or possible null value to non-nullable type. [C:\Users\Redacted\Documents\LatticeVeil_project\LatticeVeilMonoGame\LatticeVeilMonoGame.csproj]
[13:30:20] [INFO] C:\Users\Redacted\Documents\LatticeVeil_project\ThirdParty\EOS\SDK\Source\Core\Helper.cs(473,40): warning CS8604: Possible null reference argument for parameter 'str' in 'nint Helper.AddPinnedBuffer(Utf8String str)'. [C:\Users\Redacted\Documents\LatticeVeil_project\LatticeVeilMonoGame\LatticeVeilMonoGame.csproj]
[13:30:20] [INFO] C:\Users\Redacted\Documents\LatticeVeil_project\ThirdParty\EOS\SDK\Source\Core\Helper.cs(491,23): warning CS8600: Converting null literal or possible null value to non-nullable type. [C:\Users\Redacted\Documents\LatticeVeil_project\LatticeVeilMonoGame\LatticeVeilMonoGame.csproj]
[13:30:20] [INFO] C:\Users\Redacted\Documents\LatticeVeil_project\ThirdParty\EOS\SDK\Source\Core\Helper.cs(491,15): warning CS8600: Converting null literal or possible null value to non-nullable type. [C:\Users\Redacted\Documents\LatticeVeil_project\LatticeVeilMonoGame\LatticeVeilMonoGame.csproj]
[13:30:20] [INFO] C:\Users\Redacted\Documents\LatticeVeil_project\ThirdParty\EOS\SDK\Source\Core\Helper.cs(491,15): warning CS8604: Possible null reference argument for parameter 'from' in 'void Helper.Convert(Handle from, out nint to)'. [C:\Users\Redacted\Documents\LatticeVeil_project\LatticeVeilMonoGame\LatticeVeilMonoGame.csproj]
[13:30:20] [INFO] C:\Users\Redacted\Documents\LatticeVeil_project\ThirdParty\EOS\SDK\Source\Core\Helper.cs(496,30): warning CS8604: Possible null reference argument for parameter 'structure' in 'void Marshal.StructureToPtr<T?>(T? structure, nint ptr, bool fDeleteOld)'. [C:\Users\Redacted\Documents\LatticeVeil_project\LatticeVeilMonoGame\LatticeVeilMonoGame.csproj]
[13:30:20] [INFO] C:\Users\Redacted\Documents\LatticeVeil_project\ThirdParty\EOS\SDK\Source\Core\Helper.cs(526,50): warning CS8602: Dereference of a possibly null reference. [C:\Users\Redacted\Documents\LatticeVeil_project\LatticeVeilMonoGame\LatticeVeilMonoGame.csproj]
[13:30:20] [INFO] C:\Users\Redacted\Documents\LatticeVeil_project\ThirdParty\EOS\SDK\Source\Core\Helper.cs(532,32): warning CS8604: Possible null reference argument for parameter 't' in 'int Marshal.SizeOf(Type t)'. [C:\Users\Redacted\Documents\LatticeVeil_project\LatticeVeilMonoGame\LatticeVeilMonoGame.csproj]
[13:30:20] [INFO] C:\Users\Redacted\Documents\LatticeVeil_project\ThirdParty\EOS\SDK\Source\Core\Helper.cs(536,41): warning CS8602: Dereference of a possibly null reference. [C:\Users\Redacted\Documents\LatticeVeil_project\LatticeVeilMonoGame\LatticeVeilMonoGame.csproj]
[13:30:20] [INFO] C:\Users\Redacted\Documents\LatticeVeil_project\ThirdParty\EOS\SDK\Source\Core\P2P\P2PInterface.cs(37,22): warning CS8625: Cannot convert null literal to non-nullable reference type. [C:\Users\Redacted\Documents\LatticeVeil_project\LatticeVeilMonoGame\LatticeVeilMonoGame.csproj]
[13:30:20] [INFO] C:\Users\Redacted\Documents\LatticeVeil_project\ThirdParty\EOS\SDK\Source\Core\Helper.cs(574,12): warning CS8625: Cannot convert null literal to non-nullable reference type. [C:\Users\Redacted\Documents\LatticeVeil_project\LatticeVeilMonoGame\LatticeVeilMonoGame.csproj]
[13:30:20] [INFO] C:\Users\Redacted\Documents\LatticeVeil_project\ThirdParty\EOS\SDK\Source\Core\Helper.cs(620,15): warning CS8625: Cannot convert null literal to non-nullable reference type. [C:\Users\Redacted\Documents\LatticeVeil_project\LatticeVeilMonoGame\LatticeVeilMonoGame.csproj]
[13:30:20] [INFO] C:\Users\Redacted\Documents\LatticeVeil_project\ThirdParty\EOS\SDK\Source\Core\Helper.cs(630,17): warning CS8625: Cannot convert null literal to non-nullable reference type. [C:\Users\Redacted\Documents\LatticeVeil_project\LatticeVeilMonoGame\LatticeVeilMonoGame.csproj]
[13:30:20] [INFO] C:\Users\Redacted\Documents\LatticeVeil_project\ThirdParty\EOS\SDK\Source\Core\Helper.cs(635,27): warning CS8604: Possible null reference argument for parameter 'buffer' in 'nint Helper.AddPinnedBuffer(byte[] buffer, int offset)'. [C:\Users\Redacted\Documents\LatticeVeil_project\LatticeVeilMonoGame\LatticeVeilMonoGame.csproj]
[13:30:20] [INFO] C:\Users\Redacted\Documents\LatticeVeil_project\LatticeVeilMonoGame\Online\Eos\EosP2PSession.cs(84,13): warning CS8604: Possible null reference argument for parameter 'left' in 'bool Handle.operator ==(Handle left, Handle right)'. [C:\Users\Redacted\Documents\LatticeVeil_project\LatticeVeilMonoGame\LatticeVeilMonoGame.csproj]
[13:30:20] [INFO] C:\Users\Redacted\Documents\LatticeVeil_project\LatticeVeilMonoGame\Online\Eos\EosP2PSession.cs(84,39): warning CS8625: Cannot convert null literal to non-nullable reference type. [C:\Users\Redacted\Documents\LatticeVeil_project\LatticeVeilMonoGame\LatticeVeilMonoGame.csproj]
[13:30:20] [INFO] C:\Users\Redacted\Documents\LatticeVeil_project\LatticeVeilMonoGame\Online\Eos\EosP2PSession.cs(84,47): warning CS8604: Possible null reference argument for parameter 'left' in 'bool Handle.operator ==(Handle left, Handle right)'. [C:\Users\Redacted\Documents\LatticeVeil_project\LatticeVeilMonoGame\LatticeVeilMonoGame.csproj]
[13:30:20] [INFO] C:\Users\Redacted\Documents\LatticeVeil_project\LatticeVeilMonoGame\Online\Eos\EosP2PSession.cs(84,85): warning CS8625: Cannot convert null literal to non-nullable reference type. [C:\Users\Redacted\Documents\LatticeVeil_project\LatticeVeilMonoGame\LatticeVeilMonoGame.csproj]
[13:30:20] [INFO] C:\Users\Redacted\Documents\LatticeVeil_project\ThirdParty\EOS\SDK\Source\Core\P2P\ReceivePacketOptions.cs(50,27): warning CS8625: Cannot convert null literal to non-nullable reference type. [C:\Users\Redacted\Documents\LatticeVeil_project\LatticeVeilMonoGame\LatticeVeilMonoGame.csproj]
[13:30:20] [INFO] C:\Users\Redacted\Documents\LatticeVeil_project\LatticeVeilMonoGame\Online\Gate\OnlineGateClient.cs(526,99): warning CS8601: Possible null reference assignment. [C:\Users\Redacted\Documents\LatticeVeil_project\LatticeVeilMonoGame\LatticeVeilMonoGame.csproj]
[13:30:20] [INFO] C:\Users\Redacted\Documents\LatticeVeil_project\LatticeVeilMonoGame\Online\Gate\OnlineGateClient.cs(528,84): warning CS8601: Possible null reference assignment. [C:\Users\Redacted\Documents\LatticeVeil_project\LatticeVeilMonoGame\LatticeVeilMonoGame.csproj]
[13:30:20] [INFO] C:\Users\Redacted\Documents\LatticeVeil_project\LatticeVeilMonoGame\Online\Gate\OnlineGateClient.cs(530,80): warning CS8601: Possible null reference assignment. [C:\Users\Redacted\Documents\LatticeVeil_project\LatticeVeilMonoGame\LatticeVeilMonoGame.csproj]
[13:30:20] [INFO] C:\Users\Redacted\Documents\LatticeVeil_project\LatticeVeilMonoGame\Online\Gate\OnlineGateClient.cs(534,80): warning CS8601: Possible null reference assignment. [C:\Users\Redacted\Documents\LatticeVeil_project\LatticeVeilMonoGame\LatticeVeilMonoGame.csproj]
[13:30:20] [INFO] C:\Users\Redacted\Documents\LatticeVeil_project\LatticeVeilMonoGame\Online\Eos\EosClient.cs(387,47): warning CS8604: Possible null reference argument for parameter 'left' in 'bool Handle.operator ==(Handle left, Handle right)'. [C:\Users\Redacted\Documents\LatticeVeil_project\LatticeVeilMonoGame\LatticeVeilMonoGame.csproj]
[13:30:20] [INFO] C:\Users\Redacted\Documents\LatticeVeil_project\LatticeVeilMonoGame\Online\Eos\EosClient.cs(387,58): warning CS8625: Cannot convert null literal to non-nullable reference type. [C:\Users\Redacted\Documents\LatticeVeil_project\LatticeVeilMonoGame\LatticeVeilMonoGame.csproj]
[13:30:20] [INFO] C:\Users\Redacted\Documents\LatticeVeil_project\LatticeVeilMonoGame\Online\Eos\EosClient.cs(411,47): warning CS8625: Cannot convert null literal to non-nullable reference type. [C:\Users\Redacted\Documents\LatticeVeil_project\LatticeVeilMonoGame\LatticeVeilMonoGame.csproj]
[13:30:20] [INFO] C:\Users\Redacted\Documents\LatticeVeil_project\LatticeVeilMonoGame\Online\Eos\EosP2PSession.cs(521,84): warning CS8625: Cannot convert null literal to non-nullable reference type. [C:\Users\Redacted\Documents\LatticeVeil_project\LatticeVeilMonoGame\LatticeVeilMonoGame.csproj]
[13:30:20] [INFO] C:\Users\Redacted\Documents\LatticeVeil_project\LatticeVeilMonoGame\Online\Eos\EosP2PSession.cs(528,80): warning CS8625: Cannot convert null literal to non-nullable reference type. [C:\Users\Redacted\Documents\LatticeVeil_project\LatticeVeilMonoGame\LatticeVeilMonoGame.csproj]
[13:30:20] [INFO] C:\Users\Redacted\Documents\LatticeVeil_project\LatticeVeilMonoGame\Online\Eos\EosP2PSession.cs(536,34): warning CS8625: Cannot convert null literal to non-nullable reference type. [C:\Users\Redacted\Documents\LatticeVeil_project\LatticeVeilMonoGame\LatticeVeilMonoGame.csproj]
[13:30:20] [INFO] C:\Users\Redacted\Documents\LatticeVeil_project\LatticeVeilMonoGame\Online\Eos\EosP2PSession.cs(556,34): warning CS8625: Cannot convert null literal to non-nullable reference type. [C:\Users\Redacted\Documents\LatticeVeil_project\LatticeVeilMonoGame\LatticeVeilMonoGame.csproj]
[13:30:20] [INFO] C:\Users\Redacted\Documents\LatticeVeil_project\LatticeVeilMonoGame\Online\Eos\EosP2PSession.cs(1034,13): warning CS8604: Possible null reference argument for parameter 'left' in 'bool Handle.operator ==(Handle left, Handle right)'. [C:\Users\Redacted\Documents\LatticeVeil_project\LatticeVeilMonoGame\LatticeVeilMonoGame.csproj]
[13:30:20] [INFO] C:\Users\Redacted\Documents\LatticeVeil_project\LatticeVeilMonoGame\Online\Eos\EosP2PSession.cs(1034,39): warning CS8625: Cannot convert null literal to non-nullable reference type. [C:\Users\Redacted\Documents\LatticeVeil_project\LatticeVeilMonoGame\LatticeVeilMonoGame.csproj]
[13:30:20] [INFO] C:\Users\Redacted\Documents\LatticeVeil_project\LatticeVeilMonoGame\Online\Eos\EosP2PSession.cs(1034,47): warning CS8604: Possible null reference argument for parameter 'left' in 'bool Handle.operator ==(Handle left, Handle right)'. [C:\Users\Redacted\Documents\LatticeVeil_project\LatticeVeilMonoGame\LatticeVeilMonoGame.csproj]
[13:30:20] [INFO] C:\Users\Redacted\Documents\LatticeVeil_project\LatticeVeilMonoGame\Online\Eos\EosP2PSession.cs(1034,85): warning CS8625: Cannot convert null literal to non-nullable reference type. [C:\Users\Redacted\Documents\LatticeVeil_project\LatticeVeilMonoGame\LatticeVeilMonoGame.csproj]
[13:30:20] [INFO] C:\Users\Redacted\Documents\LatticeVeil_project\LatticeVeilMonoGame\Online\Eos\EosP2PSession.cs(1038,13): warning CS8604: Possible null reference argument for parameter 'left' in 'bool Handle.operator ==(Handle left, Handle right)'. [C:\Users\Redacted\Documents\LatticeVeil_project\LatticeVeilMonoGame\LatticeVeilMonoGame.csproj]
[13:30:20] [INFO] C:\Users\Redacted\Documents\LatticeVeil_project\LatticeVeilMonoGame\Online\Eos\EosP2PSession.cs(1038,23): warning CS8625: Cannot convert null literal to non-nullable reference type. [C:\Users\Redacted\Documents\LatticeVeil_project\LatticeVeilMonoGame\LatticeVeilMonoGame.csproj]
[13:30:20] [INFO] C:\Users\Redacted\Documents\LatticeVeil_project\LatticeVeilMonoGame\Online\Eos\EosP2PSession.cs(1106,27): warning CS8625: Cannot convert null literal to non-nullable reference type. [C:\Users\Redacted\Documents\LatticeVeil_project\LatticeVeilMonoGame\LatticeVeilMonoGame.csproj]
[13:30:20] [INFO] C:\Users\Redacted\Documents\LatticeVeil_project\LatticeVeilMonoGame\Online\Eos\EosClient.cs(452,45): warning CS8625: Cannot convert null literal to non-nullable reference type. [C:\Users\Redacted\Documents\LatticeVeil_project\LatticeVeilMonoGame\LatticeVeilMonoGame.csproj]
[13:30:20] [INFO] C:\Users\Redacted\Documents\LatticeVeil_project\LatticeVeilMonoGame\Online\Eos\EosP2PSession.cs(1824,26): warning CS8602: Dereference of a possibly null reference. [C:\Users\Redacted\Documents\LatticeVeil_project\LatticeVeilMonoGame\LatticeVeilMonoGame.csproj]
[13:30:20] [INFO] C:\Users\Redacted\Documents\LatticeVeil_project\LatticeVeilMonoGame\Online\Eos\EosP2PSession.cs(578,31): warning CS8625: Cannot convert null literal to non-nullable reference type. [C:\Users\Redacted\Documents\LatticeVeil_project\LatticeVeilMonoGame\LatticeVeilMonoGame.csproj]
[13:30:20] [INFO] C:\Users\Redacted\Documents\LatticeVeil_project\LatticeVeilMonoGame\Online\Lan\LanSession.cs(1115,49): warning CS8604: Possible null reference argument for parameter 'reason' in 'void LanClientSession.SetDisconnectReasonOnce(string reason)'. [C:\Users\Redacted\Documents\LatticeVeil_project\LatticeVeilMonoGame\LatticeVeilMonoGame.csproj]
[13:30:20] [INFO] C:\Users\Redacted\Documents\LatticeVeil_project\LatticeVeilMonoGame\Online\Eos\EosP2PSession.cs(1147,13): warning CS8604: Possible null reference argument for parameter 'left' in 'bool Handle.operator ==(Handle left, Handle right)'. [C:\Users\Redacted\Documents\LatticeVeil_project\LatticeVeilMonoGame\LatticeVeilMonoGame.csproj]
[13:30:20] [INFO] C:\Users\Redacted\Documents\LatticeVeil_project\LatticeVeilMonoGame\Online\Eos\EosP2PSession.cs(1147,39): warning CS8625: Cannot convert null literal to non-nullable reference type. [C:\Users\Redacted\Documents\LatticeVeil_project\LatticeVeilMonoGame\LatticeVeilMonoGame.csproj]
[13:30:20] [INFO] C:\Users\Redacted\Documents\LatticeVeil_project\LatticeVeilMonoGame\Online\Eos\EosP2PSession.cs(1147,47): warning CS8604: Possible null reference argument for parameter 'left' in 'bool Handle.operator ==(Handle left, Handle right)'. [C:\Users\Redacted\Documents\LatticeVeil_project\LatticeVeilMonoGame\LatticeVeilMonoGame.csproj]
[13:30:20] [INFO] C:\Users\Redacted\Documents\LatticeVeil_project\LatticeVeilMonoGame\Online\Eos\EosP2PSession.cs(1147,85): warning CS8625: Cannot convert null literal to non-nullable reference type. [C:\Users\Redacted\Documents\LatticeVeil_project\LatticeVeilMonoGame\LatticeVeilMonoGame.csproj]
[13:30:20] [INFO] C:\Users\Redacted\Documents\LatticeVeil_project\LatticeVeilMonoGame\Online\Eos\EosP2PSession.cs(1151,13): warning CS8604: Possible null reference argument for parameter 'left' in 'bool Handle.operator ==(Handle left, Handle right)'. [C:\Users\Redacted\Documents\LatticeVeil_project\LatticeVeilMonoGame\LatticeVeilMonoGame.csproj]
[13:30:20] [INFO] C:\Users\Redacted\Documents\LatticeVeil_project\LatticeVeilMonoGame\Online\Eos\EosP2PSession.cs(1151,23): warning CS8625: Cannot convert null literal to non-nullable reference type. [C:\Users\Redacted\Documents\LatticeVeil_project\LatticeVeilMonoGame\LatticeVeilMonoGame.csproj]
[13:30:20] [INFO] C:\Users\Redacted\Documents\LatticeVeil_project\LatticeVeilMonoGame\Online\Eos\EosP2PSession.cs(1217,31): warning CS8625: Cannot convert null literal to non-nullable reference type. [C:\Users\Redacted\Documents\LatticeVeil_project\LatticeVeilMonoGame\LatticeVeilMonoGame.csproj]
[13:30:20] [INFO] C:\Users\Redacted\Documents\LatticeVeil_project\LatticeVeilMonoGame\Online\Eos\EosP2PSession.cs(1504,80): warning CS8625: Cannot convert null literal to non-nullable reference type. [C:\Users\Redacted\Documents\LatticeVeil_project\LatticeVeilMonoGame\LatticeVeilMonoGame.csproj]
[13:30:20] [INFO] C:\Users\Redacted\Documents\LatticeVeil_project\LatticeVeilMonoGame\Online\Eos\EosClient.cs(509,63): warning CS8625: Cannot convert null literal to non-nullable reference type. [C:\Users\Redacted\Documents\LatticeVeil_project\LatticeVeilMonoGame\LatticeVeilMonoGame.csproj]
[13:30:20] [INFO] C:\Users\Redacted\Documents\LatticeVeil_project\LatticeVeilMonoGame\Online\Eos\EosClient.cs(542,43): warning CS8625: Cannot convert null literal to non-nullable reference type. [C:\Users\Redacted\Documents\LatticeVeil_project\LatticeVeilMonoGame\LatticeVeilMonoGame.csproj]
[13:30:20] [INFO] C:\Users\Redacted\Documents\LatticeVeil_project\LatticeVeilMonoGame\Online\Eos\EosClient.cs(573,64): warning CS8625: Cannot convert null literal to non-nullable reference type. [C:\Users\Redacted\Documents\LatticeVeil_project\LatticeVeilMonoGame\LatticeVeilMonoGame.csproj]
[13:30:20] [INFO] C:\Users\Redacted\Documents\LatticeVeil_project\LatticeVeilMonoGame\Online\Eos\EosP2PSession.cs(1512,34): warning CS8625: Cannot convert null literal to non-nullable reference type. [C:\Users\Redacted\Documents\LatticeVeil_project\LatticeVeilMonoGame\LatticeVeilMonoGame.csproj]
[13:30:20] [INFO] C:\Users\Redacted\Documents\LatticeVeil_project\LatticeVeilMonoGame\Online\Eos\EosClient.cs(608,13): warning CS8604: Possible null reference argument for parameter 'left' in 'bool Handle.operator ==(Handle left, Handle right)'. [C:\Users\Redacted\Documents\LatticeVeil_project\LatticeVeilMonoGame\LatticeVeilMonoGame.csproj]
[13:30:20] [INFO] C:\Users\Redacted\Documents\LatticeVeil_project\LatticeVeilMonoGame\Online\Eos\EosClient.cs(608,23): warning CS8625: Cannot convert null literal to non-nullable reference type. [C:\Users\Redacted\Documents\LatticeVeil_project\LatticeVeilMonoGame\LatticeVeilMonoGame.csproj]
[13:30:20] [INFO] C:\Users\Redacted\Documents\LatticeVeil_project\LatticeVeilMonoGame\Online\Eos\EosClient.cs(608,31): warning CS8604: Possible null reference argument for parameter 'left' in 'bool Handle.operator ==(Handle left, Handle right)'. [C:\Users\Redacted\Documents\LatticeVeil_project\LatticeVeilMonoGame\LatticeVeilMonoGame.csproj]
[13:30:20] [INFO] C:\Users\Redacted\Documents\LatticeVeil_project\LatticeVeilMonoGame\Online\Eos\EosClient.cs(608,47): warning CS8625: Cannot convert null literal to non-nullable reference type. [C:\Users\Redacted\Documents\LatticeVeil_project\LatticeVeilMonoGame\LatticeVeilMonoGame.csproj]
[13:30:20] [INFO] C:\Users\Redacted\Documents\LatticeVeil_project\LatticeVeilMonoGame\Online\Eos\EosP2PSession.cs(1532,31): warning CS8625: Cannot convert null literal to non-nullable reference type. [C:\Users\Redacted\Documents\LatticeVeil_project\LatticeVeilMonoGame\LatticeVeilMonoGame.csproj]
[13:30:20] [INFO] C:\Users\Redacted\Documents\LatticeVeil_project\LatticeVeilMonoGame\Online\Eos\EosClient.cs(647,28): warning CS8625: Cannot convert null literal to non-nullable reference type. [C:\Users\Redacted\Documents\LatticeVeil_project\LatticeVeilMonoGame\LatticeVeilMonoGame.csproj]
[13:30:20] [INFO] C:\Users\Redacted\Documents\LatticeVeil_project\LatticeVeilMonoGame\Online\Eos\EosClient.cs(659,28): warning CS8625: Cannot convert null literal to non-nullable reference type. [C:\Users\Redacted\Documents\LatticeVeil_project\LatticeVeilMonoGame\LatticeVeilMonoGame.csproj]
[13:30:20] [INFO] C:\Users\Redacted\Documents\LatticeVeil_project\LatticeVeilMonoGame\Online\Eos\EosClient.cs(672,51): warning CS8625: Cannot convert null literal to non-nullable reference type. [C:\Users\Redacted\Documents\LatticeVeil_project\LatticeVeilMonoGame\LatticeVeilMonoGame.csproj]
[13:30:20] [INFO] C:\Users\Redacted\Documents\LatticeVeil_project\LatticeVeilMonoGame\Online\Eos\EosClient.cs(714,49): warning CS8625: Cannot convert null literal to non-nullable reference type. [C:\Users\Redacted\Documents\LatticeVeil_project\LatticeVeilMonoGame\LatticeVeilMonoGame.csproj]
[13:30:20] [INFO] C:\Users\Redacted\Documents\LatticeVeil_project\LatticeVeilMonoGame\Online\Eos\EosClient.cs(751,57): warning CS8625: Cannot convert null literal to non-nullable reference type. [C:\Users\Redacted\Documents\LatticeVeil_project\LatticeVeilMonoGame\LatticeVeilMonoGame.csproj]
[13:30:20] [INFO] C:\Users\Redacted\Documents\LatticeVeil_project\LatticeVeilMonoGame\Online\Eos\EosClient.cs(789,17): warning CS8604: Possible null reference argument for parameter 'left' in 'bool Handle.operator !=(Handle left, Handle right)'. [C:\Users\Redacted\Documents\LatticeVeil_project\LatticeVeilMonoGame\LatticeVeilMonoGame.csproj]
[13:30:20] [INFO] C:\Users\Redacted\Documents\LatticeVeil_project\LatticeVeilMonoGame\Online\Eos\EosClient.cs(789,33): warning CS8625: Cannot convert null literal to non-nullable reference type. [C:\Users\Redacted\Documents\LatticeVeil_project\LatticeVeilMonoGame\LatticeVeilMonoGame.csproj]
[13:30:20] [INFO] C:\Users\Redacted\Documents\LatticeVeil_project\LatticeVeilMonoGame\Online\Eos\EosClient.cs(811,51): warning CS8625: Cannot convert null literal to non-nullable reference type. [C:\Users\Redacted\Documents\LatticeVeil_project\LatticeVeilMonoGame\LatticeVeilMonoGame.csproj]
[13:30:20] [INFO] C:\Users\Redacted\Documents\LatticeVeil_project\ThirdParty\EOS\SDK\Source\Generated\ProductUserId.cs(117,28): warning CS8600: Converting null literal or possible null value to non-nullable type. [C:\Users\Redacted\Documents\LatticeVeil_project\LatticeVeilMonoGame\LatticeVeilMonoGame.csproj]
[13:30:20] [INFO] C:\Users\Redacted\Documents\LatticeVeil_project\ThirdParty\EOS\SDK\Source\Generated\ProductUserId.cs(119,21): warning CS8625: Cannot convert null literal to non-nullable reference type. [C:\Users\Redacted\Documents\LatticeVeil_project\LatticeVeilMonoGame\LatticeVeilMonoGame.csproj]
[13:30:20] [INFO] C:\Users\Redacted\Documents\LatticeVeil_project\ThirdParty\EOS\SDK\Source\Generated\EpicAccountId.cs(117,28): warning CS8600: Converting null literal or possible null value to non-nullable type. [C:\Users\Redacted\Documents\LatticeVeil_project\LatticeVeilMonoGame\LatticeVeilMonoGame.csproj]
[13:30:20] [INFO] C:\Users\Redacted\Documents\LatticeVeil_project\ThirdParty\EOS\SDK\Source\Generated\EpicAccountId.cs(119,21): warning CS8625: Cannot convert null literal to non-nullable reference type. [C:\Users\Redacted\Documents\LatticeVeil_project\LatticeVeilMonoGame\LatticeVeilMonoGame.csproj]
[13:30:20] [INFO] C:\Users\Redacted\Documents\LatticeVeil_project\LatticeVeilMonoGame\Online\Eos\EosClient.cs(855,63): warning CS8625: Cannot convert null literal to non-nullable reference type. [C:\Users\Redacted\Documents\LatticeVeil_project\LatticeVeilMonoGame\LatticeVeilMonoGame.csproj]
[13:30:20] [INFO] C:\Users\Redacted\Documents\LatticeVeil_project\LatticeVeilMonoGame\Online\Eos\EosClient.cs(871,43): warning CS8625: Cannot convert null literal to non-nullable reference type. [C:\Users\Redacted\Documents\LatticeVeil_project\LatticeVeilMonoGame\LatticeVeilMonoGame.csproj]
[13:30:20] [INFO] C:\Users\Redacted\Documents\LatticeVeil_project\ThirdParty\EOS\SDK\Source\Generated\ContinuanceToken.cs(72,28): warning CS8600: Converting null literal or possible null value to non-nullable type. [C:\Users\Redacted\Documents\LatticeVeil_project\LatticeVeilMonoGame\LatticeVeilMonoGame.csproj]
[13:30:20] [INFO] C:\Users\Redacted\Documents\LatticeVeil_project\ThirdParty\EOS\SDK\Source\Generated\ContinuanceToken.cs(74,28): warning CS8625: Cannot convert null literal to non-nullable reference type. [C:\Users\Redacted\Documents\LatticeVeil_project\LatticeVeilMonoGame\LatticeVeilMonoGame.csproj]
[13:30:20] [INFO] C:\Users\Redacted\Documents\LatticeVeil_project\LatticeVeilMonoGame\Online\Eos\EosClient.cs(1058,13): warning CS8604: Possible null reference argument for parameter 'left' in 'bool Handle.operator ==(Handle left, Handle right)'. [C:\Users\Redacted\Documents\LatticeVeil_project\LatticeVeilMonoGame\LatticeVeilMonoGame.csproj]
[13:30:20] [INFO] C:\Users\Redacted\Documents\LatticeVeil_project\LatticeVeilMonoGame\Online\Eos\EosClient.cs(1058,21): warning CS8625: Cannot convert null literal to non-nullable reference type. [C:\Users\Redacted\Documents\LatticeVeil_project\LatticeVeilMonoGame\LatticeVeilMonoGame.csproj]
[13:30:20] [INFO] C:\Users\Redacted\Documents\LatticeVeil_project\LatticeVeilMonoGame\Online\Gate\OnlineGateClient.cs(1495,23): warning CS8601: Possible null reference assignment. [C:\Users\Redacted\Documents\LatticeVeil_project\LatticeVeilMonoGame\LatticeVeilMonoGame.csproj]
[13:30:20] [INFO] C:\Users\Redacted\Documents\LatticeVeil_project\LatticeVeilMonoGame\Online\Lan\LanSession.cs(752,30): warning CS8602: Dereference of a possibly null reference. [C:\Users\Redacted\Documents\LatticeVeil_project\LatticeVeilMonoGame\LatticeVeilMonoGame.csproj]
[13:30:20] [INFO] C:\Users\Redacted\Documents\LatticeVeil_project\LatticeVeilMonoGame\Launcher\LauncherForm.cs(2440,9): warning CS0162: Unreachable code detected [C:\Users\Redacted\Documents\LatticeVeil_project\LatticeVeilMonoGame\LatticeVeilMonoGame.csproj]
[13:30:20] [INFO] C:\Users\Redacted\Documents\LatticeVeil_project\LatticeVeilMonoGame\Online\Eos\EosClient.cs(54,28): warning CS0649: Field 'EosClient._epicAccountId' is never assigned to, and will always have its default value null [C:\Users\Redacted\Documents\LatticeVeil_project\LatticeVeilMonoGame\LatticeVeilMonoGame.csproj]
[13:30:20] [INFO] C:\Users\Redacted\Documents\LatticeVeil_project\LatticeVeilMonoGame\Online\Eos\EosClient.cs(57,18): warning CS0169: The field 'EosClient._epicLoginStarted' is never used [C:\Users\Redacted\Documents\LatticeVeil_project\LatticeVeilMonoGame\LatticeVeilMonoGame.csproj]
[13:30:20] [INFO] C:\Users\Redacted\Documents\LatticeVeil_project\LatticeVeilMonoGame\Launcher\LauncherForm.cs(190,21): warning CS0169: The field 'LauncherForm._authTicket' is never used [C:\Users\Redacted\Documents\LatticeVeil_project\LatticeVeilMonoGame\LatticeVeilMonoGame.csproj]
[13:30:20] [INFO] C:\Users\Redacted\Documents\LatticeVeil_project\LatticeVeilMonoGame\UI\Screens\GameWorldScreen.cs(195,18): warning CS0169: The field 'GameWorldScreen._handoffFullStack' is never used [C:\Users\Redacted\Documents\LatticeVeil_project\LatticeVeilMonoGame\LatticeVeilMonoGame.csproj]
[13:30:20] [INFO] C:\Users\Redacted\Documents\LatticeVeil_project\LatticeVeilMonoGame\Launcher\LauncherForm.cs(154,18): warning CS0169: The field 'LauncherForm._nameEditInProgress' is never used [C:\Users\Redacted\Documents\LatticeVeil_project\LatticeVeilMonoGame\LatticeVeilMonoGame.csproj]
[13:30:20] [INFO] C:\Users\Redacted\Documents\LatticeVeil_project\LatticeVeilMonoGame\Online\Eos\EosClient.cs(58,18): warning CS0169: The field 'EosClient._allowDeviceFallback' is never used [C:\Users\Redacted\Documents\LatticeVeil_project\LatticeVeilMonoGame\LatticeVeilMonoGame.csproj]
[13:30:20] [INFO] C:\Users\Redacted\Documents\LatticeVeil_project\LatticeVeilMonoGame\Online\Eos\EosClient.cs(59,18): warning CS0169: The field 'EosClient._silentLoginOnly' is never used [C:\Users\Redacted\Documents\LatticeVeil_project\LatticeVeilMonoGame\LatticeVeilMonoGame.csproj]
[13:30:20] [INFO] C:\Users\Redacted\Documents\LatticeVeil_project\LatticeVeilMonoGame\Online\Eos\EosClient.cs(55,21): warning CS0649: Field 'EosClient._epicDisplayName' is never assigned to, and will always have its default value null [C:\Users\Redacted\Documents\LatticeVeil_project\LatticeVeilMonoGame\LatticeVeilMonoGame.csproj]
[13:30:20] [INFO] C:\Users\Redacted\Documents\LatticeVeil_project\LatticeVeilMonoGame\Core\SimpleMemoryManager.cs(16,25): warning CS0169: The field 'SimpleMemoryManager._totalAllocated' is never used [C:\Users\Redacted\Documents\LatticeVeil_project\LatticeVeilMonoGame\LatticeVeilMonoGame.csproj]
[13:30:20] [INFO] C:\Users\Redacted\Documents\LatticeVeil_project\LatticeVeilMonoGame\UI\Screens\CreateWorldScreen.cs(58,18): warning CS0414: The field 'CreateWorldScreen._moreWorldOptionsOpen' is assigned but its value is never used [C:\Users\Redacted\Documents\LatticeVeil_project\LatticeVeilMonoGame\LatticeVeilMonoGame.csproj]
[13:30:20] [INFO] C:\Users\Redacted\Documents\LatticeVeil_project\LatticeVeilMonoGame\UI\Screens\GameWorldScreen.cs(329,18): warning CS0414: The field 'GameWorldScreen._pendingHostedOnlineShareAnnouncement' is assigned but its value is never used [C:\Users\Redacted\Documents\LatticeVeil_project\LatticeVeilMonoGame\LatticeVeilMonoGame.csproj]
[13:30:20] [INFO] C:\Users\Redacted\Documents\LatticeVeil_project\LatticeVeilMonoGame\UI\Screens\ProfileScreen.cs(114,18): warning CS0414: The field 'ProfileScreen._lastVeilnetSyncOk' is assigned but its value is never used [C:\Users\Redacted\Documents\LatticeVeil_project\LatticeVeilMonoGame\LatticeVeilMonoGame.csproj]
[13:30:20] [INFO] C:\Users\Redacted\Documents\LatticeVeil_project\LatticeVeilMonoGame\Online\Gate\OnlineGateClient.cs(171,20): warning CS0414: The field 'OnlineGateClient._status' is assigned but its value is never used [C:\Users\Redacted\Documents\LatticeVeil_project\LatticeVeilMonoGame\LatticeVeilMonoGame.csproj]
[13:30:20] [INFO]   LatticeVeilMonoGame -> C:\Users\Redacted\Documents\LatticeVeil_project\LatticeVeilMonoGame\bin\Debug\net8.0-windows\win-x64\LatticeVeilMonoGame.dll
[13:30:21] [INFO]   LatticeVeilMonoGame -> C:\Users\Redacted\Documents\LatticeVeil_project\LatticeVeilMonoGame\bin\Debug\net8.0-windows\win-x64\publish\
[13:30:21] [INFO] DEV final EXE staged: C:\Users\Redacted\Documents\LatticeVeil_project\DEV\LatticeVeilMonoGame.exe
[13:30:21] [INFO] Done: DEV Publish Only
[13:30:27] [INFO] DEV output folder opened: C:\Users\Redacted\Documents\LatticeVeil_project\DEV
[13:33:31] [INFO] Build GUI initialized.
[13:33:31] [INFO] Project root: C:\Users\Redacted\Documents\LatticeVeil_project
[13:33:31] [INFO] DEV final EXE folder: C:\Users\Redacted\Documents\LatticeVeil_project\DEV
[13:33:31] [INFO] RELEASE final EXE folder: C:\Users\Redacted\Documents\LatticeVeil_project\RELEASE
[13:33:31] [INFO] Logs: C:\Users\Redacted\Documents\LatticeVeil_project\.builder\logs\build-gui-20260221.log
[13:33:32] [INFO] Starting: Clean Outputs
[13:33:32] [INFO] Cleaning bin/obj folders...
[13:33:33] [INFO] Removed: C:\Users\Redacted\Documents\LatticeVeil_project\LatticeVeilMonoGame\bin
[13:33:33] [INFO] Removed: C:\Users\Redacted\Documents\LatticeVeil_project\LatticeVeilMonoGame\obj
[13:33:33] [INFO] Clean complete (DEV/RELEASE folders preserved)
[13:33:33] [INFO] Done: Clean Outputs
[13:33:35] [INFO] Starting: DEV Publish Only
[13:33:35] [INFO] BuildNonce: 20260221133335365-3b41226225
[13:33:35] [INFO] Cleaning bin/obj folders...
[13:33:35] [INFO] Clean complete (DEV/RELEASE folders preserved)
[13:33:35] [INFO] Running: dotnet restore C:\Users\Redacted\Documents\LatticeVeil_project\LatticeVeilMonoGame\LatticeVeilMonoGame.csproj
[13:33:37] [INFO]   Determining projects to restore...
[13:33:37] [INFO]   Restored C:\Users\Redacted\Documents\LatticeVeil_project\LatticeVeilMonoGame\LatticeVeilMonoGame.csproj (in 641 ms).
[13:33:37] [INFO] Running: dotnet publish C:\Users\Redacted\Documents\LatticeVeil_project\LatticeVeilMonoGame\LatticeVeilMonoGame.csproj --configuration Debug -r win-x64 --self-contained true -p:PublishSingleFile=true -p:IncludeNativeLibrariesForSelfExtract=true -p:IncludeAllContentForSelfExtract=true -p:BuildNonce=20260221133335365-3b41226225
[13:33:47] [INFO]   Determining projects to restore...
[13:33:47] [INFO]   All projects are up-to-date for restore.
[13:33:47] [INFO] C:\Users\Redacted\Documents\LatticeVeil_project\ThirdParty\EOS\SDK\Source\Core\Handle.cs(49,24): warning CS8765: Nullability of type of parameter 'obj' doesn't match overridden member (possibly because of nullability attributes). [C:\Users\Redacted\Documents\LatticeVeil_project\LatticeVeilMonoGame\LatticeVeilMonoGame.csproj]
[13:33:47] [INFO] C:\Users\Redacted\Documents\LatticeVeil_project\ThirdParty\EOS\SDK\Source\Core\Handle.cs(59,15): warning CS8767: Nullability of reference types in type of parameter 'other' of 'bool Handle.Equals(Handle other)' doesn't match implicitly implemented member 'bool IEquatable<Handle>.Equals(Handle? other)' (possibly because of nullability attributes). [C:\Users\Redacted\Documents\LatticeVeil_project\LatticeVeilMonoGame\LatticeVeilMonoGame.csproj]
[13:33:47] [INFO] C:\Users\Redacted\Documents\LatticeVeil_project\ThirdParty\EOS\SDK\Source\Core\Handle.cs(84,25): warning CS8767: Nullability of reference types in type of parameter 'format' of 'string Handle.ToString(string format, IFormatProvider formatProvider)' doesn't match implicitly implemented member 'string IFormattable.ToString(string? format, IFormatProvider? formatProvider)' (possibly because of nullability attributes). [C:\Users\Redacted\Documents\LatticeVeil_project\LatticeVeilMonoGame\LatticeVeilMonoGame.csproj]
[13:33:47] [INFO] C:\Users\Redacted\Documents\LatticeVeil_project\ThirdParty\EOS\SDK\Source\Core\Handle.cs(84,25): warning CS8767: Nullability of reference types in type of parameter 'formatProvider' of 'string Handle.ToString(string format, IFormatProvider formatProvider)' doesn't match implicitly implemented member 'string IFormattable.ToString(string? format, IFormatProvider? formatProvider)' (possibly because of nullability attributes). [C:\Users\Redacted\Documents\LatticeVeil_project\LatticeVeilMonoGame\LatticeVeilMonoGame.csproj]
[13:33:47] [INFO] C:\Users\Redacted\Documents\LatticeVeil_project\ThirdParty\EOS\SDK\Source\Core\Utf8String.cs(174,24): warning CS8765: Nullability of type of parameter 'obj' doesn't match overridden member (possibly because of nullability attributes). [C:\Users\Redacted\Documents\LatticeVeil_project\LatticeVeilMonoGame\LatticeVeilMonoGame.csproj]
[13:33:47] [INFO] C:\Users\Redacted\Documents\LatticeVeil_project\ThirdParty\EOS\SDK\Source\Core\CallbackHelper.cs(36,56): warning CS8600: Converting null literal or possible null value to non-nullable type. [C:\Users\Redacted\Documents\LatticeVeil_project\LatticeVeilMonoGame\LatticeVeilMonoGame.csproj]
[13:33:47] [INFO] C:\Users\Redacted\Documents\LatticeVeil_project\ThirdParty\EOS\SDK\Source\Core\CallbackHelper.cs(80,56): warning CS8600: Converting null literal or possible null value to non-nullable type. [C:\Users\Redacted\Documents\LatticeVeil_project\LatticeVeilMonoGame\LatticeVeilMonoGame.csproj]
[13:33:47] [INFO] C:\Users\Redacted\Documents\LatticeVeil_project\ThirdParty\EOS\SDK\Source\Core\CallbackHelper.cs(82,17): warning CS8601: Possible null reference assignment. [C:\Users\Redacted\Documents\LatticeVeil_project\LatticeVeilMonoGame\LatticeVeilMonoGame.csproj]
[13:33:47] [INFO] C:\Users\Redacted\Documents\LatticeVeil_project\ThirdParty\EOS\SDK\Source\Core\CallbackHelper.cs(115,56): warning CS8600: Converting null literal or possible null value to non-nullable type. [C:\Users\Redacted\Documents\LatticeVeil_project\LatticeVeilMonoGame\LatticeVeilMonoGame.csproj]
[13:33:47] [INFO] C:\Users\Redacted\Documents\LatticeVeil_project\ThirdParty\EOS\SDK\Source\Core\CallbackHelper.cs(117,17): warning CS8601: Possible null reference assignment. [C:\Users\Redacted\Documents\LatticeVeil_project\LatticeVeilMonoGame\LatticeVeilMonoGame.csproj]
[13:33:47] [INFO] C:\Users\Redacted\Documents\LatticeVeil_project\ThirdParty\EOS\SDK\Source\Core\CallbackHelper.cs(130,82): warning CS8629: Nullable value type may be null. [C:\Users\Redacted\Documents\LatticeVeil_project\LatticeVeilMonoGame\LatticeVeilMonoGame.csproj]
[13:33:47] [INFO] C:\Users\Redacted\Documents\LatticeVeil_project\ThirdParty\EOS\SDK\Source\Core\CallbackHelper.cs(163,56): warning CS8600: Converting null literal or possible null value to non-nullable type. [C:\Users\Redacted\Documents\LatticeVeil_project\LatticeVeilMonoGame\LatticeVeilMonoGame.csproj]
[13:33:47] [INFO] C:\Users\Redacted\Documents\LatticeVeil_project\ThirdParty\EOS\SDK\Source\Core\CallbackHelper.cs(165,17): warning CS8601: Possible null reference assignment. [C:\Users\Redacted\Documents\LatticeVeil_project\LatticeVeilMonoGame\LatticeVeilMonoGame.csproj]
[13:33:47] [INFO] C:\Users\Redacted\Documents\LatticeVeil_project\ThirdParty\EOS\SDK\Source\Core\CallbackHelper.cs(222,48): warning CS8600: Converting null literal or possible null value to non-nullable type. [C:\Users\Redacted\Documents\LatticeVeil_project\LatticeVeilMonoGame\LatticeVeilMonoGame.csproj]
[13:33:47] [INFO] C:\Users\Redacted\Documents\LatticeVeil_project\ThirdParty\EOS\SDK\Source\Core\CallbackHelper.cs(224,17): warning CS8601: Possible null reference assignment. [C:\Users\Redacted\Documents\LatticeVeil_project\LatticeVeilMonoGame\LatticeVeilMonoGame.csproj]
[13:33:47] [INFO] C:\Users\Redacted\Documents\LatticeVeil_project\ThirdParty\EOS\SDK\Source\Core\CallbackHelper.cs(251,56): warning CS8600: Converting null literal or possible null value to non-nullable type. [C:\Users\Redacted\Documents\LatticeVeil_project\LatticeVeilMonoGame\LatticeVeilMonoGame.csproj]
[13:33:47] [INFO] C:\Users\Redacted\Documents\LatticeVeil_project\ThirdParty\EOS\SDK\Source\Core\CallbackHelper.cs(296,54): warning CS8600: Converting null literal or possible null value to non-nullable type. [C:\Users\Redacted\Documents\LatticeVeil_project\LatticeVeilMonoGame\LatticeVeilMonoGame.csproj]
[13:33:47] [INFO] C:\Users\Redacted\Documents\LatticeVeil_project\ThirdParty\EOS\SDK\Source\Generated\Common.cs(22,51): warning CS8600: Converting null literal or possible null value to non-nullable type. [C:\Users\Redacted\Documents\LatticeVeil_project\LatticeVeilMonoGame\LatticeVeilMonoGame.csproj]
[13:33:47] [INFO] C:\Users\Redacted\Documents\LatticeVeil_project\ThirdParty\EOS\SDK\Source\Core\Helper.cs(127,18): warning CS8604: Possible null reference argument for parameter 'source' in 'void Marshal.Copy(byte[] source, int startIndex, nint destination, int length)'. [C:\Users\Redacted\Documents\LatticeVeil_project\LatticeVeilMonoGame\LatticeVeilMonoGame.csproj]
[13:33:47] [INFO] C:\Users\Redacted\Documents\LatticeVeil_project\ThirdParty\EOS\SDK\Source\Core\Helper.cs(178,13): warning CS8601: Possible null reference assignment. [C:\Users\Redacted\Documents\LatticeVeil_project\LatticeVeilMonoGame\LatticeVeilMonoGame.csproj]
[13:33:47] [INFO] C:\Users\Redacted\Documents\LatticeVeil_project\ThirdParty\EOS\SDK\Source\Core\Helper.cs(202,13): warning CS8600: Converting null literal or possible null value to non-nullable type. [C:\Users\Redacted\Documents\LatticeVeil_project\LatticeVeilMonoGame\LatticeVeilMonoGame.csproj]
[13:33:47] [INFO] C:\Users\Redacted\Documents\LatticeVeil_project\ThirdParty\EOS\SDK\Source\Core\Helper.cs(202,13): warning CS8601: Possible null reference assignment. [C:\Users\Redacted\Documents\LatticeVeil_project\LatticeVeilMonoGame\LatticeVeilMonoGame.csproj]
[13:33:47] [INFO] C:\Users\Redacted\Documents\LatticeVeil_project\ThirdParty\EOS\SDK\Source\Core\Helper.cs(235,14): warning CS8605: Unboxing a possibly null value. [C:\Users\Redacted\Documents\LatticeVeil_project\LatticeVeilMonoGame\LatticeVeilMonoGame.csproj]
[13:33:47] [INFO] C:\Users\Redacted\Documents\LatticeVeil_project\ThirdParty\EOS\SDK\Source\Core\Helper.cs(265,17): warning CS8601: Possible null reference assignment. [C:\Users\Redacted\Documents\LatticeVeil_project\LatticeVeilMonoGame\LatticeVeilMonoGame.csproj]
[13:33:47] [INFO] C:\Users\Redacted\Documents\LatticeVeil_project\ThirdParty\EOS\SDK\Source\Core\Handle.cs(51,18): warning CS8604: Possible null reference argument for parameter 'other' in 'bool Handle.Equals(Handle other)'. [C:\Users\Redacted\Documents\LatticeVeil_project\LatticeVeilMonoGame\LatticeVeilMonoGame.csproj]
[13:33:47] [INFO] C:\Users\Redacted\Documents\LatticeVeil_project\ThirdParty\EOS\SDK\Source\Core\Helper.cs(315,13): warning CS8601: Possible null reference assignment. [C:\Users\Redacted\Documents\LatticeVeil_project\LatticeVeilMonoGame\LatticeVeilMonoGame.csproj]
[13:33:47] [INFO] C:\Users\Redacted\Documents\LatticeVeil_project\LatticeVeilMonoGame\Online\Eos\EosClient.cs(106,59): warning CS8604: Possible null reference argument for parameter 'left' in 'bool Handle.operator !=(Handle left, Handle right)'. [C:\Users\Redacted\Documents\LatticeVeil_project\LatticeVeilMonoGame\LatticeVeilMonoGame.csproj]
[13:33:47] [INFO] C:\Users\Redacted\Documents\LatticeVeil_project\LatticeVeilMonoGame\Online\Eos\EosClient.cs(107,63): warning CS8604: Possible null reference argument for parameter 'left' in 'bool Handle.operator !=(Handle left, Handle right)'. [C:\Users\Redacted\Documents\LatticeVeil_project\LatticeVeilMonoGame\LatticeVeilMonoGame.csproj]
[13:33:47] [INFO] C:\Users\Redacted\Documents\LatticeVeil_project\ThirdParty\EOS\SDK\Source\Core\Helper.cs(466,16): warning CS8600: Converting null literal or possible null value to non-nullable type. [C:\Users\Redacted\Documents\LatticeVeil_project\LatticeVeilMonoGame\LatticeVeilMonoGame.csproj]
[13:33:47] [INFO] C:\Users\Redacted\Documents\LatticeVeil_project\ThirdParty\EOS\SDK\Source\Core\Helper.cs(473,52): warning CS8600: Converting null literal or possible null value to non-nullable type. [C:\Users\Redacted\Documents\LatticeVeil_project\LatticeVeilMonoGame\LatticeVeilMonoGame.csproj]
[13:33:47] [INFO] C:\Users\Redacted\Documents\LatticeVeil_project\ThirdParty\EOS\SDK\Source\Core\Helper.cs(473,40): warning CS8600: Converting null literal or possible null value to non-nullable type. [C:\Users\Redacted\Documents\LatticeVeil_project\LatticeVeilMonoGame\LatticeVeilMonoGame.csproj]
[13:33:47] [INFO] C:\Users\Redacted\Documents\LatticeVeil_project\ThirdParty\EOS\SDK\Source\Core\Helper.cs(473,40): warning CS8604: Possible null reference argument for parameter 'str' in 'nint Helper.AddPinnedBuffer(Utf8String str)'. [C:\Users\Redacted\Documents\LatticeVeil_project\LatticeVeilMonoGame\LatticeVeilMonoGame.csproj]
[13:33:47] [INFO] C:\Users\Redacted\Documents\LatticeVeil_project\ThirdParty\EOS\SDK\Source\Core\Helper.cs(491,23): warning CS8600: Converting null literal or possible null value to non-nullable type. [C:\Users\Redacted\Documents\LatticeVeil_project\LatticeVeilMonoGame\LatticeVeilMonoGame.csproj]
[13:33:47] [INFO] C:\Users\Redacted\Documents\LatticeVeil_project\ThirdParty\EOS\SDK\Source\Core\Helper.cs(491,15): warning CS8600: Converting null literal or possible null value to non-nullable type. [C:\Users\Redacted\Documents\LatticeVeil_project\LatticeVeilMonoGame\LatticeVeilMonoGame.csproj]
[13:33:47] [INFO] C:\Users\Redacted\Documents\LatticeVeil_project\ThirdParty\EOS\SDK\Source\Core\Helper.cs(491,15): warning CS8604: Possible null reference argument for parameter 'from' in 'void Helper.Convert(Handle from, out nint to)'. [C:\Users\Redacted\Documents\LatticeVeil_project\LatticeVeilMonoGame\LatticeVeilMonoGame.csproj]
[13:33:47] [INFO] C:\Users\Redacted\Documents\LatticeVeil_project\ThirdParty\EOS\SDK\Source\Core\Helper.cs(496,30): warning CS8604: Possible null reference argument for parameter 'structure' in 'void Marshal.StructureToPtr<T?>(T? structure, nint ptr, bool fDeleteOld)'. [C:\Users\Redacted\Documents\LatticeVeil_project\LatticeVeilMonoGame\LatticeVeilMonoGame.csproj]
[13:33:47] [INFO] C:\Users\Redacted\Documents\LatticeVeil_project\ThirdParty\EOS\SDK\Source\Core\Helper.cs(526,50): warning CS8602: Dereference of a possibly null reference. [C:\Users\Redacted\Documents\LatticeVeil_project\LatticeVeilMonoGame\LatticeVeilMonoGame.csproj]
[13:33:47] [INFO] C:\Users\Redacted\Documents\LatticeVeil_project\ThirdParty\EOS\SDK\Source\Core\Helper.cs(532,32): warning CS8604: Possible null reference argument for parameter 't' in 'int Marshal.SizeOf(Type t)'. [C:\Users\Redacted\Documents\LatticeVeil_project\LatticeVeilMonoGame\LatticeVeilMonoGame.csproj]
[13:33:47] [INFO] C:\Users\Redacted\Documents\LatticeVeil_project\ThirdParty\EOS\SDK\Source\Core\Helper.cs(536,41): warning CS8602: Dereference of a possibly null reference. [C:\Users\Redacted\Documents\LatticeVeil_project\LatticeVeilMonoGame\LatticeVeilMonoGame.csproj]
[13:33:47] [INFO] C:\Users\Redacted\Documents\LatticeVeil_project\LatticeVeilMonoGame\Online\Eos\EosClient.cs(159,13): warning CS8604: Possible null reference argument for parameter 'left' in 'bool Handle.operator ==(Handle left, Handle right)'. [C:\Users\Redacted\Documents\LatticeVeil_project\LatticeVeilMonoGame\LatticeVeilMonoGame.csproj]
[13:33:47] [INFO] C:\Users\Redacted\Documents\LatticeVeil_project\ThirdParty\EOS\SDK\Source\Core\Helper.cs(635,27): warning CS8604: Possible null reference argument for parameter 'buffer' in 'nint Helper.AddPinnedBuffer(byte[] buffer, int offset)'. [C:\Users\Redacted\Documents\LatticeVeil_project\LatticeVeilMonoGame\LatticeVeilMonoGame.csproj]
[13:33:47] [INFO] C:\Users\Redacted\Documents\LatticeVeil_project\LatticeVeilMonoGame\Online\Eos\EosClient.cs(203,13): warning CS8604: Possible null reference argument for parameter 'left' in 'bool Handle.operator ==(Handle left, Handle right)'. [C:\Users\Redacted\Documents\LatticeVeil_project\LatticeVeilMonoGame\LatticeVeilMonoGame.csproj]
[13:33:47] [INFO] C:\Users\Redacted\Documents\LatticeVeil_project\LatticeVeilMonoGame\Online\Eos\EosClient.cs(227,13): warning CS8604: Possible null reference argument for parameter 'left' in 'bool Handle.operator ==(Handle left, Handle right)'. [C:\Users\Redacted\Documents\LatticeVeil_project\LatticeVeilMonoGame\LatticeVeilMonoGame.csproj]
[13:33:47] [INFO] C:\Users\Redacted\Documents\LatticeVeil_project\LatticeVeilMonoGame\Online\Eos\EosClient.cs(227,34): warning CS8604: Possible null reference argument for parameter 'left' in 'bool Handle.operator ==(Handle left, Handle right)'. [C:\Users\Redacted\Documents\LatticeVeil_project\LatticeVeilMonoGame\LatticeVeilMonoGame.csproj]
[13:33:47] [INFO] C:\Users\Redacted\Documents\LatticeVeil_project\LatticeVeilMonoGame\Online\Eos\EosClient.cs(230,13): warning CS8604: Possible null reference argument for parameter 'left' in 'bool Handle.operator ==(Handle left, Handle right)'. [C:\Users\Redacted\Documents\LatticeVeil_project\LatticeVeilMonoGame\LatticeVeilMonoGame.csproj]
[13:33:47] [INFO] C:\Users\Redacted\Documents\LatticeVeil_project\LatticeVeilMonoGame\Online\Eos\EosP2PSession.cs(84,13): warning CS8604: Possible null reference argument for parameter 'left' in 'bool Handle.operator ==(Handle left, Handle right)'. [C:\Users\Redacted\Documents\LatticeVeil_project\LatticeVeilMonoGame\LatticeVeilMonoGame.csproj]
[13:33:47] [INFO] C:\Users\Redacted\Documents\LatticeVeil_project\LatticeVeilMonoGame\Online\Eos\EosP2PSession.cs(84,47): warning CS8604: Possible null reference argument for parameter 'left' in 'bool Handle.operator ==(Handle left, Handle right)'. [C:\Users\Redacted\Documents\LatticeVeil_project\LatticeVeilMonoGame\LatticeVeilMonoGame.csproj]
[13:33:47] [INFO] C:\Users\Redacted\Documents\LatticeVeil_project\LatticeVeilMonoGame\Online\Lan\LanSession.cs(1115,49): warning CS8604: Possible null reference argument for parameter 'reason' in 'void LanClientSession.SetDisconnectReasonOnce(string reason)'. [C:\Users\Redacted\Documents\LatticeVeil_project\LatticeVeilMonoGame\LatticeVeilMonoGame.csproj]
[13:33:47] [INFO] C:\Users\Redacted\Documents\LatticeVeil_project\LatticeVeilMonoGame\Online\Eos\EosP2PSession.cs(1824,26): warning CS8602: Dereference of a possibly null reference. [C:\Users\Redacted\Documents\LatticeVeil_project\LatticeVeilMonoGame\LatticeVeilMonoGame.csproj]
[13:33:47] [INFO] C:\Users\Redacted\Documents\LatticeVeil_project\LatticeVeilMonoGame\Online\Eos\EosClient.cs(387,47): warning CS8604: Possible null reference argument for parameter 'left' in 'bool Handle.operator ==(Handle left, Handle right)'. [C:\Users\Redacted\Documents\LatticeVeil_project\LatticeVeilMonoGame\LatticeVeilMonoGame.csproj]
[13:33:47] [INFO] C:\Users\Redacted\Documents\LatticeVeil_project\LatticeVeilMonoGame\Online\Eos\EosP2PSession.cs(1034,13): warning CS8604: Possible null reference argument for parameter 'left' in 'bool Handle.operator ==(Handle left, Handle right)'. [C:\Users\Redacted\Documents\LatticeVeil_project\LatticeVeilMonoGame\LatticeVeilMonoGame.csproj]
[13:33:47] [INFO] C:\Users\Redacted\Documents\LatticeVeil_project\LatticeVeilMonoGame\Online\Eos\EosP2PSession.cs(1034,47): warning CS8604: Possible null reference argument for parameter 'left' in 'bool Handle.operator ==(Handle left, Handle right)'. [C:\Users\Redacted\Documents\LatticeVeil_project\LatticeVeilMonoGame\LatticeVeilMonoGame.csproj]
[13:33:47] [INFO] C:\Users\Redacted\Documents\LatticeVeil_project\LatticeVeilMonoGame\Online\Eos\EosP2PSession.cs(1038,13): warning CS8604: Possible null reference argument for parameter 'left' in 'bool Handle.operator ==(Handle left, Handle right)'. [C:\Users\Redacted\Documents\LatticeVeil_project\LatticeVeilMonoGame\LatticeVeilMonoGame.csproj]
[13:33:47] [INFO] C:\Users\Redacted\Documents\LatticeVeil_project\LatticeVeilMonoGame\Online\Eos\EosClient.cs(608,13): warning CS8604: Possible null reference argument for parameter 'left' in 'bool Handle.operator ==(Handle left, Handle right)'. [C:\Users\Redacted\Documents\LatticeVeil_project\LatticeVeilMonoGame\LatticeVeilMonoGame.csproj]
[13:33:47] [INFO] C:\Users\Redacted\Documents\LatticeVeil_project\LatticeVeilMonoGame\Online\Eos\EosClient.cs(608,31): warning CS8604: Possible null reference argument for parameter 'left' in 'bool Handle.operator ==(Handle left, Handle right)'. [C:\Users\Redacted\Documents\LatticeVeil_project\LatticeVeilMonoGame\LatticeVeilMonoGame.csproj]
[13:33:47] [INFO] C:\Users\Redacted\Documents\LatticeVeil_project\LatticeVeilMonoGame\Online\Eos\EosP2PSession.cs(1147,13): warning CS8604: Possible null reference argument for parameter 'left' in 'bool Handle.operator ==(Handle left, Handle right)'. [C:\Users\Redacted\Documents\LatticeVeil_project\LatticeVeilMonoGame\LatticeVeilMonoGame.csproj]
[13:33:47] [INFO] C:\Users\Redacted\Documents\LatticeVeil_project\LatticeVeilMonoGame\Online\Eos\EosP2PSession.cs(1147,47): warning CS8604: Possible null reference argument for parameter 'left' in 'bool Handle.operator ==(Handle left, Handle right)'. [C:\Users\Redacted\Documents\LatticeVeil_project\LatticeVeilMonoGame\LatticeVeilMonoGame.csproj]
[13:33:47] [INFO] C:\Users\Redacted\Documents\LatticeVeil_project\LatticeVeilMonoGame\Online\Eos\EosP2PSession.cs(1151,13): warning CS8604: Possible null reference argument for parameter 'left' in 'bool Handle.operator ==(Handle left, Handle right)'. [C:\Users\Redacted\Documents\LatticeVeil_project\LatticeVeilMonoGame\LatticeVeilMonoGame.csproj]
[13:33:47] [INFO] C:\Users\Redacted\Documents\LatticeVeil_project\LatticeVeilMonoGame\Online\Eos\EosClient.cs(789,17): warning CS8604: Possible null reference argument for parameter 'left' in 'bool Handle.operator !=(Handle left, Handle right)'. [C:\Users\Redacted\Documents\LatticeVeil_project\LatticeVeilMonoGame\LatticeVeilMonoGame.csproj]
[13:33:47] [INFO] C:\Users\Redacted\Documents\LatticeVeil_project\ThirdParty\EOS\SDK\Source\Core\Utf8String.cs(176,23): warning CS8600: Converting null literal or possible null value to non-nullable type. [C:\Users\Redacted\Documents\LatticeVeil_project\LatticeVeilMonoGame\LatticeVeilMonoGame.csproj]
[13:33:47] [INFO] C:\Users\Redacted\Documents\LatticeVeil_project\LatticeVeilMonoGame\Online\Gate\OnlineGateClient.cs(526,99): warning CS8601: Possible null reference assignment. [C:\Users\Redacted\Documents\LatticeVeil_project\LatticeVeilMonoGame\LatticeVeilMonoGame.csproj]
[13:33:47] [INFO] C:\Users\Redacted\Documents\LatticeVeil_project\LatticeVeilMonoGame\Online\Gate\OnlineGateClient.cs(528,84): warning CS8601: Possible null reference assignment. [C:\Users\Redacted\Documents\LatticeVeil_project\LatticeVeilMonoGame\LatticeVeilMonoGame.csproj]
[13:33:47] [INFO] C:\Users\Redacted\Documents\LatticeVeil_project\LatticeVeilMonoGame\Online\Gate\OnlineGateClient.cs(530,80): warning CS8601: Possible null reference assignment. [C:\Users\Redacted\Documents\LatticeVeil_project\LatticeVeilMonoGame\LatticeVeilMonoGame.csproj]
[13:33:47] [INFO] C:\Users\Redacted\Documents\LatticeVeil_project\LatticeVeilMonoGame\Online\Gate\OnlineGateClient.cs(534,80): warning CS8601: Possible null reference assignment. [C:\Users\Redacted\Documents\LatticeVeil_project\LatticeVeilMonoGame\LatticeVeilMonoGame.csproj]
[13:33:47] [INFO] C:\Users\Redacted\Documents\LatticeVeil_project\LatticeVeilMonoGame\Online\Eos\EosClient.cs(1058,13): warning CS8604: Possible null reference argument for parameter 'left' in 'bool Handle.operator ==(Handle left, Handle right)'. [C:\Users\Redacted\Documents\LatticeVeil_project\LatticeVeilMonoGame\LatticeVeilMonoGame.csproj]
[13:33:47] [INFO] C:\Users\Redacted\Documents\LatticeVeil_project\LatticeVeilMonoGame\Online\Lan\LanSession.cs(752,30): warning CS8602: Dereference of a possibly null reference. [C:\Users\Redacted\Documents\LatticeVeil_project\LatticeVeilMonoGame\LatticeVeilMonoGame.csproj]
[13:33:47] [INFO] C:\Users\Redacted\Documents\LatticeVeil_project\LatticeVeilMonoGame\Launcher\LauncherForm.cs(2440,9): warning CS0162: Unreachable code detected [C:\Users\Redacted\Documents\LatticeVeil_project\LatticeVeilMonoGame\LatticeVeilMonoGame.csproj]
[13:33:47] [INFO] C:\Users\Redacted\Documents\LatticeVeil_project\ThirdParty\EOS\SDK\Source\Generated\ProductUserId.cs(117,28): warning CS8600: Converting null literal or possible null value to non-nullable type. [C:\Users\Redacted\Documents\LatticeVeil_project\LatticeVeilMonoGame\LatticeVeilMonoGame.csproj]
[13:33:47] [INFO] C:\Users\Redacted\Documents\LatticeVeil_project\ThirdParty\EOS\SDK\Source\Generated\ContinuanceToken.cs(72,28): warning CS8600: Converting null literal or possible null value to non-nullable type. [C:\Users\Redacted\Documents\LatticeVeil_project\LatticeVeilMonoGame\LatticeVeilMonoGame.csproj]
[13:33:47] [INFO] C:\Users\Redacted\Documents\LatticeVeil_project\ThirdParty\EOS\SDK\Source\Generated\EpicAccountId.cs(117,28): warning CS8600: Converting null literal or possible null value to non-nullable type. [C:\Users\Redacted\Documents\LatticeVeil_project\LatticeVeilMonoGame\LatticeVeilMonoGame.csproj]
[13:33:47] [INFO] C:\Users\Redacted\Documents\LatticeVeil_project\LatticeVeilMonoGame\Online\Gate\OnlineGateClient.cs(1495,23): warning CS8601: Possible null reference assignment. [C:\Users\Redacted\Documents\LatticeVeil_project\LatticeVeilMonoGame\LatticeVeilMonoGame.csproj]
[13:33:47] [INFO] C:\Users\Redacted\Documents\LatticeVeil_project\LatticeVeilMonoGame\Online\Eos\EosClient.cs(54,28): warning CS0649: Field 'EosClient._epicAccountId' is never assigned to, and will always have its default value null [C:\Users\Redacted\Documents\LatticeVeil_project\LatticeVeilMonoGame\LatticeVeilMonoGame.csproj]
[13:33:47] [INFO] C:\Users\Redacted\Documents\LatticeVeil_project\LatticeVeilMonoGame\Online\Eos\EosClient.cs(58,18): warning CS0169: The field 'EosClient._allowDeviceFallback' is never used [C:\Users\Redacted\Documents\LatticeVeil_project\LatticeVeilMonoGame\LatticeVeilMonoGame.csproj]
[13:33:47] [INFO] C:\Users\Redacted\Documents\LatticeVeil_project\LatticeVeilMonoGame\Launcher\LauncherForm.cs(190,21): warning CS0169: The field 'LauncherForm._authTicket' is never used [C:\Users\Redacted\Documents\LatticeVeil_project\LatticeVeilMonoGame\LatticeVeilMonoGame.csproj]
[13:33:47] [INFO] C:\Users\Redacted\Documents\LatticeVeil_project\LatticeVeilMonoGame\UI\Screens\GameWorldScreen.cs(195,18): warning CS0169: The field 'GameWorldScreen._handoffFullStack' is never used [C:\Users\Redacted\Documents\LatticeVeil_project\LatticeVeilMonoGame\LatticeVeilMonoGame.csproj]
[13:33:47] [INFO] C:\Users\Redacted\Documents\LatticeVeil_project\LatticeVeilMonoGame\Online\Eos\EosClient.cs(55,21): warning CS0649: Field 'EosClient._epicDisplayName' is never assigned to, and will always have its default value null [C:\Users\Redacted\Documents\LatticeVeil_project\LatticeVeilMonoGame\LatticeVeilMonoGame.csproj]
[13:33:47] [INFO] C:\Users\Redacted\Documents\LatticeVeil_project\LatticeVeilMonoGame\Launcher\LauncherForm.cs(154,18): warning CS0169: The field 'LauncherForm._nameEditInProgress' is never used [C:\Users\Redacted\Documents\LatticeVeil_project\LatticeVeilMonoGame\LatticeVeilMonoGame.csproj]
[13:33:47] [INFO] C:\Users\Redacted\Documents\LatticeVeil_project\LatticeVeilMonoGame\Core\SimpleMemoryManager.cs(16,25): warning CS0169: The field 'SimpleMemoryManager._totalAllocated' is never used [C:\Users\Redacted\Documents\LatticeVeil_project\LatticeVeilMonoGame\LatticeVeilMonoGame.csproj]
[13:33:47] [INFO] C:\Users\Redacted\Documents\LatticeVeil_project\LatticeVeilMonoGame\Online\Eos\EosClient.cs(57,18): warning CS0169: The field 'EosClient._epicLoginStarted' is never used [C:\Users\Redacted\Documents\LatticeVeil_project\LatticeVeilMonoGame\LatticeVeilMonoGame.csproj]
[13:33:47] [INFO] C:\Users\Redacted\Documents\LatticeVeil_project\LatticeVeilMonoGame\Online\Eos\EosClient.cs(59,18): warning CS0169: The field 'EosClient._silentLoginOnly' is never used [C:\Users\Redacted\Documents\LatticeVeil_project\LatticeVeilMonoGame\LatticeVeilMonoGame.csproj]
[13:33:47] [INFO] C:\Users\Redacted\Documents\LatticeVeil_project\LatticeVeilMonoGame\UI\Screens\GameWorldScreen.cs(329,18): warning CS0414: The field 'GameWorldScreen._pendingHostedOnlineShareAnnouncement' is assigned but its value is never used [C:\Users\Redacted\Documents\LatticeVeil_project\LatticeVeilMonoGame\LatticeVeilMonoGame.csproj]
[13:33:48] [INFO] C:\Users\Redacted\Documents\LatticeVeil_project\LatticeVeilMonoGame\UI\Screens\ProfileScreen.cs(114,18): warning CS0414: The field 'ProfileScreen._lastVeilnetSyncOk' is assigned but its value is never used [C:\Users\Redacted\Documents\LatticeVeil_project\LatticeVeilMonoGame\LatticeVeilMonoGame.csproj]
[13:33:48] [INFO] C:\Users\Redacted\Documents\LatticeVeil_project\LatticeVeilMonoGame\UI\Screens\CreateWorldScreen.cs(58,18): warning CS0414: The field 'CreateWorldScreen._moreWorldOptionsOpen' is assigned but its value is never used [C:\Users\Redacted\Documents\LatticeVeil_project\LatticeVeilMonoGame\LatticeVeilMonoGame.csproj]
[13:33:48] [INFO] C:\Users\Redacted\Documents\LatticeVeil_project\LatticeVeilMonoGame\Online\Gate\OnlineGateClient.cs(171,20): warning CS0414: The field 'OnlineGateClient._status' is assigned but its value is never used [C:\Users\Redacted\Documents\LatticeVeil_project\LatticeVeilMonoGame\LatticeVeilMonoGame.csproj]
[13:33:48] [INFO]   LatticeVeilMonoGame -> C:\Users\Redacted\Documents\LatticeVeil_project\LatticeVeilMonoGame\bin\Debug\net8.0-windows\win-x64\LatticeVeilMonoGame.dll
[13:33:48] [INFO]   LatticeVeilMonoGame -> C:\Users\Redacted\Documents\LatticeVeil_project\LatticeVeilMonoGame\bin\Debug\net8.0-windows\win-x64\publish\
[13:33:48] [INFO] DEV final EXE staged: C:\Users\Redacted\Documents\LatticeVeil_project\DEV\LatticeVeilMonoGame.exe
[13:33:48] [INFO] Done: DEV Publish Only
[13:33:50] [INFO] DEV output folder opened: C:\Users\Redacted\Documents\LatticeVeil_project\DEV
[13:37:38] [INFO] Build GUI initialized.
[13:37:38] [INFO] Project root: C:\Users\Redacted\Documents\LatticeVeil_project
[13:37:38] [INFO] DEV final EXE folder: C:\Users\Redacted\Documents\LatticeVeil_project\DEV
[13:37:38] [INFO] RELEASE final EXE folder: C:\Users\Redacted\Documents\LatticeVeil_project\RELEASE
[13:37:38] [INFO] Logs: C:\Users\Redacted\Documents\LatticeVeil_project\.builder\logs\build-gui-20260221.log
[13:37:43] [INFO] Starting: Clean Outputs
[13:37:43] [INFO] Cleaning bin/obj folders...
[13:37:43] [INFO] Removed: C:\Users\Redacted\Documents\LatticeVeil_project\LatticeVeilMonoGame\bin
[13:37:43] [INFO] Removed: C:\Users\Redacted\Documents\LatticeVeil_project\LatticeVeilMonoGame\obj
[13:37:43] [INFO] Clean complete (DEV/RELEASE folders preserved)
[13:37:43] [INFO] Done: Clean Outputs
[13:37:45] [INFO] Starting: DEV Publish Only
[13:37:45] [INFO] BuildNonce: 20260221133745250-cf5d1af3ce
[13:37:45] [INFO] Cleaning bin/obj folders...
[13:37:45] [INFO] Clean complete (DEV/RELEASE folders preserved)
[13:37:45] [INFO] Running: dotnet restore C:\Users\Redacted\Documents\LatticeVeil_project\LatticeVeilMonoGame\LatticeVeilMonoGame.csproj
[13:37:46] [INFO]   Determining projects to restore...
[13:37:46] [INFO]   Restored C:\Users\Redacted\Documents\LatticeVeil_project\LatticeVeilMonoGame\LatticeVeilMonoGame.csproj (in 372 ms).
[13:37:46] [INFO] Running: dotnet publish C:\Users\Redacted\Documents\LatticeVeil_project\LatticeVeilMonoGame\LatticeVeilMonoGame.csproj --configuration Debug -r win-x64 --self-contained true -p:PublishSingleFile=true -p:IncludeNativeLibrariesForSelfExtract=true -p:IncludeAllContentForSelfExtract=true -p:BuildNonce=20260221133745250-cf5d1af3ce
[13:37:57] [INFO]   Determining projects to restore...
[13:37:57] [INFO]   All projects are up-to-date for restore.
[13:37:57] [INFO] C:\Users\Redacted\Documents\LatticeVeil_project\ThirdParty\EOS\SDK\Source\Core\Handle.cs(49,24): warning CS8765: Nullability of type of parameter 'obj' doesn't match overridden member (possibly because of nullability attributes). [C:\Users\Redacted\Documents\LatticeVeil_project\LatticeVeilMonoGame\LatticeVeilMonoGame.csproj]
[13:37:57] [INFO] C:\Users\Redacted\Documents\LatticeVeil_project\ThirdParty\EOS\SDK\Source\Core\Handle.cs(59,15): warning CS8767: Nullability of reference types in type of parameter 'other' of 'bool Handle.Equals(Handle other)' doesn't match implicitly implemented member 'bool IEquatable<Handle>.Equals(Handle? other)' (possibly because of nullability attributes). [C:\Users\Redacted\Documents\LatticeVeil_project\LatticeVeilMonoGame\LatticeVeilMonoGame.csproj]
[13:37:57] [INFO] C:\Users\Redacted\Documents\LatticeVeil_project\ThirdParty\EOS\SDK\Source\Core\Handle.cs(84,25): warning CS8767: Nullability of reference types in type of parameter 'format' of 'string Handle.ToString(string format, IFormatProvider formatProvider)' doesn't match implicitly implemented member 'string IFormattable.ToString(string? format, IFormatProvider? formatProvider)' (possibly because of nullability attributes). [C:\Users\Redacted\Documents\LatticeVeil_project\LatticeVeilMonoGame\LatticeVeilMonoGame.csproj]
[13:37:57] [INFO] C:\Users\Redacted\Documents\LatticeVeil_project\ThirdParty\EOS\SDK\Source\Core\Handle.cs(84,25): warning CS8767: Nullability of reference types in type of parameter 'formatProvider' of 'string Handle.ToString(string format, IFormatProvider formatProvider)' doesn't match implicitly implemented member 'string IFormattable.ToString(string? format, IFormatProvider? formatProvider)' (possibly because of nullability attributes). [C:\Users\Redacted\Documents\LatticeVeil_project\LatticeVeilMonoGame\LatticeVeilMonoGame.csproj]
[13:37:57] [INFO] C:\Users\Redacted\Documents\LatticeVeil_project\ThirdParty\EOS\SDK\Source\Core\Utf8String.cs(174,24): warning CS8765: Nullability of type of parameter 'obj' doesn't match overridden member (possibly because of nullability attributes). [C:\Users\Redacted\Documents\LatticeVeil_project\LatticeVeilMonoGame\LatticeVeilMonoGame.csproj]
[13:37:57] [INFO] C:\Users\Redacted\Documents\LatticeVeil_project\ThirdParty\EOS\SDK\Source\Core\Handle.cs(51,18): warning CS8604: Possible null reference argument for parameter 'other' in 'bool Handle.Equals(Handle other)'. [C:\Users\Redacted\Documents\LatticeVeil_project\LatticeVeilMonoGame\LatticeVeilMonoGame.csproj]
[13:37:57] [INFO] C:\Users\Redacted\Documents\LatticeVeil_project\ThirdParty\EOS\SDK\Source\Core\CallbackHelper.cs(36,56): warning CS8600: Converting null literal or possible null value to non-nullable type. [C:\Users\Redacted\Documents\LatticeVeil_project\LatticeVeilMonoGame\LatticeVeilMonoGame.csproj]
[13:37:57] [INFO] C:\Users\Redacted\Documents\LatticeVeil_project\ThirdParty\EOS\SDK\Source\Generated\Common.cs(22,51): warning CS8600: Converting null literal or possible null value to non-nullable type. [C:\Users\Redacted\Documents\LatticeVeil_project\LatticeVeilMonoGame\LatticeVeilMonoGame.csproj]
[13:37:57] [INFO] C:\Users\Redacted\Documents\LatticeVeil_project\ThirdParty\EOS\SDK\Source\Core\CallbackHelper.cs(80,56): warning CS8600: Converting null literal or possible null value to non-nullable type. [C:\Users\Redacted\Documents\LatticeVeil_project\LatticeVeilMonoGame\LatticeVeilMonoGame.csproj]
[13:37:57] [INFO] C:\Users\Redacted\Documents\LatticeVeil_project\ThirdParty\EOS\SDK\Source\Core\CallbackHelper.cs(82,17): warning CS8601: Possible null reference assignment. [C:\Users\Redacted\Documents\LatticeVeil_project\LatticeVeilMonoGame\LatticeVeilMonoGame.csproj]
[13:37:57] [INFO] C:\Users\Redacted\Documents\LatticeVeil_project\ThirdParty\EOS\SDK\Source\Core\CallbackHelper.cs(115,56): warning CS8600: Converting null literal or possible null value to non-nullable type. [C:\Users\Redacted\Documents\LatticeVeil_project\LatticeVeilMonoGame\LatticeVeilMonoGame.csproj]
[13:37:57] [INFO] C:\Users\Redacted\Documents\LatticeVeil_project\ThirdParty\EOS\SDK\Source\Core\CallbackHelper.cs(117,17): warning CS8601: Possible null reference assignment. [C:\Users\Redacted\Documents\LatticeVeil_project\LatticeVeilMonoGame\LatticeVeilMonoGame.csproj]
[13:37:57] [INFO] C:\Users\Redacted\Documents\LatticeVeil_project\ThirdParty\EOS\SDK\Source\Core\CallbackHelper.cs(130,82): warning CS8629: Nullable value type may be null. [C:\Users\Redacted\Documents\LatticeVeil_project\LatticeVeilMonoGame\LatticeVeilMonoGame.csproj]
[13:37:57] [INFO] C:\Users\Redacted\Documents\LatticeVeil_project\ThirdParty\EOS\SDK\Source\Core\CallbackHelper.cs(163,56): warning CS8600: Converting null literal or possible null value to non-nullable type. [C:\Users\Redacted\Documents\LatticeVeil_project\LatticeVeilMonoGame\LatticeVeilMonoGame.csproj]
[13:37:57] [INFO] C:\Users\Redacted\Documents\LatticeVeil_project\ThirdParty\EOS\SDK\Source\Core\CallbackHelper.cs(165,17): warning CS8601: Possible null reference assignment. [C:\Users\Redacted\Documents\LatticeVeil_project\LatticeVeilMonoGame\LatticeVeilMonoGame.csproj]
[13:37:57] [INFO] C:\Users\Redacted\Documents\LatticeVeil_project\LatticeVeilMonoGame\Online\Eos\EosClient.cs(106,59): warning CS8604: Possible null reference argument for parameter 'left' in 'bool Handle.operator !=(Handle left, Handle right)'. [C:\Users\Redacted\Documents\LatticeVeil_project\LatticeVeilMonoGame\LatticeVeilMonoGame.csproj]
[13:37:57] [INFO] C:\Users\Redacted\Documents\LatticeVeil_project\LatticeVeilMonoGame\Online\Eos\EosClient.cs(107,63): warning CS8604: Possible null reference argument for parameter 'left' in 'bool Handle.operator !=(Handle left, Handle right)'. [C:\Users\Redacted\Documents\LatticeVeil_project\LatticeVeilMonoGame\LatticeVeilMonoGame.csproj]
[13:37:57] [INFO] C:\Users\Redacted\Documents\LatticeVeil_project\ThirdParty\EOS\SDK\Source\Core\CallbackHelper.cs(222,48): warning CS8600: Converting null literal or possible null value to non-nullable type. [C:\Users\Redacted\Documents\LatticeVeil_project\LatticeVeilMonoGame\LatticeVeilMonoGame.csproj]
[13:37:57] [INFO] C:\Users\Redacted\Documents\LatticeVeil_project\ThirdParty\EOS\SDK\Source\Core\CallbackHelper.cs(224,17): warning CS8601: Possible null reference assignment. [C:\Users\Redacted\Documents\LatticeVeil_project\LatticeVeilMonoGame\LatticeVeilMonoGame.csproj]
[13:37:57] [INFO] C:\Users\Redacted\Documents\LatticeVeil_project\ThirdParty\EOS\SDK\Source\Core\CallbackHelper.cs(251,56): warning CS8600: Converting null literal or possible null value to non-nullable type. [C:\Users\Redacted\Documents\LatticeVeil_project\LatticeVeilMonoGame\LatticeVeilMonoGame.csproj]
[13:37:57] [INFO] C:\Users\Redacted\Documents\LatticeVeil_project\ThirdParty\EOS\SDK\Source\Core\Utf8String.cs(176,23): warning CS8600: Converting null literal or possible null value to non-nullable type. [C:\Users\Redacted\Documents\LatticeVeil_project\LatticeVeilMonoGame\LatticeVeilMonoGame.csproj]
[13:37:57] [INFO] C:\Users\Redacted\Documents\LatticeVeil_project\ThirdParty\EOS\SDK\Source\Core\CallbackHelper.cs(296,54): warning CS8600: Converting null literal or possible null value to non-nullable type. [C:\Users\Redacted\Documents\LatticeVeil_project\LatticeVeilMonoGame\LatticeVeilMonoGame.csproj]
[13:37:57] [INFO] C:\Users\Redacted\Documents\LatticeVeil_project\LatticeVeilMonoGame\Online\Eos\EosClient.cs(159,13): warning CS8604: Possible null reference argument for parameter 'left' in 'bool Handle.operator ==(Handle left, Handle right)'. [C:\Users\Redacted\Documents\LatticeVeil_project\LatticeVeilMonoGame\LatticeVeilMonoGame.csproj]
[13:37:57] [INFO] C:\Users\Redacted\Documents\LatticeVeil_project\LatticeVeilMonoGame\Online\Eos\EosClient.cs(203,13): warning CS8604: Possible null reference argument for parameter 'left' in 'bool Handle.operator ==(Handle left, Handle right)'. [C:\Users\Redacted\Documents\LatticeVeil_project\LatticeVeilMonoGame\LatticeVeilMonoGame.csproj]
[13:37:57] [INFO] C:\Users\Redacted\Documents\LatticeVeil_project\LatticeVeilMonoGame\Online\Eos\EosClient.cs(227,13): warning CS8604: Possible null reference argument for parameter 'left' in 'bool Handle.operator ==(Handle left, Handle right)'. [C:\Users\Redacted\Documents\LatticeVeil_project\LatticeVeilMonoGame\LatticeVeilMonoGame.csproj]
[13:37:57] [INFO] C:\Users\Redacted\Documents\LatticeVeil_project\LatticeVeilMonoGame\Online\Eos\EosClient.cs(227,34): warning CS8604: Possible null reference argument for parameter 'left' in 'bool Handle.operator ==(Handle left, Handle right)'. [C:\Users\Redacted\Documents\LatticeVeil_project\LatticeVeilMonoGame\LatticeVeilMonoGame.csproj]
[13:37:57] [INFO] C:\Users\Redacted\Documents\LatticeVeil_project\LatticeVeilMonoGame\Online\Eos\EosClient.cs(230,13): warning CS8604: Possible null reference argument for parameter 'left' in 'bool Handle.operator ==(Handle left, Handle right)'. [C:\Users\Redacted\Documents\LatticeVeil_project\LatticeVeilMonoGame\LatticeVeilMonoGame.csproj]
[13:37:57] [INFO] C:\Users\Redacted\Documents\LatticeVeil_project\ThirdParty\EOS\SDK\Source\Core\Helper.cs(127,18): warning CS8604: Possible null reference argument for parameter 'source' in 'void Marshal.Copy(byte[] source, int startIndex, nint destination, int length)'. [C:\Users\Redacted\Documents\LatticeVeil_project\LatticeVeilMonoGame\LatticeVeilMonoGame.csproj]
[13:37:57] [INFO] C:\Users\Redacted\Documents\LatticeVeil_project\ThirdParty\EOS\SDK\Source\Core\Helper.cs(178,13): warning CS8601: Possible null reference assignment. [C:\Users\Redacted\Documents\LatticeVeil_project\LatticeVeilMonoGame\LatticeVeilMonoGame.csproj]
[13:37:57] [INFO] C:\Users\Redacted\Documents\LatticeVeil_project\ThirdParty\EOS\SDK\Source\Core\Helper.cs(202,13): warning CS8600: Converting null literal or possible null value to non-nullable type. [C:\Users\Redacted\Documents\LatticeVeil_project\LatticeVeilMonoGame\LatticeVeilMonoGame.csproj]
[13:37:57] [INFO] C:\Users\Redacted\Documents\LatticeVeil_project\ThirdParty\EOS\SDK\Source\Core\Helper.cs(202,13): warning CS8601: Possible null reference assignment. [C:\Users\Redacted\Documents\LatticeVeil_project\LatticeVeilMonoGame\LatticeVeilMonoGame.csproj]
[13:37:57] [INFO] C:\Users\Redacted\Documents\LatticeVeil_project\ThirdParty\EOS\SDK\Source\Core\Helper.cs(235,14): warning CS8605: Unboxing a possibly null value. [C:\Users\Redacted\Documents\LatticeVeil_project\LatticeVeilMonoGame\LatticeVeilMonoGame.csproj]
[13:37:57] [INFO] C:\Users\Redacted\Documents\LatticeVeil_project\LatticeVeilMonoGame\Online\Eos\EosClient.cs(387,47): warning CS8604: Possible null reference argument for parameter 'left' in 'bool Handle.operator ==(Handle left, Handle right)'. [C:\Users\Redacted\Documents\LatticeVeil_project\LatticeVeilMonoGame\LatticeVeilMonoGame.csproj]
[13:37:57] [INFO] C:\Users\Redacted\Documents\LatticeVeil_project\ThirdParty\EOS\SDK\Source\Core\Helper.cs(265,17): warning CS8601: Possible null reference assignment. [C:\Users\Redacted\Documents\LatticeVeil_project\LatticeVeilMonoGame\LatticeVeilMonoGame.csproj]
[13:37:57] [INFO] C:\Users\Redacted\Documents\LatticeVeil_project\LatticeVeilMonoGame\Online\Eos\EosP2PSession.cs(1824,26): warning CS8602: Dereference of a possibly null reference. [C:\Users\Redacted\Documents\LatticeVeil_project\LatticeVeilMonoGame\LatticeVeilMonoGame.csproj]
[13:37:57] [INFO] C:\Users\Redacted\Documents\LatticeVeil_project\ThirdParty\EOS\SDK\Source\Core\Helper.cs(315,13): warning CS8601: Possible null reference assignment. [C:\Users\Redacted\Documents\LatticeVeil_project\LatticeVeilMonoGame\LatticeVeilMonoGame.csproj]
[13:37:57] [INFO] C:\Users\Redacted\Documents\LatticeVeil_project\ThirdParty\EOS\SDK\Source\Generated\EpicAccountId.cs(117,28): warning CS8600: Converting null literal or possible null value to non-nullable type. [C:\Users\Redacted\Documents\LatticeVeil_project\LatticeVeilMonoGame\LatticeVeilMonoGame.csproj]
[13:37:57] [INFO] C:\Users\Redacted\Documents\LatticeVeil_project\ThirdParty\EOS\SDK\Source\Generated\ContinuanceToken.cs(72,28): warning CS8600: Converting null literal or possible null value to non-nullable type. [C:\Users\Redacted\Documents\LatticeVeil_project\LatticeVeilMonoGame\LatticeVeilMonoGame.csproj]
[13:37:57] [INFO] C:\Users\Redacted\Documents\LatticeVeil_project\ThirdParty\EOS\SDK\Source\Core\Helper.cs(466,16): warning CS8600: Converting null literal or possible null value to non-nullable type. [C:\Users\Redacted\Documents\LatticeVeil_project\LatticeVeilMonoGame\LatticeVeilMonoGame.csproj]
[13:37:57] [INFO] C:\Users\Redacted\Documents\LatticeVeil_project\ThirdParty\EOS\SDK\Source\Core\Helper.cs(473,52): warning CS8600: Converting null literal or possible null value to non-nullable type. [C:\Users\Redacted\Documents\LatticeVeil_project\LatticeVeilMonoGame\LatticeVeilMonoGame.csproj]
[13:37:57] [INFO] C:\Users\Redacted\Documents\LatticeVeil_project\ThirdParty\EOS\SDK\Source\Core\Helper.cs(473,40): warning CS8600: Converting null literal or possible null value to non-nullable type. [C:\Users\Redacted\Documents\LatticeVeil_project\LatticeVeilMonoGame\LatticeVeilMonoGame.csproj]
[13:37:57] [INFO] C:\Users\Redacted\Documents\LatticeVeil_project\ThirdParty\EOS\SDK\Source\Core\Helper.cs(473,40): warning CS8604: Possible null reference argument for parameter 'str' in 'nint Helper.AddPinnedBuffer(Utf8String str)'. [C:\Users\Redacted\Documents\LatticeVeil_project\LatticeVeilMonoGame\LatticeVeilMonoGame.csproj]
[13:37:57] [INFO] C:\Users\Redacted\Documents\LatticeVeil_project\ThirdParty\EOS\SDK\Source\Core\Helper.cs(491,23): warning CS8600: Converting null literal or possible null value to non-nullable type. [C:\Users\Redacted\Documents\LatticeVeil_project\LatticeVeilMonoGame\LatticeVeilMonoGame.csproj]
[13:37:57] [INFO] C:\Users\Redacted\Documents\LatticeVeil_project\ThirdParty\EOS\SDK\Source\Core\Helper.cs(491,15): warning CS8600: Converting null literal or possible null value to non-nullable type. [C:\Users\Redacted\Documents\LatticeVeil_project\LatticeVeilMonoGame\LatticeVeilMonoGame.csproj]
[13:37:57] [INFO] C:\Users\Redacted\Documents\LatticeVeil_project\ThirdParty\EOS\SDK\Source\Core\Helper.cs(491,15): warning CS8604: Possible null reference argument for parameter 'from' in 'void Helper.Convert(Handle from, out nint to)'. [C:\Users\Redacted\Documents\LatticeVeil_project\LatticeVeilMonoGame\LatticeVeilMonoGame.csproj]
[13:37:58] [INFO] C:\Users\Redacted\Documents\LatticeVeil_project\ThirdParty\EOS\SDK\Source\Core\Helper.cs(496,30): warning CS8604: Possible null reference argument for parameter 'structure' in 'void Marshal.StructureToPtr<T?>(T? structure, nint ptr, bool fDeleteOld)'. [C:\Users\Redacted\Documents\LatticeVeil_project\LatticeVeilMonoGame\LatticeVeilMonoGame.csproj]
[13:37:58] [INFO] C:\Users\Redacted\Documents\LatticeVeil_project\ThirdParty\EOS\SDK\Source\Core\Helper.cs(526,50): warning CS8602: Dereference of a possibly null reference. [C:\Users\Redacted\Documents\LatticeVeil_project\LatticeVeilMonoGame\LatticeVeilMonoGame.csproj]
[13:37:58] [INFO] C:\Users\Redacted\Documents\LatticeVeil_project\ThirdParty\EOS\SDK\Source\Core\Helper.cs(532,32): warning CS8604: Possible null reference argument for parameter 't' in 'int Marshal.SizeOf(Type t)'. [C:\Users\Redacted\Documents\LatticeVeil_project\LatticeVeilMonoGame\LatticeVeilMonoGame.csproj]
[13:37:58] [INFO] C:\Users\Redacted\Documents\LatticeVeil_project\ThirdParty\EOS\SDK\Source\Core\Helper.cs(536,41): warning CS8602: Dereference of a possibly null reference. [C:\Users\Redacted\Documents\LatticeVeil_project\LatticeVeilMonoGame\LatticeVeilMonoGame.csproj]
[13:37:58] [INFO] C:\Users\Redacted\Documents\LatticeVeil_project\LatticeVeilMonoGame\Online\Eos\EosP2PSession.cs(1034,13): warning CS8604: Possible null reference argument for parameter 'left' in 'bool Handle.operator ==(Handle left, Handle right)'. [C:\Users\Redacted\Documents\LatticeVeil_project\LatticeVeilMonoGame\LatticeVeilMonoGame.csproj]
[13:37:58] [INFO] C:\Users\Redacted\Documents\LatticeVeil_project\LatticeVeilMonoGame\Online\Eos\EosP2PSession.cs(1034,47): warning CS8604: Possible null reference argument for parameter 'left' in 'bool Handle.operator ==(Handle left, Handle right)'. [C:\Users\Redacted\Documents\LatticeVeil_project\LatticeVeilMonoGame\LatticeVeilMonoGame.csproj]
[13:37:58] [INFO] C:\Users\Redacted\Documents\LatticeVeil_project\LatticeVeilMonoGame\Online\Eos\EosP2PSession.cs(1038,13): warning CS8604: Possible null reference argument for parameter 'left' in 'bool Handle.operator ==(Handle left, Handle right)'. [C:\Users\Redacted\Documents\LatticeVeil_project\LatticeVeilMonoGame\LatticeVeilMonoGame.csproj]
[13:37:58] [INFO] C:\Users\Redacted\Documents\LatticeVeil_project\ThirdParty\EOS\SDK\Source\Core\Helper.cs(635,27): warning CS8604: Possible null reference argument for parameter 'buffer' in 'nint Helper.AddPinnedBuffer(byte[] buffer, int offset)'. [C:\Users\Redacted\Documents\LatticeVeil_project\LatticeVeilMonoGame\LatticeVeilMonoGame.csproj]
[13:37:58] [INFO] C:\Users\Redacted\Documents\LatticeVeil_project\LatticeVeilMonoGame\Online\Eos\EosP2PSession.cs(1147,13): warning CS8604: Possible null reference argument for parameter 'left' in 'bool Handle.operator ==(Handle left, Handle right)'. [C:\Users\Redacted\Documents\LatticeVeil_project\LatticeVeilMonoGame\LatticeVeilMonoGame.csproj]
[13:37:58] [INFO] C:\Users\Redacted\Documents\LatticeVeil_project\LatticeVeilMonoGame\Online\Eos\EosP2PSession.cs(1147,47): warning CS8604: Possible null reference argument for parameter 'left' in 'bool Handle.operator ==(Handle left, Handle right)'. [C:\Users\Redacted\Documents\LatticeVeil_project\LatticeVeilMonoGame\LatticeVeilMonoGame.csproj]
[13:37:58] [INFO] C:\Users\Redacted\Documents\LatticeVeil_project\LatticeVeilMonoGame\Online\Eos\EosP2PSession.cs(1151,13): warning CS8604: Possible null reference argument for parameter 'left' in 'bool Handle.operator ==(Handle left, Handle right)'. [C:\Users\Redacted\Documents\LatticeVeil_project\LatticeVeilMonoGame\LatticeVeilMonoGame.csproj]
[13:37:58] [INFO] C:\Users\Redacted\Documents\LatticeVeil_project\LatticeVeilMonoGame\Online\Eos\EosP2PSession.cs(84,13): warning CS8604: Possible null reference argument for parameter 'left' in 'bool Handle.operator ==(Handle left, Handle right)'. [C:\Users\Redacted\Documents\LatticeVeil_project\LatticeVeilMonoGame\LatticeVeilMonoGame.csproj]
[13:37:58] [INFO] C:\Users\Redacted\Documents\LatticeVeil_project\LatticeVeilMonoGame\Online\Eos\EosP2PSession.cs(84,47): warning CS8604: Possible null reference argument for parameter 'left' in 'bool Handle.operator ==(Handle left, Handle right)'. [C:\Users\Redacted\Documents\LatticeVeil_project\LatticeVeilMonoGame\LatticeVeilMonoGame.csproj]
[13:37:58] [INFO] C:\Users\Redacted\Documents\LatticeVeil_project\LatticeVeilMonoGame\Online\Eos\EosClient.cs(608,13): warning CS8604: Possible null reference argument for parameter 'left' in 'bool Handle.operator ==(Handle left, Handle right)'. [C:\Users\Redacted\Documents\LatticeVeil_project\LatticeVeilMonoGame\LatticeVeilMonoGame.csproj]
[13:37:58] [INFO] C:\Users\Redacted\Documents\LatticeVeil_project\LatticeVeilMonoGame\Online\Eos\EosClient.cs(608,31): warning CS8604: Possible null reference argument for parameter 'left' in 'bool Handle.operator ==(Handle left, Handle right)'. [C:\Users\Redacted\Documents\LatticeVeil_project\LatticeVeilMonoGame\LatticeVeilMonoGame.csproj]
[13:37:58] [INFO] C:\Users\Redacted\Documents\LatticeVeil_project\LatticeVeilMonoGame\Online\Lan\LanSession.cs(1115,49): warning CS8604: Possible null reference argument for parameter 'reason' in 'void LanClientSession.SetDisconnectReasonOnce(string reason)'. [C:\Users\Redacted\Documents\LatticeVeil_project\LatticeVeilMonoGame\LatticeVeilMonoGame.csproj]
[13:37:58] [INFO] C:\Users\Redacted\Documents\LatticeVeil_project\LatticeVeilMonoGame\Online\Gate\OnlineGateClient.cs(526,99): warning CS8601: Possible null reference assignment. [C:\Users\Redacted\Documents\LatticeVeil_project\LatticeVeilMonoGame\LatticeVeilMonoGame.csproj]
[13:37:58] [INFO] C:\Users\Redacted\Documents\LatticeVeil_project\LatticeVeilMonoGame\Online\Gate\OnlineGateClient.cs(528,84): warning CS8601: Possible null reference assignment. [C:\Users\Redacted\Documents\LatticeVeil_project\LatticeVeilMonoGame\LatticeVeilMonoGame.csproj]
[13:37:58] [INFO] C:\Users\Redacted\Documents\LatticeVeil_project\LatticeVeilMonoGame\Online\Gate\OnlineGateClient.cs(530,80): warning CS8601: Possible null reference assignment. [C:\Users\Redacted\Documents\LatticeVeil_project\LatticeVeilMonoGame\LatticeVeilMonoGame.csproj]
[13:37:58] [INFO] C:\Users\Redacted\Documents\LatticeVeil_project\LatticeVeilMonoGame\Online\Gate\OnlineGateClient.cs(534,80): warning CS8601: Possible null reference assignment. [C:\Users\Redacted\Documents\LatticeVeil_project\LatticeVeilMonoGame\LatticeVeilMonoGame.csproj]
[13:37:58] [INFO] C:\Users\Redacted\Documents\LatticeVeil_project\LatticeVeilMonoGame\Online\Eos\EosClient.cs(789,17): warning CS8604: Possible null reference argument for parameter 'left' in 'bool Handle.operator !=(Handle left, Handle right)'. [C:\Users\Redacted\Documents\LatticeVeil_project\LatticeVeilMonoGame\LatticeVeilMonoGame.csproj]
[13:37:58] [INFO] C:\Users\Redacted\Documents\LatticeVeil_project\LatticeVeilMonoGame\Online\Eos\EosClient.cs(1058,13): warning CS8604: Possible null reference argument for parameter 'left' in 'bool Handle.operator ==(Handle left, Handle right)'. [C:\Users\Redacted\Documents\LatticeVeil_project\LatticeVeilMonoGame\LatticeVeilMonoGame.csproj]
[13:37:58] [INFO] C:\Users\Redacted\Documents\LatticeVeil_project\ThirdParty\EOS\SDK\Source\Generated\ProductUserId.cs(117,28): warning CS8600: Converting null literal or possible null value to non-nullable type. [C:\Users\Redacted\Documents\LatticeVeil_project\LatticeVeilMonoGame\LatticeVeilMonoGame.csproj]
[13:37:58] [INFO] C:\Users\Redacted\Documents\LatticeVeil_project\LatticeVeilMonoGame\Online\Lan\LanSession.cs(752,30): warning CS8602: Dereference of a possibly null reference. [C:\Users\Redacted\Documents\LatticeVeil_project\LatticeVeilMonoGame\LatticeVeilMonoGame.csproj]
[13:37:58] [INFO] C:\Users\Redacted\Documents\LatticeVeil_project\LatticeVeilMonoGame\Online\Gate\OnlineGateClient.cs(1495,23): warning CS8601: Possible null reference assignment. [C:\Users\Redacted\Documents\LatticeVeil_project\LatticeVeilMonoGame\LatticeVeilMonoGame.csproj]
[13:37:58] [INFO] C:\Users\Redacted\Documents\LatticeVeil_project\LatticeVeilMonoGame\Launcher\LauncherForm.cs(2440,9): warning CS0162: Unreachable code detected [C:\Users\Redacted\Documents\LatticeVeil_project\LatticeVeilMonoGame\LatticeVeilMonoGame.csproj]
[13:37:58] [INFO] C:\Users\Redacted\Documents\LatticeVeil_project\LatticeVeilMonoGame\Core\SimpleMemoryManager.cs(16,25): warning CS0169: The field 'SimpleMemoryManager._totalAllocated' is never used [C:\Users\Redacted\Documents\LatticeVeil_project\LatticeVeilMonoGame\LatticeVeilMonoGame.csproj]
[13:37:58] [INFO] C:\Users\Redacted\Documents\LatticeVeil_project\LatticeVeilMonoGame\Online\Eos\EosClient.cs(54,28): warning CS0649: Field 'EosClient._epicAccountId' is never assigned to, and will always have its default value null [C:\Users\Redacted\Documents\LatticeVeil_project\LatticeVeilMonoGame\LatticeVeilMonoGame.csproj]
[13:37:58] [INFO] C:\Users\Redacted\Documents\LatticeVeil_project\LatticeVeilMonoGame\Online\Eos\EosClient.cs(55,21): warning CS0649: Field 'EosClient._epicDisplayName' is never assigned to, and will always have its default value null [C:\Users\Redacted\Documents\LatticeVeil_project\LatticeVeilMonoGame\LatticeVeilMonoGame.csproj]
[13:37:58] [INFO] C:\Users\Redacted\Documents\LatticeVeil_project\LatticeVeilMonoGame\Online\Eos\EosClient.cs(59,18): warning CS0169: The field 'EosClient._silentLoginOnly' is never used [C:\Users\Redacted\Documents\LatticeVeil_project\LatticeVeilMonoGame\LatticeVeilMonoGame.csproj]
[13:37:58] [INFO] C:\Users\Redacted\Documents\LatticeVeil_project\LatticeVeilMonoGame\UI\Screens\GameWorldScreen.cs(195,18): warning CS0169: The field 'GameWorldScreen._handoffFullStack' is never used [C:\Users\Redacted\Documents\LatticeVeil_project\LatticeVeilMonoGame\LatticeVeilMonoGame.csproj]
[13:37:58] [INFO] C:\Users\Redacted\Documents\LatticeVeil_project\LatticeVeilMonoGame\Online\Eos\EosClient.cs(57,18): warning CS0169: The field 'EosClient._epicLoginStarted' is never used [C:\Users\Redacted\Documents\LatticeVeil_project\LatticeVeilMonoGame\LatticeVeilMonoGame.csproj]
[13:37:58] [INFO] C:\Users\Redacted\Documents\LatticeVeil_project\LatticeVeilMonoGame\Launcher\LauncherForm.cs(154,18): warning CS0169: The field 'LauncherForm._nameEditInProgress' is never used [C:\Users\Redacted\Documents\LatticeVeil_project\LatticeVeilMonoGame\LatticeVeilMonoGame.csproj]
[13:37:58] [INFO] C:\Users\Redacted\Documents\LatticeVeil_project\LatticeVeilMonoGame\Launcher\LauncherForm.cs(190,21): warning CS0169: The field 'LauncherForm._authTicket' is never used [C:\Users\Redacted\Documents\LatticeVeil_project\LatticeVeilMonoGame\LatticeVeilMonoGame.csproj]
[13:37:58] [INFO] C:\Users\Redacted\Documents\LatticeVeil_project\LatticeVeilMonoGame\Online\Eos\EosClient.cs(58,18): warning CS0169: The field 'EosClient._allowDeviceFallback' is never used [C:\Users\Redacted\Documents\LatticeVeil_project\LatticeVeilMonoGame\LatticeVeilMonoGame.csproj]
[13:37:58] [INFO] C:\Users\Redacted\Documents\LatticeVeil_project\LatticeVeilMonoGame\UI\Screens\GameWorldScreen.cs(329,18): warning CS0414: The field 'GameWorldScreen._pendingHostedOnlineShareAnnouncement' is assigned but its value is never used [C:\Users\Redacted\Documents\LatticeVeil_project\LatticeVeilMonoGame\LatticeVeilMonoGame.csproj]
[13:37:58] [INFO] C:\Users\Redacted\Documents\LatticeVeil_project\LatticeVeilMonoGame\Online\Gate\OnlineGateClient.cs(171,20): warning CS0414: The field 'OnlineGateClient._status' is assigned but its value is never used [C:\Users\Redacted\Documents\LatticeVeil_project\LatticeVeilMonoGame\LatticeVeilMonoGame.csproj]
[13:37:58] [INFO] C:\Users\Redacted\Documents\LatticeVeil_project\LatticeVeilMonoGame\UI\Screens\ProfileScreen.cs(114,18): warning CS0414: The field 'ProfileScreen._lastVeilnetSyncOk' is assigned but its value is never used [C:\Users\Redacted\Documents\LatticeVeil_project\LatticeVeilMonoGame\LatticeVeilMonoGame.csproj]
[13:37:58] [INFO] C:\Users\Redacted\Documents\LatticeVeil_project\LatticeVeilMonoGame\UI\Screens\CreateWorldScreen.cs(58,18): warning CS0414: The field 'CreateWorldScreen._moreWorldOptionsOpen' is assigned but its value is never used [C:\Users\Redacted\Documents\LatticeVeil_project\LatticeVeilMonoGame\LatticeVeilMonoGame.csproj]
[13:37:58] [INFO]   LatticeVeilMonoGame -> C:\Users\Redacted\Documents\LatticeVeil_project\LatticeVeilMonoGame\bin\Debug\net8.0-windows\win-x64\LatticeVeilMonoGame.dll
[13:37:58] [INFO]   LatticeVeilMonoGame -> C:\Users\Redacted\Documents\LatticeVeil_project\LatticeVeilMonoGame\bin\Debug\net8.0-windows\win-x64\publish\
[13:37:58] [INFO] DEV final EXE staged: C:\Users\Redacted\Documents\LatticeVeil_project\DEV\LatticeVeilMonoGame.exe
[13:37:58] [INFO] Done: DEV Publish Only
[13:38:06] [INFO] DEV output folder opened: C:\Users\Redacted\Documents\LatticeVeil_project\DEV
[13:41:40] [INFO] Build GUI initialized.
[13:41:40] [INFO] Project root: C:\Users\Redacted\Documents\LatticeVeil_project
[13:41:40] [INFO] DEV final EXE folder: C:\Users\Redacted\Documents\LatticeVeil_project\DEV
[13:41:40] [INFO] RELEASE final EXE folder: C:\Users\Redacted\Documents\LatticeVeil_project\RELEASE
[13:41:40] [INFO] Logs: C:\Users\Redacted\Documents\LatticeVeil_project\.builder\logs\build-gui-20260221.log
[13:43:55] [INFO] Build GUI initialized.
[13:43:55] [INFO] Project root: C:\Users\Redacted\Documents\LatticeVeil_project
[13:43:55] [INFO] DEV final EXE folder: C:\Users\Redacted\Documents\LatticeVeil_project\DEV
[13:43:55] [INFO] RELEASE final EXE folder: C:\Users\Redacted\Documents\LatticeVeil_project\RELEASE
[13:43:55] [INFO] Logs: C:\Users\Redacted\Documents\LatticeVeil_project\.builder\logs\build-gui-20260221.log
[13:43:58] [INFO] Starting: Clean Outputs
[13:43:58] [INFO] Cleaning bin/obj folders...
[13:43:59] [INFO] Removed: C:\Users\Redacted\Documents\LatticeVeil_project\LatticeVeilMonoGame\bin
[13:43:59] [INFO] Removed: C:\Users\Redacted\Documents\LatticeVeil_project\LatticeVeilMonoGame\obj
[13:43:59] [INFO] Clean complete (DEV/RELEASE folders preserved)
[13:43:59] [INFO] Done: Clean Outputs
[13:44:03] [INFO] Starting: DEV Publish Only
[13:44:03] [INFO] BuildNonce: 20260221134403148-f567c8f864
[13:44:03] [INFO] Cleaning bin/obj folders...
[13:44:03] [INFO] Clean complete (DEV/RELEASE folders preserved)
[13:44:03] [INFO] Running: dotnet restore C:\Users\Redacted\Documents\LatticeVeil_project\LatticeVeilMonoGame\LatticeVeilMonoGame.csproj
[13:44:04] [INFO]   Determining projects to restore...
[13:44:04] [INFO]   Restored C:\Users\Redacted\Documents\LatticeVeil_project\LatticeVeilMonoGame\LatticeVeilMonoGame.csproj (in 430 ms).
[13:44:04] [INFO] Running: dotnet publish C:\Users\Redacted\Documents\LatticeVeil_project\LatticeVeilMonoGame\LatticeVeilMonoGame.csproj --configuration Debug -r win-x64 --self-contained true -p:PublishSingleFile=true -p:IncludeNativeLibrariesForSelfExtract=true -p:IncludeAllContentForSelfExtract=true -p:BuildNonce=20260221134403148-f567c8f864
[13:44:14] [INFO]   Determining projects to restore...
[13:44:14] [INFO]   All projects are up-to-date for restore.
[13:44:14] [INFO] C:\Users\Redacted\Documents\LatticeVeil_project\ThirdParty\EOS\SDK\Source\Core\Handle.cs(49,24): warning CS8765: Nullability of type of parameter 'obj' doesn't match overridden member (possibly because of nullability attributes). [C:\Users\Redacted\Documents\LatticeVeil_project\LatticeVeilMonoGame\LatticeVeilMonoGame.csproj]
[13:44:14] [INFO] C:\Users\Redacted\Documents\LatticeVeil_project\ThirdParty\EOS\SDK\Source\Core\Handle.cs(59,15): warning CS8767: Nullability of reference types in type of parameter 'other' of 'bool Handle.Equals(Handle other)' doesn't match implicitly implemented member 'bool IEquatable<Handle>.Equals(Handle? other)' (possibly because of nullability attributes). [C:\Users\Redacted\Documents\LatticeVeil_project\LatticeVeilMonoGame\LatticeVeilMonoGame.csproj]
[13:44:15] [INFO] C:\Users\Redacted\Documents\LatticeVeil_project\ThirdParty\EOS\SDK\Source\Core\Handle.cs(84,25): warning CS8767: Nullability of reference types in type of parameter 'format' of 'string Handle.ToString(string format, IFormatProvider formatProvider)' doesn't match implicitly implemented member 'string IFormattable.ToString(string? format, IFormatProvider? formatProvider)' (possibly because of nullability attributes). [C:\Users\Redacted\Documents\LatticeVeil_project\LatticeVeilMonoGame\LatticeVeilMonoGame.csproj]
[13:44:15] [INFO] C:\Users\Redacted\Documents\LatticeVeil_project\ThirdParty\EOS\SDK\Source\Core\Handle.cs(84,25): warning CS8767: Nullability of reference types in type of parameter 'formatProvider' of 'string Handle.ToString(string format, IFormatProvider formatProvider)' doesn't match implicitly implemented member 'string IFormattable.ToString(string? format, IFormatProvider? formatProvider)' (possibly because of nullability attributes). [C:\Users\Redacted\Documents\LatticeVeil_project\LatticeVeilMonoGame\LatticeVeilMonoGame.csproj]
[13:44:15] [INFO] C:\Users\Redacted\Documents\LatticeVeil_project\ThirdParty\EOS\SDK\Source\Core\Utf8String.cs(174,24): warning CS8765: Nullability of type of parameter 'obj' doesn't match overridden member (possibly because of nullability attributes). [C:\Users\Redacted\Documents\LatticeVeil_project\LatticeVeilMonoGame\LatticeVeilMonoGame.csproj]
[13:44:15] [INFO] C:\Users\Redacted\Documents\LatticeVeil_project\ThirdParty\EOS\SDK\Source\Core\Handle.cs(51,18): warning CS8604: Possible null reference argument for parameter 'other' in 'bool Handle.Equals(Handle other)'. [C:\Users\Redacted\Documents\LatticeVeil_project\LatticeVeilMonoGame\LatticeVeilMonoGame.csproj]
[13:44:15] [INFO] C:\Users\Redacted\Documents\LatticeVeil_project\ThirdParty\EOS\SDK\Source\Core\CallbackHelper.cs(36,56): warning CS8600: Converting null literal or possible null value to non-nullable type. [C:\Users\Redacted\Documents\LatticeVeil_project\LatticeVeilMonoGame\LatticeVeilMonoGame.csproj]
[13:44:15] [INFO] C:\Users\Redacted\Documents\LatticeVeil_project\ThirdParty\EOS\SDK\Source\Generated\Common.cs(22,51): warning CS8600: Converting null literal or possible null value to non-nullable type. [C:\Users\Redacted\Documents\LatticeVeil_project\LatticeVeilMonoGame\LatticeVeilMonoGame.csproj]
[13:44:15] [INFO] C:\Users\Redacted\Documents\LatticeVeil_project\ThirdParty\EOS\SDK\Source\Core\CallbackHelper.cs(80,56): warning CS8600: Converting null literal or possible null value to non-nullable type. [C:\Users\Redacted\Documents\LatticeVeil_project\LatticeVeilMonoGame\LatticeVeilMonoGame.csproj]
[13:44:15] [INFO] C:\Users\Redacted\Documents\LatticeVeil_project\ThirdParty\EOS\SDK\Source\Core\CallbackHelper.cs(82,17): warning CS8601: Possible null reference assignment. [C:\Users\Redacted\Documents\LatticeVeil_project\LatticeVeilMonoGame\LatticeVeilMonoGame.csproj]
[13:44:15] [INFO] C:\Users\Redacted\Documents\LatticeVeil_project\ThirdParty\EOS\SDK\Source\Core\CallbackHelper.cs(115,56): warning CS8600: Converting null literal or possible null value to non-nullable type. [C:\Users\Redacted\Documents\LatticeVeil_project\LatticeVeilMonoGame\LatticeVeilMonoGame.csproj]
[13:44:15] [INFO] C:\Users\Redacted\Documents\LatticeVeil_project\ThirdParty\EOS\SDK\Source\Core\CallbackHelper.cs(117,17): warning CS8601: Possible null reference assignment. [C:\Users\Redacted\Documents\LatticeVeil_project\LatticeVeilMonoGame\LatticeVeilMonoGame.csproj]
[13:44:15] [INFO] C:\Users\Redacted\Documents\LatticeVeil_project\ThirdParty\EOS\SDK\Source\Core\CallbackHelper.cs(130,82): warning CS8629: Nullable value type may be null. [C:\Users\Redacted\Documents\LatticeVeil_project\LatticeVeilMonoGame\LatticeVeilMonoGame.csproj]
[13:44:15] [INFO] C:\Users\Redacted\Documents\LatticeVeil_project\ThirdParty\EOS\SDK\Source\Core\CallbackHelper.cs(163,56): warning CS8600: Converting null literal or possible null value to non-nullable type. [C:\Users\Redacted\Documents\LatticeVeil_project\LatticeVeilMonoGame\LatticeVeilMonoGame.csproj]
[13:44:15] [INFO] C:\Users\Redacted\Documents\LatticeVeil_project\ThirdParty\EOS\SDK\Source\Core\CallbackHelper.cs(165,17): warning CS8601: Possible null reference assignment. [C:\Users\Redacted\Documents\LatticeVeil_project\LatticeVeilMonoGame\LatticeVeilMonoGame.csproj]
[13:44:15] [INFO] C:\Users\Redacted\Documents\LatticeVeil_project\ThirdParty\EOS\SDK\Source\Core\CallbackHelper.cs(222,48): warning CS8600: Converting null literal or possible null value to non-nullable type. [C:\Users\Redacted\Documents\LatticeVeil_project\LatticeVeilMonoGame\LatticeVeilMonoGame.csproj]
[13:44:15] [INFO] C:\Users\Redacted\Documents\LatticeVeil_project\ThirdParty\EOS\SDK\Source\Core\CallbackHelper.cs(224,17): warning CS8601: Possible null reference assignment. [C:\Users\Redacted\Documents\LatticeVeil_project\LatticeVeilMonoGame\LatticeVeilMonoGame.csproj]
[13:44:15] [INFO] C:\Users\Redacted\Documents\LatticeVeil_project\ThirdParty\EOS\SDK\Source\Core\CallbackHelper.cs(251,56): warning CS8600: Converting null literal or possible null value to non-nullable type. [C:\Users\Redacted\Documents\LatticeVeil_project\LatticeVeilMonoGame\LatticeVeilMonoGame.csproj]
[13:44:15] [INFO] C:\Users\Redacted\Documents\LatticeVeil_project\ThirdParty\EOS\SDK\Source\Core\CallbackHelper.cs(296,54): warning CS8600: Converting null literal or possible null value to non-nullable type. [C:\Users\Redacted\Documents\LatticeVeil_project\LatticeVeilMonoGame\LatticeVeilMonoGame.csproj]
[13:44:15] [INFO] C:\Users\Redacted\Documents\LatticeVeil_project\LatticeVeilMonoGame\Online\Eos\EosClient.cs(106,59): warning CS8604: Possible null reference argument for parameter 'left' in 'bool Handle.operator !=(Handle left, Handle right)'. [C:\Users\Redacted\Documents\LatticeVeil_project\LatticeVeilMonoGame\LatticeVeilMonoGame.csproj]
[13:44:15] [INFO] C:\Users\Redacted\Documents\LatticeVeil_project\LatticeVeilMonoGame\Online\Eos\EosClient.cs(107,63): warning CS8604: Possible null reference argument for parameter 'left' in 'bool Handle.operator !=(Handle left, Handle right)'. [C:\Users\Redacted\Documents\LatticeVeil_project\LatticeVeilMonoGame\LatticeVeilMonoGame.csproj]
[13:44:15] [INFO] C:\Users\Redacted\Documents\LatticeVeil_project\LatticeVeilMonoGame\Online\Eos\EosClient.cs(159,13): warning CS8604: Possible null reference argument for parameter 'left' in 'bool Handle.operator ==(Handle left, Handle right)'. [C:\Users\Redacted\Documents\LatticeVeil_project\LatticeVeilMonoGame\LatticeVeilMonoGame.csproj]
[13:44:15] [INFO] C:\Users\Redacted\Documents\LatticeVeil_project\ThirdParty\EOS\SDK\Source\Core\Helper.cs(127,18): warning CS8604: Possible null reference argument for parameter 'source' in 'void Marshal.Copy(byte[] source, int startIndex, nint destination, int length)'. [C:\Users\Redacted\Documents\LatticeVeil_project\LatticeVeilMonoGame\LatticeVeilMonoGame.csproj]
[13:44:15] [INFO] C:\Users\Redacted\Documents\LatticeVeil_project\LatticeVeilMonoGame\Online\Eos\EosClient.cs(203,13): warning CS8604: Possible null reference argument for parameter 'left' in 'bool Handle.operator ==(Handle left, Handle right)'. [C:\Users\Redacted\Documents\LatticeVeil_project\LatticeVeilMonoGame\LatticeVeilMonoGame.csproj]
[13:44:15] [INFO] C:\Users\Redacted\Documents\LatticeVeil_project\ThirdParty\EOS\SDK\Source\Core\Helper.cs(178,13): warning CS8601: Possible null reference assignment. [C:\Users\Redacted\Documents\LatticeVeil_project\LatticeVeilMonoGame\LatticeVeilMonoGame.csproj]
[13:44:15] [INFO] C:\Users\Redacted\Documents\LatticeVeil_project\ThirdParty\EOS\SDK\Source\Core\Helper.cs(202,13): warning CS8600: Converting null literal or possible null value to non-nullable type. [C:\Users\Redacted\Documents\LatticeVeil_project\LatticeVeilMonoGame\LatticeVeilMonoGame.csproj]
[13:44:15] [INFO] C:\Users\Redacted\Documents\LatticeVeil_project\ThirdParty\EOS\SDK\Source\Core\Helper.cs(202,13): warning CS8601: Possible null reference assignment. [C:\Users\Redacted\Documents\LatticeVeil_project\LatticeVeilMonoGame\LatticeVeilMonoGame.csproj]
[13:44:15] [INFO] C:\Users\Redacted\Documents\LatticeVeil_project\ThirdParty\EOS\SDK\Source\Core\Helper.cs(235,14): warning CS8605: Unboxing a possibly null value. [C:\Users\Redacted\Documents\LatticeVeil_project\LatticeVeilMonoGame\LatticeVeilMonoGame.csproj]
[13:44:15] [INFO] C:\Users\Redacted\Documents\LatticeVeil_project\LatticeVeilMonoGame\Online\Eos\EosClient.cs(227,13): warning CS8604: Possible null reference argument for parameter 'left' in 'bool Handle.operator ==(Handle left, Handle right)'. [C:\Users\Redacted\Documents\LatticeVeil_project\LatticeVeilMonoGame\LatticeVeilMonoGame.csproj]
[13:44:15] [INFO] C:\Users\Redacted\Documents\LatticeVeil_project\LatticeVeilMonoGame\Online\Eos\EosClient.cs(227,34): warning CS8604: Possible null reference argument for parameter 'left' in 'bool Handle.operator ==(Handle left, Handle right)'. [C:\Users\Redacted\Documents\LatticeVeil_project\LatticeVeilMonoGame\LatticeVeilMonoGame.csproj]
[13:44:15] [INFO] C:\Users\Redacted\Documents\LatticeVeil_project\LatticeVeilMonoGame\Online\Eos\EosClient.cs(230,13): warning CS8604: Possible null reference argument for parameter 'left' in 'bool Handle.operator ==(Handle left, Handle right)'. [C:\Users\Redacted\Documents\LatticeVeil_project\LatticeVeilMonoGame\LatticeVeilMonoGame.csproj]
[13:44:15] [INFO] C:\Users\Redacted\Documents\LatticeVeil_project\ThirdParty\EOS\SDK\Source\Core\Helper.cs(265,17): warning CS8601: Possible null reference assignment. [C:\Users\Redacted\Documents\LatticeVeil_project\LatticeVeilMonoGame\LatticeVeilMonoGame.csproj]
[13:44:15] [INFO] C:\Users\Redacted\Documents\LatticeVeil_project\ThirdParty\EOS\SDK\Source\Core\Helper.cs(315,13): warning CS8601: Possible null reference assignment. [C:\Users\Redacted\Documents\LatticeVeil_project\LatticeVeilMonoGame\LatticeVeilMonoGame.csproj]
[13:44:15] [INFO] C:\Users\Redacted\Documents\LatticeVeil_project\ThirdParty\EOS\SDK\Source\Core\Helper.cs(466,16): warning CS8600: Converting null literal or possible null value to non-nullable type. [C:\Users\Redacted\Documents\LatticeVeil_project\LatticeVeilMonoGame\LatticeVeilMonoGame.csproj]
[13:44:15] [INFO] C:\Users\Redacted\Documents\LatticeVeil_project\ThirdParty\EOS\SDK\Source\Core\Helper.cs(473,52): warning CS8600: Converting null literal or possible null value to non-nullable type. [C:\Users\Redacted\Documents\LatticeVeil_project\LatticeVeilMonoGame\LatticeVeilMonoGame.csproj]
[13:44:15] [INFO] C:\Users\Redacted\Documents\LatticeVeil_project\ThirdParty\EOS\SDK\Source\Core\Helper.cs(473,40): warning CS8600: Converting null literal or possible null value to non-nullable type. [C:\Users\Redacted\Documents\LatticeVeil_project\LatticeVeilMonoGame\LatticeVeilMonoGame.csproj]
[13:44:15] [INFO] C:\Users\Redacted\Documents\LatticeVeil_project\ThirdParty\EOS\SDK\Source\Core\Helper.cs(473,40): warning CS8604: Possible null reference argument for parameter 'str' in 'nint Helper.AddPinnedBuffer(Utf8String str)'. [C:\Users\Redacted\Documents\LatticeVeil_project\LatticeVeilMonoGame\LatticeVeilMonoGame.csproj]
[13:44:15] [INFO] C:\Users\Redacted\Documents\LatticeVeil_project\ThirdParty\EOS\SDK\Source\Core\Helper.cs(491,23): warning CS8600: Converting null literal or possible null value to non-nullable type. [C:\Users\Redacted\Documents\LatticeVeil_project\LatticeVeilMonoGame\LatticeVeilMonoGame.csproj]
[13:44:15] [INFO] C:\Users\Redacted\Documents\LatticeVeil_project\ThirdParty\EOS\SDK\Source\Core\Helper.cs(491,15): warning CS8600: Converting null literal or possible null value to non-nullable type. [C:\Users\Redacted\Documents\LatticeVeil_project\LatticeVeilMonoGame\LatticeVeilMonoGame.csproj]
[13:44:15] [INFO] C:\Users\Redacted\Documents\LatticeVeil_project\ThirdParty\EOS\SDK\Source\Core\Helper.cs(491,15): warning CS8604: Possible null reference argument for parameter 'from' in 'void Helper.Convert(Handle from, out nint to)'. [C:\Users\Redacted\Documents\LatticeVeil_project\LatticeVeilMonoGame\LatticeVeilMonoGame.csproj]
[13:44:15] [INFO] C:\Users\Redacted\Documents\LatticeVeil_project\ThirdParty\EOS\SDK\Source\Core\Helper.cs(496,30): warning CS8604: Possible null reference argument for parameter 'structure' in 'void Marshal.StructureToPtr<T?>(T? structure, nint ptr, bool fDeleteOld)'. [C:\Users\Redacted\Documents\LatticeVeil_project\LatticeVeilMonoGame\LatticeVeilMonoGame.csproj]
[13:44:15] [INFO] C:\Users\Redacted\Documents\LatticeVeil_project\ThirdParty\EOS\SDK\Source\Core\Helper.cs(526,50): warning CS8602: Dereference of a possibly null reference. [C:\Users\Redacted\Documents\LatticeVeil_project\LatticeVeilMonoGame\LatticeVeilMonoGame.csproj]
[13:44:15] [INFO] C:\Users\Redacted\Documents\LatticeVeil_project\ThirdParty\EOS\SDK\Source\Core\Helper.cs(532,32): warning CS8604: Possible null reference argument for parameter 't' in 'int Marshal.SizeOf(Type t)'. [C:\Users\Redacted\Documents\LatticeVeil_project\LatticeVeilMonoGame\LatticeVeilMonoGame.csproj]
[13:44:15] [INFO] C:\Users\Redacted\Documents\LatticeVeil_project\ThirdParty\EOS\SDK\Source\Core\Helper.cs(536,41): warning CS8602: Dereference of a possibly null reference. [C:\Users\Redacted\Documents\LatticeVeil_project\LatticeVeilMonoGame\LatticeVeilMonoGame.csproj]
[13:44:15] [INFO] C:\Users\Redacted\Documents\LatticeVeil_project\ThirdParty\EOS\SDK\Source\Core\Helper.cs(635,27): warning CS8604: Possible null reference argument for parameter 'buffer' in 'nint Helper.AddPinnedBuffer(byte[] buffer, int offset)'. [C:\Users\Redacted\Documents\LatticeVeil_project\LatticeVeilMonoGame\LatticeVeilMonoGame.csproj]
[13:44:15] [INFO] C:\Users\Redacted\Documents\LatticeVeil_project\LatticeVeilMonoGame\Online\Eos\EosClient.cs(387,47): warning CS8604: Possible null reference argument for parameter 'left' in 'bool Handle.operator ==(Handle left, Handle right)'. [C:\Users\Redacted\Documents\LatticeVeil_project\LatticeVeilMonoGame\LatticeVeilMonoGame.csproj]
[13:44:15] [INFO] C:\Users\Redacted\Documents\LatticeVeil_project\LatticeVeilMonoGame\Online\Eos\EosP2PSession.cs(1824,26): warning CS8602: Dereference of a possibly null reference. [C:\Users\Redacted\Documents\LatticeVeil_project\LatticeVeilMonoGame\LatticeVeilMonoGame.csproj]
[13:44:15] [INFO] C:\Users\Redacted\Documents\LatticeVeil_project\LatticeVeilMonoGame\Online\Eos\EosClient.cs(608,13): warning CS8604: Possible null reference argument for parameter 'left' in 'bool Handle.operator ==(Handle left, Handle right)'. [C:\Users\Redacted\Documents\LatticeVeil_project\LatticeVeilMonoGame\LatticeVeilMonoGame.csproj]
[13:44:15] [INFO] C:\Users\Redacted\Documents\LatticeVeil_project\LatticeVeilMonoGame\Online\Eos\EosClient.cs(608,31): warning CS8604: Possible null reference argument for parameter 'left' in 'bool Handle.operator ==(Handle left, Handle right)'. [C:\Users\Redacted\Documents\LatticeVeil_project\LatticeVeilMonoGame\LatticeVeilMonoGame.csproj]
[13:44:15] [INFO] C:\Users\Redacted\Documents\LatticeVeil_project\LatticeVeilMonoGame\Online\Eos\EosP2PSession.cs(84,13): warning CS8604: Possible null reference argument for parameter 'left' in 'bool Handle.operator ==(Handle left, Handle right)'. [C:\Users\Redacted\Documents\LatticeVeil_project\LatticeVeilMonoGame\LatticeVeilMonoGame.csproj]
[13:44:15] [INFO] C:\Users\Redacted\Documents\LatticeVeil_project\LatticeVeilMonoGame\Online\Eos\EosP2PSession.cs(84,47): warning CS8604: Possible null reference argument for parameter 'left' in 'bool Handle.operator ==(Handle left, Handle right)'. [C:\Users\Redacted\Documents\LatticeVeil_project\LatticeVeilMonoGame\LatticeVeilMonoGame.csproj]
[13:44:15] [INFO] C:\Users\Redacted\Documents\LatticeVeil_project\ThirdParty\EOS\SDK\Source\Core\Utf8String.cs(176,23): warning CS8600: Converting null literal or possible null value to non-nullable type. [C:\Users\Redacted\Documents\LatticeVeil_project\LatticeVeilMonoGame\LatticeVeilMonoGame.csproj]
[13:44:15] [INFO] C:\Users\Redacted\Documents\LatticeVeil_project\LatticeVeilMonoGame\Online\Lan\LanSession.cs(1115,49): warning CS8604: Possible null reference argument for parameter 'reason' in 'void LanClientSession.SetDisconnectReasonOnce(string reason)'. [C:\Users\Redacted\Documents\LatticeVeil_project\LatticeVeilMonoGame\LatticeVeilMonoGame.csproj]
[13:44:15] [INFO] C:\Users\Redacted\Documents\LatticeVeil_project\LatticeVeilMonoGame\Online\Eos\EosClient.cs(789,17): warning CS8604: Possible null reference argument for parameter 'left' in 'bool Handle.operator !=(Handle left, Handle right)'. [C:\Users\Redacted\Documents\LatticeVeil_project\LatticeVeilMonoGame\LatticeVeilMonoGame.csproj]
[13:44:15] [INFO] C:\Users\Redacted\Documents\LatticeVeil_project\ThirdParty\EOS\SDK\Source\Generated\ContinuanceToken.cs(72,28): warning CS8600: Converting null literal or possible null value to non-nullable type. [C:\Users\Redacted\Documents\LatticeVeil_project\LatticeVeilMonoGame\LatticeVeilMonoGame.csproj]
[13:44:15] [INFO] C:\Users\Redacted\Documents\LatticeVeil_project\LatticeVeilMonoGame\Online\Eos\EosP2PSession.cs(1034,13): warning CS8604: Possible null reference argument for parameter 'left' in 'bool Handle.operator ==(Handle left, Handle right)'. [C:\Users\Redacted\Documents\LatticeVeil_project\LatticeVeilMonoGame\LatticeVeilMonoGame.csproj]
[13:44:15] [INFO] C:\Users\Redacted\Documents\LatticeVeil_project\LatticeVeilMonoGame\Online\Eos\EosP2PSession.cs(1034,47): warning CS8604: Possible null reference argument for parameter 'left' in 'bool Handle.operator ==(Handle left, Handle right)'. [C:\Users\Redacted\Documents\LatticeVeil_project\LatticeVeilMonoGame\LatticeVeilMonoGame.csproj]
[13:44:15] [INFO] C:\Users\Redacted\Documents\LatticeVeil_project\LatticeVeilMonoGame\Online\Eos\EosP2PSession.cs(1038,13): warning CS8604: Possible null reference argument for parameter 'left' in 'bool Handle.operator ==(Handle left, Handle right)'. [C:\Users\Redacted\Documents\LatticeVeil_project\LatticeVeilMonoGame\LatticeVeilMonoGame.csproj]
[13:44:15] [INFO] C:\Users\Redacted\Documents\LatticeVeil_project\LatticeVeilMonoGame\Online\Gate\OnlineGateClient.cs(526,99): warning CS8601: Possible null reference assignment. [C:\Users\Redacted\Documents\LatticeVeil_project\LatticeVeilMonoGame\LatticeVeilMonoGame.csproj]
[13:44:15] [INFO] C:\Users\Redacted\Documents\LatticeVeil_project\LatticeVeilMonoGame\Online\Gate\OnlineGateClient.cs(528,84): warning CS8601: Possible null reference assignment. [C:\Users\Redacted\Documents\LatticeVeil_project\LatticeVeilMonoGame\LatticeVeilMonoGame.csproj]
[13:44:15] [INFO] C:\Users\Redacted\Documents\LatticeVeil_project\LatticeVeilMonoGame\Online\Gate\OnlineGateClient.cs(530,80): warning CS8601: Possible null reference assignment. [C:\Users\Redacted\Documents\LatticeVeil_project\LatticeVeilMonoGame\LatticeVeilMonoGame.csproj]
[13:44:15] [INFO] C:\Users\Redacted\Documents\LatticeVeil_project\LatticeVeilMonoGame\Online\Gate\OnlineGateClient.cs(534,80): warning CS8601: Possible null reference assignment. [C:\Users\Redacted\Documents\LatticeVeil_project\LatticeVeilMonoGame\LatticeVeilMonoGame.csproj]
[13:44:15] [INFO] C:\Users\Redacted\Documents\LatticeVeil_project\LatticeVeilMonoGame\Online\Eos\EosClient.cs(1058,13): warning CS8604: Possible null reference argument for parameter 'left' in 'bool Handle.operator ==(Handle left, Handle right)'. [C:\Users\Redacted\Documents\LatticeVeil_project\LatticeVeilMonoGame\LatticeVeilMonoGame.csproj]
[13:44:15] [INFO] C:\Users\Redacted\Documents\LatticeVeil_project\ThirdParty\EOS\SDK\Source\Generated\EpicAccountId.cs(117,28): warning CS8600: Converting null literal or possible null value to non-nullable type. [C:\Users\Redacted\Documents\LatticeVeil_project\LatticeVeilMonoGame\LatticeVeilMonoGame.csproj]
[13:44:15] [INFO] C:\Users\Redacted\Documents\LatticeVeil_project\LatticeVeilMonoGame\Online\Lan\LanSession.cs(752,30): warning CS8602: Dereference of a possibly null reference. [C:\Users\Redacted\Documents\LatticeVeil_project\LatticeVeilMonoGame\LatticeVeilMonoGame.csproj]
[13:44:15] [INFO] C:\Users\Redacted\Documents\LatticeVeil_project\LatticeVeilMonoGame\Online\Eos\EosP2PSession.cs(1147,13): warning CS8604: Possible null reference argument for parameter 'left' in 'bool Handle.operator ==(Handle left, Handle right)'. [C:\Users\Redacted\Documents\LatticeVeil_project\LatticeVeilMonoGame\LatticeVeilMonoGame.csproj]
[13:44:15] [INFO] C:\Users\Redacted\Documents\LatticeVeil_project\LatticeVeilMonoGame\Online\Eos\EosP2PSession.cs(1147,47): warning CS8604: Possible null reference argument for parameter 'left' in 'bool Handle.operator ==(Handle left, Handle right)'. [C:\Users\Redacted\Documents\LatticeVeil_project\LatticeVeilMonoGame\LatticeVeilMonoGame.csproj]
[13:44:15] [INFO] C:\Users\Redacted\Documents\LatticeVeil_project\LatticeVeilMonoGame\Online\Eos\EosP2PSession.cs(1151,13): warning CS8604: Possible null reference argument for parameter 'left' in 'bool Handle.operator ==(Handle left, Handle right)'. [C:\Users\Redacted\Documents\LatticeVeil_project\LatticeVeilMonoGame\LatticeVeilMonoGame.csproj]
[13:44:15] [INFO] C:\Users\Redacted\Documents\LatticeVeil_project\ThirdParty\EOS\SDK\Source\Generated\ProductUserId.cs(117,28): warning CS8600: Converting null literal or possible null value to non-nullable type. [C:\Users\Redacted\Documents\LatticeVeil_project\LatticeVeilMonoGame\LatticeVeilMonoGame.csproj]
[13:44:15] [INFO] C:\Users\Redacted\Documents\LatticeVeil_project\LatticeVeilMonoGame\Online\Gate\OnlineGateClient.cs(1495,23): warning CS8601: Possible null reference assignment. [C:\Users\Redacted\Documents\LatticeVeil_project\LatticeVeilMonoGame\LatticeVeilMonoGame.csproj]
[13:44:15] [INFO] C:\Users\Redacted\Documents\LatticeVeil_project\LatticeVeilMonoGame\Launcher\LauncherForm.cs(2440,9): warning CS0162: Unreachable code detected [C:\Users\Redacted\Documents\LatticeVeil_project\LatticeVeilMonoGame\LatticeVeilMonoGame.csproj]
[13:44:15] [INFO] C:\Users\Redacted\Documents\LatticeVeil_project\LatticeVeilMonoGame\Online\Eos\EosClient.cs(55,21): warning CS0649: Field 'EosClient._epicDisplayName' is never assigned to, and will always have its default value null [C:\Users\Redacted\Documents\LatticeVeil_project\LatticeVeilMonoGame\LatticeVeilMonoGame.csproj]
[13:44:15] [INFO] C:\Users\Redacted\Documents\LatticeVeil_project\LatticeVeilMonoGame\Core\SimpleMemoryManager.cs(16,25): warning CS0169: The field 'SimpleMemoryManager._totalAllocated' is never used [C:\Users\Redacted\Documents\LatticeVeil_project\LatticeVeilMonoGame\LatticeVeilMonoGame.csproj]
[13:44:15] [INFO] C:\Users\Redacted\Documents\LatticeVeil_project\LatticeVeilMonoGame\Online\Eos\EosClient.cs(58,18): warning CS0169: The field 'EosClient._allowDeviceFallback' is never used [C:\Users\Redacted\Documents\LatticeVeil_project\LatticeVeilMonoGame\LatticeVeilMonoGame.csproj]
[13:44:15] [INFO] C:\Users\Redacted\Documents\LatticeVeil_project\LatticeVeilMonoGame\Launcher\LauncherForm.cs(154,18): warning CS0169: The field 'LauncherForm._nameEditInProgress' is never used [C:\Users\Redacted\Documents\LatticeVeil_project\LatticeVeilMonoGame\LatticeVeilMonoGame.csproj]
[13:44:15] [INFO] C:\Users\Redacted\Documents\LatticeVeil_project\LatticeVeilMonoGame\Launcher\LauncherForm.cs(190,21): warning CS0169: The field 'LauncherForm._authTicket' is never used [C:\Users\Redacted\Documents\LatticeVeil_project\LatticeVeilMonoGame\LatticeVeilMonoGame.csproj]
[13:44:15] [INFO] C:\Users\Redacted\Documents\LatticeVeil_project\LatticeVeilMonoGame\UI\Screens\GameWorldScreen.cs(195,18): warning CS0169: The field 'GameWorldScreen._handoffFullStack' is never used [C:\Users\Redacted\Documents\LatticeVeil_project\LatticeVeilMonoGame\LatticeVeilMonoGame.csproj]
[13:44:15] [INFO] C:\Users\Redacted\Documents\LatticeVeil_project\LatticeVeilMonoGame\Online\Eos\EosClient.cs(54,28): warning CS0649: Field 'EosClient._epicAccountId' is never assigned to, and will always have its default value null [C:\Users\Redacted\Documents\LatticeVeil_project\LatticeVeilMonoGame\LatticeVeilMonoGame.csproj]
[13:44:15] [INFO] C:\Users\Redacted\Documents\LatticeVeil_project\LatticeVeilMonoGame\Online\Eos\EosClient.cs(59,18): warning CS0169: The field 'EosClient._silentLoginOnly' is never used [C:\Users\Redacted\Documents\LatticeVeil_project\LatticeVeilMonoGame\LatticeVeilMonoGame.csproj]
[13:44:15] [INFO] C:\Users\Redacted\Documents\LatticeVeil_project\LatticeVeilMonoGame\Online\Eos\EosClient.cs(57,18): warning CS0169: The field 'EosClient._epicLoginStarted' is never used [C:\Users\Redacted\Documents\LatticeVeil_project\LatticeVeilMonoGame\LatticeVeilMonoGame.csproj]
[13:44:15] [INFO] C:\Users\Redacted\Documents\LatticeVeil_project\LatticeVeilMonoGame\UI\Screens\GameWorldScreen.cs(329,18): warning CS0414: The field 'GameWorldScreen._pendingHostedOnlineShareAnnouncement' is assigned but its value is never used [C:\Users\Redacted\Documents\LatticeVeil_project\LatticeVeilMonoGame\LatticeVeilMonoGame.csproj]
[13:44:15] [INFO] C:\Users\Redacted\Documents\LatticeVeil_project\LatticeVeilMonoGame\UI\Screens\ProfileScreen.cs(114,18): warning CS0414: The field 'ProfileScreen._lastVeilnetSyncOk' is assigned but its value is never used [C:\Users\Redacted\Documents\LatticeVeil_project\LatticeVeilMonoGame\LatticeVeilMonoGame.csproj]
[13:44:15] [INFO] C:\Users\Redacted\Documents\LatticeVeil_project\LatticeVeilMonoGame\UI\Screens\CreateWorldScreen.cs(58,18): warning CS0414: The field 'CreateWorldScreen._moreWorldOptionsOpen' is assigned but its value is never used [C:\Users\Redacted\Documents\LatticeVeil_project\LatticeVeilMonoGame\LatticeVeilMonoGame.csproj]
[13:44:15] [INFO] C:\Users\Redacted\Documents\LatticeVeil_project\LatticeVeilMonoGame\Online\Gate\OnlineGateClient.cs(171,20): warning CS0414: The field 'OnlineGateClient._status' is assigned but its value is never used [C:\Users\Redacted\Documents\LatticeVeil_project\LatticeVeilMonoGame\LatticeVeilMonoGame.csproj]
[13:44:15] [INFO]   LatticeVeilMonoGame -> C:\Users\Redacted\Documents\LatticeVeil_project\LatticeVeilMonoGame\bin\Debug\net8.0-windows\win-x64\LatticeVeilMonoGame.dll
[13:44:15] [INFO]   LatticeVeilMonoGame -> C:\Users\Redacted\Documents\LatticeVeil_project\LatticeVeilMonoGame\bin\Debug\net8.0-windows\win-x64\publish\
[13:44:16] [INFO] DEV final EXE staged: C:\Users\Redacted\Documents\LatticeVeil_project\DEV\LatticeVeilMonoGame.exe
[13:44:16] [INFO] Done: DEV Publish Only
[14:00:13] [INFO] Build GUI initialized.
[14:00:13] [INFO] Project root: C:\Users\Redacted\Documents\LatticeVeil_project
[14:00:13] [INFO] DEV final EXE folder: C:\Users\Redacted\Documents\LatticeVeil_project\DEV
[14:00:13] [INFO] RELEASE final EXE folder: C:\Users\Redacted\Documents\LatticeVeil_project\RELEASE
[14:00:13] [INFO] Logs: C:\Users\Redacted\Documents\LatticeVeil_project\.builder\logs\build-gui-20260221.log
[14:00:14] [INFO] Starting: Clean Outputs
[14:00:14] [INFO] Cleaning bin/obj folders...
[14:00:14] [INFO] Removed: C:\Users\Redacted\Documents\LatticeVeil_project\LatticeVeilMonoGame\bin
[14:00:14] [INFO] Removed: C:\Users\Redacted\Documents\LatticeVeil_project\LatticeVeilMonoGame\obj
[14:00:14] [INFO] Clean complete (DEV/RELEASE folders preserved)
[14:00:14] [INFO] Done: Clean Outputs
[14:00:16] [INFO] Starting: DEV Publish Only
[14:00:16] [INFO] BuildNonce: 20260221140016828-1fc1a286e4
[14:00:16] [INFO] Cleaning bin/obj folders...
[14:00:16] [INFO] Clean complete (DEV/RELEASE folders preserved)
[14:00:16] [INFO] Running: dotnet restore C:\Users\Redacted\Documents\LatticeVeil_project\LatticeVeilMonoGame\LatticeVeilMonoGame.csproj
[14:00:19] [INFO]   Determining projects to restore...
[14:00:19] [INFO]   Restored C:\Users\Redacted\Documents\LatticeVeil_project\LatticeVeilMonoGame\LatticeVeilMonoGame.csproj (in 992 ms).
[14:00:19] [INFO] Running: dotnet publish C:\Users\Redacted\Documents\LatticeVeil_project\LatticeVeilMonoGame\LatticeVeilMonoGame.csproj --configuration Debug -r win-x64 --self-contained true -p:PublishSingleFile=true -p:IncludeNativeLibrariesForSelfExtract=true -p:IncludeAllContentForSelfExtract=true -p:BuildNonce=20260221140016828-1fc1a286e4
[14:00:31] [INFO]   Determining projects to restore...
[14:00:31] [INFO]   All projects are up-to-date for restore.
[14:00:31] [INFO] C:\Users\Redacted\Documents\LatticeVeil_project\ThirdParty\EOS\SDK\Source\Core\Handle.cs(49,24): warning CS8765: Nullability of type of parameter 'obj' doesn't match overridden member (possibly because of nullability attributes). [C:\Users\Redacted\Documents\LatticeVeil_project\LatticeVeilMonoGame\LatticeVeilMonoGame.csproj]
[14:00:31] [INFO] C:\Users\Redacted\Documents\LatticeVeil_project\ThirdParty\EOS\SDK\Source\Core\Handle.cs(59,15): warning CS8767: Nullability of reference types in type of parameter 'other' of 'bool Handle.Equals(Handle other)' doesn't match implicitly implemented member 'bool IEquatable<Handle>.Equals(Handle? other)' (possibly because of nullability attributes). [C:\Users\Redacted\Documents\LatticeVeil_project\LatticeVeilMonoGame\LatticeVeilMonoGame.csproj]
[14:00:31] [INFO] C:\Users\Redacted\Documents\LatticeVeil_project\ThirdParty\EOS\SDK\Source\Core\Handle.cs(84,25): warning CS8767: Nullability of reference types in type of parameter 'format' of 'string Handle.ToString(string format, IFormatProvider formatProvider)' doesn't match implicitly implemented member 'string IFormattable.ToString(string? format, IFormatProvider? formatProvider)' (possibly because of nullability attributes). [C:\Users\Redacted\Documents\LatticeVeil_project\LatticeVeilMonoGame\LatticeVeilMonoGame.csproj]
[14:00:31] [INFO] C:\Users\Redacted\Documents\LatticeVeil_project\ThirdParty\EOS\SDK\Source\Core\Handle.cs(84,25): warning CS8767: Nullability of reference types in type of parameter 'formatProvider' of 'string Handle.ToString(string format, IFormatProvider formatProvider)' doesn't match implicitly implemented member 'string IFormattable.ToString(string? format, IFormatProvider? formatProvider)' (possibly because of nullability attributes). [C:\Users\Redacted\Documents\LatticeVeil_project\LatticeVeilMonoGame\LatticeVeilMonoGame.csproj]
[14:00:31] [INFO] C:\Users\Redacted\Documents\LatticeVeil_project\ThirdParty\EOS\SDK\Source\Core\Utf8String.cs(174,24): warning CS8765: Nullability of type of parameter 'obj' doesn't match overridden member (possibly because of nullability attributes). [C:\Users\Redacted\Documents\LatticeVeil_project\LatticeVeilMonoGame\LatticeVeilMonoGame.csproj]
[14:00:31] [INFO] C:\Users\Redacted\Documents\LatticeVeil_project\ThirdParty\EOS\SDK\Source\Generated\Common.cs(22,51): warning CS8600: Converting null literal or possible null value to non-nullable type. [C:\Users\Redacted\Documents\LatticeVeil_project\LatticeVeilMonoGame\LatticeVeilMonoGame.csproj]
[14:00:31] [INFO] C:\Users\Redacted\Documents\LatticeVeil_project\LatticeVeilMonoGame\Online\Eos\EosClient.cs(106,59): warning CS8604: Possible null reference argument for parameter 'left' in 'bool Handle.operator !=(Handle left, Handle right)'. [C:\Users\Redacted\Documents\LatticeVeil_project\LatticeVeilMonoGame\LatticeVeilMonoGame.csproj]
[14:00:31] [INFO] C:\Users\Redacted\Documents\LatticeVeil_project\LatticeVeilMonoGame\Online\Eos\EosClient.cs(107,63): warning CS8604: Possible null reference argument for parameter 'left' in 'bool Handle.operator !=(Handle left, Handle right)'. [C:\Users\Redacted\Documents\LatticeVeil_project\LatticeVeilMonoGame\LatticeVeilMonoGame.csproj]
[14:00:31] [INFO] C:\Users\Redacted\Documents\LatticeVeil_project\ThirdParty\EOS\SDK\Source\Core\CallbackHelper.cs(36,56): warning CS8600: Converting null literal or possible null value to non-nullable type. [C:\Users\Redacted\Documents\LatticeVeil_project\LatticeVeilMonoGame\LatticeVeilMonoGame.csproj]
[14:00:31] [INFO] C:\Users\Redacted\Documents\LatticeVeil_project\ThirdParty\EOS\SDK\Source\Core\CallbackHelper.cs(80,56): warning CS8600: Converting null literal or possible null value to non-nullable type. [C:\Users\Redacted\Documents\LatticeVeil_project\LatticeVeilMonoGame\LatticeVeilMonoGame.csproj]
[14:00:31] [INFO] C:\Users\Redacted\Documents\LatticeVeil_project\ThirdParty\EOS\SDK\Source\Core\CallbackHelper.cs(82,17): warning CS8601: Possible null reference assignment. [C:\Users\Redacted\Documents\LatticeVeil_project\LatticeVeilMonoGame\LatticeVeilMonoGame.csproj]
[14:00:31] [INFO] C:\Users\Redacted\Documents\LatticeVeil_project\ThirdParty\EOS\SDK\Source\Core\CallbackHelper.cs(115,56): warning CS8600: Converting null literal or possible null value to non-nullable type. [C:\Users\Redacted\Documents\LatticeVeil_project\LatticeVeilMonoGame\LatticeVeilMonoGame.csproj]
[14:00:31] [INFO] C:\Users\Redacted\Documents\LatticeVeil_project\ThirdParty\EOS\SDK\Source\Core\CallbackHelper.cs(117,17): warning CS8601: Possible null reference assignment. [C:\Users\Redacted\Documents\LatticeVeil_project\LatticeVeilMonoGame\LatticeVeilMonoGame.csproj]
[14:00:31] [INFO] C:\Users\Redacted\Documents\LatticeVeil_project\ThirdParty\EOS\SDK\Source\Core\CallbackHelper.cs(130,82): warning CS8629: Nullable value type may be null. [C:\Users\Redacted\Documents\LatticeVeil_project\LatticeVeilMonoGame\LatticeVeilMonoGame.csproj]
[14:00:31] [INFO] C:\Users\Redacted\Documents\LatticeVeil_project\ThirdParty\EOS\SDK\Source\Core\CallbackHelper.cs(163,56): warning CS8600: Converting null literal or possible null value to non-nullable type. [C:\Users\Redacted\Documents\LatticeVeil_project\LatticeVeilMonoGame\LatticeVeilMonoGame.csproj]
[14:00:31] [INFO] C:\Users\Redacted\Documents\LatticeVeil_project\ThirdParty\EOS\SDK\Source\Core\CallbackHelper.cs(165,17): warning CS8601: Possible null reference assignment. [C:\Users\Redacted\Documents\LatticeVeil_project\LatticeVeilMonoGame\LatticeVeilMonoGame.csproj]
[14:00:31] [INFO] C:\Users\Redacted\Documents\LatticeVeil_project\LatticeVeilMonoGame\Online\Eos\EosClient.cs(159,13): warning CS8604: Possible null reference argument for parameter 'left' in 'bool Handle.operator ==(Handle left, Handle right)'. [C:\Users\Redacted\Documents\LatticeVeil_project\LatticeVeilMonoGame\LatticeVeilMonoGame.csproj]
[14:00:31] [INFO] C:\Users\Redacted\Documents\LatticeVeil_project\LatticeVeilMonoGame\Online\Eos\EosClient.cs(203,13): warning CS8604: Possible null reference argument for parameter 'left' in 'bool Handle.operator ==(Handle left, Handle right)'. [C:\Users\Redacted\Documents\LatticeVeil_project\LatticeVeilMonoGame\LatticeVeilMonoGame.csproj]
[14:00:31] [INFO] C:\Users\Redacted\Documents\LatticeVeil_project\ThirdParty\EOS\SDK\Source\Core\CallbackHelper.cs(222,48): warning CS8600: Converting null literal or possible null value to non-nullable type. [C:\Users\Redacted\Documents\LatticeVeil_project\LatticeVeilMonoGame\LatticeVeilMonoGame.csproj]
[14:00:31] [INFO] C:\Users\Redacted\Documents\LatticeVeil_project\ThirdParty\EOS\SDK\Source\Core\CallbackHelper.cs(224,17): warning CS8601: Possible null reference assignment. [C:\Users\Redacted\Documents\LatticeVeil_project\LatticeVeilMonoGame\LatticeVeilMonoGame.csproj]
[14:00:31] [INFO] C:\Users\Redacted\Documents\LatticeVeil_project\ThirdParty\EOS\SDK\Source\Core\CallbackHelper.cs(251,56): warning CS8600: Converting null literal or possible null value to non-nullable type. [C:\Users\Redacted\Documents\LatticeVeil_project\LatticeVeilMonoGame\LatticeVeilMonoGame.csproj]
[14:00:31] [INFO] C:\Users\Redacted\Documents\LatticeVeil_project\ThirdParty\EOS\SDK\Source\Core\CallbackHelper.cs(296,54): warning CS8600: Converting null literal or possible null value to non-nullable type. [C:\Users\Redacted\Documents\LatticeVeil_project\LatticeVeilMonoGame\LatticeVeilMonoGame.csproj]
[14:00:31] [INFO] C:\Users\Redacted\Documents\LatticeVeil_project\LatticeVeilMonoGame\Online\Eos\EosClient.cs(227,13): warning CS8604: Possible null reference argument for parameter 'left' in 'bool Handle.operator ==(Handle left, Handle right)'. [C:\Users\Redacted\Documents\LatticeVeil_project\LatticeVeilMonoGame\LatticeVeilMonoGame.csproj]
[14:00:31] [INFO] C:\Users\Redacted\Documents\LatticeVeil_project\LatticeVeilMonoGame\Online\Eos\EosClient.cs(227,34): warning CS8604: Possible null reference argument for parameter 'left' in 'bool Handle.operator ==(Handle left, Handle right)'. [C:\Users\Redacted\Documents\LatticeVeil_project\LatticeVeilMonoGame\LatticeVeilMonoGame.csproj]
[14:00:31] [INFO] C:\Users\Redacted\Documents\LatticeVeil_project\LatticeVeilMonoGame\Online\Eos\EosClient.cs(230,13): warning CS8604: Possible null reference argument for parameter 'left' in 'bool Handle.operator ==(Handle left, Handle right)'. [C:\Users\Redacted\Documents\LatticeVeil_project\LatticeVeilMonoGame\LatticeVeilMonoGame.csproj]
[14:00:31] [INFO] C:\Users\Redacted\Documents\LatticeVeil_project\ThirdParty\EOS\SDK\Source\Core\Helper.cs(127,18): warning CS8604: Possible null reference argument for parameter 'source' in 'void Marshal.Copy(byte[] source, int startIndex, nint destination, int length)'. [C:\Users\Redacted\Documents\LatticeVeil_project\LatticeVeilMonoGame\LatticeVeilMonoGame.csproj]
[14:00:31] [INFO] C:\Users\Redacted\Documents\LatticeVeil_project\LatticeVeilMonoGame\Online\Eos\EosClient.cs(387,47): warning CS8604: Possible null reference argument for parameter 'left' in 'bool Handle.operator ==(Handle left, Handle right)'. [C:\Users\Redacted\Documents\LatticeVeil_project\LatticeVeilMonoGame\LatticeVeilMonoGame.csproj]
[14:00:31] [INFO] C:\Users\Redacted\Documents\LatticeVeil_project\ThirdParty\EOS\SDK\Source\Core\Helper.cs(178,13): warning CS8601: Possible null reference assignment. [C:\Users\Redacted\Documents\LatticeVeil_project\LatticeVeilMonoGame\LatticeVeilMonoGame.csproj]
[14:00:31] [INFO] C:\Users\Redacted\Documents\LatticeVeil_project\ThirdParty\EOS\SDK\Source\Core\Helper.cs(202,13): warning CS8600: Converting null literal or possible null value to non-nullable type. [C:\Users\Redacted\Documents\LatticeVeil_project\LatticeVeilMonoGame\LatticeVeilMonoGame.csproj]
[14:00:31] [INFO] C:\Users\Redacted\Documents\LatticeVeil_project\ThirdParty\EOS\SDK\Source\Core\Helper.cs(202,13): warning CS8601: Possible null reference assignment. [C:\Users\Redacted\Documents\LatticeVeil_project\LatticeVeilMonoGame\LatticeVeilMonoGame.csproj]
[14:00:31] [INFO] C:\Users\Redacted\Documents\LatticeVeil_project\ThirdParty\EOS\SDK\Source\Core\Helper.cs(235,14): warning CS8605: Unboxing a possibly null value. [C:\Users\Redacted\Documents\LatticeVeil_project\LatticeVeilMonoGame\LatticeVeilMonoGame.csproj]
[14:00:31] [INFO] C:\Users\Redacted\Documents\LatticeVeil_project\ThirdParty\EOS\SDK\Source\Core\Helper.cs(265,17): warning CS8601: Possible null reference assignment. [C:\Users\Redacted\Documents\LatticeVeil_project\LatticeVeilMonoGame\LatticeVeilMonoGame.csproj]
[14:00:31] [INFO] C:\Users\Redacted\Documents\LatticeVeil_project\ThirdParty\EOS\SDK\Source\Core\Helper.cs(315,13): warning CS8601: Possible null reference assignment. [C:\Users\Redacted\Documents\LatticeVeil_project\LatticeVeilMonoGame\LatticeVeilMonoGame.csproj]
[14:00:31] [INFO] C:\Users\Redacted\Documents\LatticeVeil_project\LatticeVeilMonoGame\Online\Eos\EosP2PSession.cs(1824,26): warning CS8602: Dereference of a possibly null reference. [C:\Users\Redacted\Documents\LatticeVeil_project\LatticeVeilMonoGame\LatticeVeilMonoGame.csproj]
[14:00:31] [INFO] C:\Users\Redacted\Documents\LatticeVeil_project\ThirdParty\EOS\SDK\Source\Core\Helper.cs(466,16): warning CS8600: Converting null literal or possible null value to non-nullable type. [C:\Users\Redacted\Documents\LatticeVeil_project\LatticeVeilMonoGame\LatticeVeilMonoGame.csproj]
[14:00:31] [INFO] C:\Users\Redacted\Documents\LatticeVeil_project\ThirdParty\EOS\SDK\Source\Core\Helper.cs(473,52): warning CS8600: Converting null literal or possible null value to non-nullable type. [C:\Users\Redacted\Documents\LatticeVeil_project\LatticeVeilMonoGame\LatticeVeilMonoGame.csproj]
[14:00:31] [INFO] C:\Users\Redacted\Documents\LatticeVeil_project\ThirdParty\EOS\SDK\Source\Core\Helper.cs(473,40): warning CS8600: Converting null literal or possible null value to non-nullable type. [C:\Users\Redacted\Documents\LatticeVeil_project\LatticeVeilMonoGame\LatticeVeilMonoGame.csproj]
[14:00:31] [INFO] C:\Users\Redacted\Documents\LatticeVeil_project\ThirdParty\EOS\SDK\Source\Core\Helper.cs(473,40): warning CS8604: Possible null reference argument for parameter 'str' in 'nint Helper.AddPinnedBuffer(Utf8String str)'. [C:\Users\Redacted\Documents\LatticeVeil_project\LatticeVeilMonoGame\LatticeVeilMonoGame.csproj]
[14:00:31] [INFO] C:\Users\Redacted\Documents\LatticeVeil_project\ThirdParty\EOS\SDK\Source\Core\Helper.cs(491,23): warning CS8600: Converting null literal or possible null value to non-nullable type. [C:\Users\Redacted\Documents\LatticeVeil_project\LatticeVeilMonoGame\LatticeVeilMonoGame.csproj]
[14:00:31] [INFO] C:\Users\Redacted\Documents\LatticeVeil_project\ThirdParty\EOS\SDK\Source\Core\Helper.cs(491,15): warning CS8600: Converting null literal or possible null value to non-nullable type. [C:\Users\Redacted\Documents\LatticeVeil_project\LatticeVeilMonoGame\LatticeVeilMonoGame.csproj]
[14:00:31] [INFO] C:\Users\Redacted\Documents\LatticeVeil_project\ThirdParty\EOS\SDK\Source\Core\Helper.cs(491,15): warning CS8604: Possible null reference argument for parameter 'from' in 'void Helper.Convert(Handle from, out nint to)'. [C:\Users\Redacted\Documents\LatticeVeil_project\LatticeVeilMonoGame\LatticeVeilMonoGame.csproj]
[14:00:31] [INFO] C:\Users\Redacted\Documents\LatticeVeil_project\ThirdParty\EOS\SDK\Source\Core\Helper.cs(496,30): warning CS8604: Possible null reference argument for parameter 'structure' in 'void Marshal.StructureToPtr<T?>(T? structure, nint ptr, bool fDeleteOld)'. [C:\Users\Redacted\Documents\LatticeVeil_project\LatticeVeilMonoGame\LatticeVeilMonoGame.csproj]
[14:00:31] [INFO] C:\Users\Redacted\Documents\LatticeVeil_project\ThirdParty\EOS\SDK\Source\Core\Helper.cs(526,50): warning CS8602: Dereference of a possibly null reference. [C:\Users\Redacted\Documents\LatticeVeil_project\LatticeVeilMonoGame\LatticeVeilMonoGame.csproj]
[14:00:31] [INFO] C:\Users\Redacted\Documents\LatticeVeil_project\ThirdParty\EOS\SDK\Source\Core\Helper.cs(532,32): warning CS8604: Possible null reference argument for parameter 't' in 'int Marshal.SizeOf(Type t)'. [C:\Users\Redacted\Documents\LatticeVeil_project\LatticeVeilMonoGame\LatticeVeilMonoGame.csproj]
[14:00:31] [INFO] C:\Users\Redacted\Documents\LatticeVeil_project\ThirdParty\EOS\SDK\Source\Core\Helper.cs(536,41): warning CS8602: Dereference of a possibly null reference. [C:\Users\Redacted\Documents\LatticeVeil_project\LatticeVeilMonoGame\LatticeVeilMonoGame.csproj]
[14:00:31] [INFO] C:\Users\Redacted\Documents\LatticeVeil_project\ThirdParty\EOS\SDK\Source\Core\Handle.cs(51,18): warning CS8604: Possible null reference argument for parameter 'other' in 'bool Handle.Equals(Handle other)'. [C:\Users\Redacted\Documents\LatticeVeil_project\LatticeVeilMonoGame\LatticeVeilMonoGame.csproj]
[14:00:31] [INFO] C:\Users\Redacted\Documents\LatticeVeil_project\ThirdParty\EOS\SDK\Source\Core\Helper.cs(635,27): warning CS8604: Possible null reference argument for parameter 'buffer' in 'nint Helper.AddPinnedBuffer(byte[] buffer, int offset)'. [C:\Users\Redacted\Documents\LatticeVeil_project\LatticeVeilMonoGame\LatticeVeilMonoGame.csproj]
[14:00:31] [INFO] C:\Users\Redacted\Documents\LatticeVeil_project\LatticeVeilMonoGame\Online\Eos\EosClient.cs(608,13): warning CS8604: Possible null reference argument for parameter 'left' in 'bool Handle.operator ==(Handle left, Handle right)'. [C:\Users\Redacted\Documents\LatticeVeil_project\LatticeVeilMonoGame\LatticeVeilMonoGame.csproj]
[14:00:31] [INFO] C:\Users\Redacted\Documents\LatticeVeil_project\LatticeVeilMonoGame\Online\Eos\EosClient.cs(608,31): warning CS8604: Possible null reference argument for parameter 'left' in 'bool Handle.operator ==(Handle left, Handle right)'. [C:\Users\Redacted\Documents\LatticeVeil_project\LatticeVeilMonoGame\LatticeVeilMonoGame.csproj]
[14:00:31] [INFO] C:\Users\Redacted\Documents\LatticeVeil_project\LatticeVeilMonoGame\Online\Eos\EosClient.cs(789,17): warning CS8604: Possible null reference argument for parameter 'left' in 'bool Handle.operator !=(Handle left, Handle right)'. [C:\Users\Redacted\Documents\LatticeVeil_project\LatticeVeilMonoGame\LatticeVeilMonoGame.csproj]
[14:00:31] [INFO] C:\Users\Redacted\Documents\LatticeVeil_project\LatticeVeilMonoGame\Online\Lan\LanSession.cs(1115,49): warning CS8604: Possible null reference argument for parameter 'reason' in 'void LanClientSession.SetDisconnectReasonOnce(string reason)'. [C:\Users\Redacted\Documents\LatticeVeil_project\LatticeVeilMonoGame\LatticeVeilMonoGame.csproj]
[14:00:31] [INFO] C:\Users\Redacted\Documents\LatticeVeil_project\LatticeVeilMonoGame\Online\Eos\EosClient.cs(1058,13): warning CS8604: Possible null reference argument for parameter 'left' in 'bool Handle.operator ==(Handle left, Handle right)'. [C:\Users\Redacted\Documents\LatticeVeil_project\LatticeVeilMonoGame\LatticeVeilMonoGame.csproj]
[14:00:31] [INFO] C:\Users\Redacted\Documents\LatticeVeil_project\LatticeVeilMonoGame\Online\Eos\EosP2PSession.cs(84,13): warning CS8604: Possible null reference argument for parameter 'left' in 'bool Handle.operator ==(Handle left, Handle right)'. [C:\Users\Redacted\Documents\LatticeVeil_project\LatticeVeilMonoGame\LatticeVeilMonoGame.csproj]
[14:00:31] [INFO] C:\Users\Redacted\Documents\LatticeVeil_project\LatticeVeilMonoGame\Online\Eos\EosP2PSession.cs(84,47): warning CS8604: Possible null reference argument for parameter 'left' in 'bool Handle.operator ==(Handle left, Handle right)'. [C:\Users\Redacted\Documents\LatticeVeil_project\LatticeVeilMonoGame\LatticeVeilMonoGame.csproj]
[14:00:31] [INFO] C:\Users\Redacted\Documents\LatticeVeil_project\LatticeVeilMonoGame\Online\Eos\EosP2PSession.cs(1034,13): warning CS8604: Possible null reference argument for parameter 'left' in 'bool Handle.operator ==(Handle left, Handle right)'. [C:\Users\Redacted\Documents\LatticeVeil_project\LatticeVeilMonoGame\LatticeVeilMonoGame.csproj]
[14:00:31] [INFO] C:\Users\Redacted\Documents\LatticeVeil_project\LatticeVeilMonoGame\Online\Eos\EosP2PSession.cs(1034,47): warning CS8604: Possible null reference argument for parameter 'left' in 'bool Handle.operator ==(Handle left, Handle right)'. [C:\Users\Redacted\Documents\LatticeVeil_project\LatticeVeilMonoGame\LatticeVeilMonoGame.csproj]
[14:00:31] [INFO] C:\Users\Redacted\Documents\LatticeVeil_project\LatticeVeilMonoGame\Online\Eos\EosP2PSession.cs(1038,13): warning CS8604: Possible null reference argument for parameter 'left' in 'bool Handle.operator ==(Handle left, Handle right)'. [C:\Users\Redacted\Documents\LatticeVeil_project\LatticeVeilMonoGame\LatticeVeilMonoGame.csproj]
[14:00:31] [INFO] C:\Users\Redacted\Documents\LatticeVeil_project\LatticeVeilMonoGame\Online\Gate\OnlineGateClient.cs(526,99): warning CS8601: Possible null reference assignment. [C:\Users\Redacted\Documents\LatticeVeil_project\LatticeVeilMonoGame\LatticeVeilMonoGame.csproj]
[14:00:31] [INFO] C:\Users\Redacted\Documents\LatticeVeil_project\LatticeVeilMonoGame\Online\Gate\OnlineGateClient.cs(528,84): warning CS8601: Possible null reference assignment. [C:\Users\Redacted\Documents\LatticeVeil_project\LatticeVeilMonoGame\LatticeVeilMonoGame.csproj]
[14:00:31] [INFO] C:\Users\Redacted\Documents\LatticeVeil_project\LatticeVeilMonoGame\Online\Gate\OnlineGateClient.cs(530,80): warning CS8601: Possible null reference assignment. [C:\Users\Redacted\Documents\LatticeVeil_project\LatticeVeilMonoGame\LatticeVeilMonoGame.csproj]
[14:00:31] [INFO] C:\Users\Redacted\Documents\LatticeVeil_project\LatticeVeilMonoGame\Online\Gate\OnlineGateClient.cs(534,80): warning CS8601: Possible null reference assignment. [C:\Users\Redacted\Documents\LatticeVeil_project\LatticeVeilMonoGame\LatticeVeilMonoGame.csproj]
[14:00:31] [INFO] C:\Users\Redacted\Documents\LatticeVeil_project\LatticeVeilMonoGame\Online\Eos\EosP2PSession.cs(1147,13): warning CS8604: Possible null reference argument for parameter 'left' in 'bool Handle.operator ==(Handle left, Handle right)'. [C:\Users\Redacted\Documents\LatticeVeil_project\LatticeVeilMonoGame\LatticeVeilMonoGame.csproj]
[14:00:31] [INFO] C:\Users\Redacted\Documents\LatticeVeil_project\LatticeVeilMonoGame\Online\Eos\EosP2PSession.cs(1147,47): warning CS8604: Possible null reference argument for parameter 'left' in 'bool Handle.operator ==(Handle left, Handle right)'. [C:\Users\Redacted\Documents\LatticeVeil_project\LatticeVeilMonoGame\LatticeVeilMonoGame.csproj]
[14:00:31] [INFO] C:\Users\Redacted\Documents\LatticeVeil_project\LatticeVeilMonoGame\Online\Eos\EosP2PSession.cs(1151,13): warning CS8604: Possible null reference argument for parameter 'left' in 'bool Handle.operator ==(Handle left, Handle right)'. [C:\Users\Redacted\Documents\LatticeVeil_project\LatticeVeilMonoGame\LatticeVeilMonoGame.csproj]
[14:00:31] [INFO] C:\Users\Redacted\Documents\LatticeVeil_project\ThirdParty\EOS\SDK\Source\Core\Utf8String.cs(176,23): warning CS8600: Converting null literal or possible null value to non-nullable type. [C:\Users\Redacted\Documents\LatticeVeil_project\LatticeVeilMonoGame\LatticeVeilMonoGame.csproj]
[14:00:31] [INFO] C:\Users\Redacted\Documents\LatticeVeil_project\LatticeVeilMonoGame\Online\Lan\LanSession.cs(752,30): warning CS8602: Dereference of a possibly null reference. [C:\Users\Redacted\Documents\LatticeVeil_project\LatticeVeilMonoGame\LatticeVeilMonoGame.csproj]
[14:00:31] [INFO] C:\Users\Redacted\Documents\LatticeVeil_project\LatticeVeilMonoGame\Online\Gate\OnlineGateClient.cs(1495,23): warning CS8601: Possible null reference assignment. [C:\Users\Redacted\Documents\LatticeVeil_project\LatticeVeilMonoGame\LatticeVeilMonoGame.csproj]
[14:00:31] [INFO] C:\Users\Redacted\Documents\LatticeVeil_project\LatticeVeilMonoGame\Launcher\LauncherForm.cs(2440,9): warning CS0162: Unreachable code detected [C:\Users\Redacted\Documents\LatticeVeil_project\LatticeVeilMonoGame\LatticeVeilMonoGame.csproj]
[14:00:31] [INFO] C:\Users\Redacted\Documents\LatticeVeil_project\ThirdParty\EOS\SDK\Source\Generated\ProductUserId.cs(117,28): warning CS8600: Converting null literal or possible null value to non-nullable type. [C:\Users\Redacted\Documents\LatticeVeil_project\LatticeVeilMonoGame\LatticeVeilMonoGame.csproj]
[14:00:31] [INFO] C:\Users\Redacted\Documents\LatticeVeil_project\ThirdParty\EOS\SDK\Source\Generated\EpicAccountId.cs(117,28): warning CS8600: Converting null literal or possible null value to non-nullable type. [C:\Users\Redacted\Documents\LatticeVeil_project\LatticeVeilMonoGame\LatticeVeilMonoGame.csproj]
[14:00:31] [INFO] C:\Users\Redacted\Documents\LatticeVeil_project\ThirdParty\EOS\SDK\Source\Generated\ContinuanceToken.cs(72,28): warning CS8600: Converting null literal or possible null value to non-nullable type. [C:\Users\Redacted\Documents\LatticeVeil_project\LatticeVeilMonoGame\LatticeVeilMonoGame.csproj]
[14:00:31] [INFO] C:\Users\Redacted\Documents\LatticeVeil_project\LatticeVeilMonoGame\Online\Eos\EosClient.cs(54,28): warning CS0649: Field 'EosClient._epicAccountId' is never assigned to, and will always have its default value null [C:\Users\Redacted\Documents\LatticeVeil_project\LatticeVeilMonoGame\LatticeVeilMonoGame.csproj]
[14:00:31] [INFO] C:\Users\Redacted\Documents\LatticeVeil_project\LatticeVeilMonoGame\Launcher\LauncherForm.cs(190,21): warning CS0169: The field 'LauncherForm._authTicket' is never used [C:\Users\Redacted\Documents\LatticeVeil_project\LatticeVeilMonoGame\LatticeVeilMonoGame.csproj]
[14:00:31] [INFO] C:\Users\Redacted\Documents\LatticeVeil_project\LatticeVeilMonoGame\Online\Eos\EosClient.cs(55,21): warning CS0649: Field 'EosClient._epicDisplayName' is never assigned to, and will always have its default value null [C:\Users\Redacted\Documents\LatticeVeil_project\LatticeVeilMonoGame\LatticeVeilMonoGame.csproj]
[14:00:31] [INFO] C:\Users\Redacted\Documents\LatticeVeil_project\LatticeVeilMonoGame\Online\Eos\EosClient.cs(57,18): warning CS0169: The field 'EosClient._epicLoginStarted' is never used [C:\Users\Redacted\Documents\LatticeVeil_project\LatticeVeilMonoGame\LatticeVeilMonoGame.csproj]
[14:00:31] [INFO] C:\Users\Redacted\Documents\LatticeVeil_project\LatticeVeilMonoGame\Launcher\LauncherForm.cs(154,18): warning CS0169: The field 'LauncherForm._nameEditInProgress' is never used [C:\Users\Redacted\Documents\LatticeVeil_project\LatticeVeilMonoGame\LatticeVeilMonoGame.csproj]
[14:00:31] [INFO] C:\Users\Redacted\Documents\LatticeVeil_project\LatticeVeilMonoGame\UI\Screens\GameWorldScreen.cs(195,18): warning CS0169: The field 'GameWorldScreen._handoffFullStack' is never used [C:\Users\Redacted\Documents\LatticeVeil_project\LatticeVeilMonoGame\LatticeVeilMonoGame.csproj]
[14:00:31] [INFO] C:\Users\Redacted\Documents\LatticeVeil_project\LatticeVeilMonoGame\Online\Eos\EosClient.cs(58,18): warning CS0169: The field 'EosClient._allowDeviceFallback' is never used [C:\Users\Redacted\Documents\LatticeVeil_project\LatticeVeilMonoGame\LatticeVeilMonoGame.csproj]
[14:00:31] [INFO] C:\Users\Redacted\Documents\LatticeVeil_project\LatticeVeilMonoGame\Core\SimpleMemoryManager.cs(16,25): warning CS0169: The field 'SimpleMemoryManager._totalAllocated' is never used [C:\Users\Redacted\Documents\LatticeVeil_project\LatticeVeilMonoGame\LatticeVeilMonoGame.csproj]
[14:00:31] [INFO] C:\Users\Redacted\Documents\LatticeVeil_project\LatticeVeilMonoGame\Online\Eos\EosClient.cs(59,18): warning CS0169: The field 'EosClient._silentLoginOnly' is never used [C:\Users\Redacted\Documents\LatticeVeil_project\LatticeVeilMonoGame\LatticeVeilMonoGame.csproj]
[14:00:31] [INFO] C:\Users\Redacted\Documents\LatticeVeil_project\LatticeVeilMonoGame\UI\Screens\ProfileScreen.cs(114,18): warning CS0414: The field 'ProfileScreen._lastVeilnetSyncOk' is assigned but its value is never used [C:\Users\Redacted\Documents\LatticeVeil_project\LatticeVeilMonoGame\LatticeVeilMonoGame.csproj]
[14:00:31] [INFO] C:\Users\Redacted\Documents\LatticeVeil_project\LatticeVeilMonoGame\Online\Gate\OnlineGateClient.cs(171,20): warning CS0414: The field 'OnlineGateClient._status' is assigned but its value is never used [C:\Users\Redacted\Documents\LatticeVeil_project\LatticeVeilMonoGame\LatticeVeilMonoGame.csproj]
[14:00:31] [INFO] C:\Users\Redacted\Documents\LatticeVeil_project\LatticeVeilMonoGame\UI\Screens\CreateWorldScreen.cs(58,18): warning CS0414: The field 'CreateWorldScreen._moreWorldOptionsOpen' is assigned but its value is never used [C:\Users\Redacted\Documents\LatticeVeil_project\LatticeVeilMonoGame\LatticeVeilMonoGame.csproj]
[14:00:31] [INFO] C:\Users\Redacted\Documents\LatticeVeil_project\LatticeVeilMonoGame\UI\Screens\GameWorldScreen.cs(329,18): warning CS0414: The field 'GameWorldScreen._pendingHostedOnlineShareAnnouncement' is assigned but its value is never used [C:\Users\Redacted\Documents\LatticeVeil_project\LatticeVeilMonoGame\LatticeVeilMonoGame.csproj]
[14:00:31] [INFO]   LatticeVeilMonoGame -> C:\Users\Redacted\Documents\LatticeVeil_project\LatticeVeilMonoGame\bin\Debug\net8.0-windows\win-x64\LatticeVeilMonoGame.dll
[14:00:31] [INFO]   LatticeVeilMonoGame -> C:\Users\Redacted\Documents\LatticeVeil_project\LatticeVeilMonoGame\bin\Debug\net8.0-windows\win-x64\publish\
[14:00:32] [INFO] DEV final EXE staged: C:\Users\Redacted\Documents\LatticeVeil_project\DEV\LatticeVeilMonoGame.exe
[14:00:32] [INFO] Done: DEV Publish Only
[14:12:48] [INFO] Build GUI initialized.
[14:12:48] [INFO] Project root: C:\Users\Redacted\Documents\LatticeVeil_project
[14:12:48] [INFO] DEV final EXE folder: C:\Users\Redacted\Documents\LatticeVeil_project\DEV
[14:12:48] [INFO] RELEASE final EXE folder: C:\Users\Redacted\Documents\LatticeVeil_project\RELEASE
[14:12:48] [INFO] Logs: C:\Users\Redacted\Documents\LatticeVeil_project\.builder\logs\build-gui-20260221.log
[14:42:15] [INFO] Build GUI initialized.
[14:42:15] [INFO] Project root: C:\Users\Redacted\Documents\LatticeVeil_project
[14:42:15] [INFO] DEV final EXE folder: C:\Users\Redacted\Documents\LatticeVeil_project\DEV
[14:42:15] [INFO] RELEASE final EXE folder: C:\Users\Redacted\Documents\LatticeVeil_project\RELEASE
[14:42:15] [INFO] Logs: C:\Users\Redacted\Documents\LatticeVeil_project\.builder\logs\build-gui-20260221.log
[14:42:16] [INFO] Starting: Clean Outputs
[14:42:17] [INFO] Cleaning bin/obj folders...
[14:42:17] [INFO] Removed: C:\Users\Redacted\Documents\LatticeVeil_project\LatticeVeilMonoGame\bin
[14:42:17] [INFO] Removed: C:\Users\Redacted\Documents\LatticeVeil_project\LatticeVeilMonoGame\obj
[14:42:17] [INFO] Clean complete (DEV/RELEASE folders preserved)
[14:42:17] [INFO] Done: Clean Outputs
[14:42:24] [INFO] Starting: Release Build + Publish + Zip
[14:42:24] [INFO] BuildNonce: 20260221144224333-c123aee1c1
[14:42:24] [INFO] Cleaning bin/obj folders...
[14:42:24] [INFO] Clean complete (DEV/RELEASE folders preserved)
[14:42:24] [INFO] Running: dotnet restore C:\Users\Redacted\Documents\LatticeVeil_project\LatticeVeilMonoGame\LatticeVeilMonoGame.csproj
[14:42:26] [INFO]   Determining projects to restore...
[14:42:26] [INFO]   Restored C:\Users\Redacted\Documents\LatticeVeil_project\LatticeVeilMonoGame\LatticeVeilMonoGame.csproj (in 1.04 sec).
[14:42:26] [INFO] Running: dotnet publish C:\Users\Redacted\Documents\LatticeVeil_project\LatticeVeilMonoGame\LatticeVeilMonoGame.csproj --configuration Release -r win-x64 --self-contained true -p:PublishSingleFile=true -p:BuildNonce=20260221144224333-c123aee1c1 -p:PublishReadyToRun=true
[14:43:13] [INFO]   Determining projects to restore...
[14:43:13] [INFO]   Restored C:\Users\Redacted\Documents\LatticeVeil_project\LatticeVeilMonoGame\LatticeVeilMonoGame.csproj (in 352 ms).
[14:43:13] [INFO] C:\Users\Redacted\Documents\LatticeVeil_project\ThirdParty\EOS\SDK\Source\Core\Handle.cs(49,24): warning CS8765: Nullability of type of parameter 'obj' doesn't match overridden member (possibly because of nullability attributes). [C:\Users\Redacted\Documents\LatticeVeil_project\LatticeVeilMonoGame\LatticeVeilMonoGame.csproj]
[14:43:13] [INFO] C:\Users\Redacted\Documents\LatticeVeil_project\ThirdParty\EOS\SDK\Source\Core\Handle.cs(59,15): warning CS8767: Nullability of reference types in type of parameter 'other' of 'bool Handle.Equals(Handle other)' doesn't match implicitly implemented member 'bool IEquatable<Handle>.Equals(Handle? other)' (possibly because of nullability attributes). [C:\Users\Redacted\Documents\LatticeVeil_project\LatticeVeilMonoGame\LatticeVeilMonoGame.csproj]
[14:43:13] [INFO] C:\Users\Redacted\Documents\LatticeVeil_project\ThirdParty\EOS\SDK\Source\Core\Handle.cs(84,25): warning CS8767: Nullability of reference types in type of parameter 'format' of 'string Handle.ToString(string format, IFormatProvider formatProvider)' doesn't match implicitly implemented member 'string IFormattable.ToString(string? format, IFormatProvider? formatProvider)' (possibly because of nullability attributes). [C:\Users\Redacted\Documents\LatticeVeil_project\LatticeVeilMonoGame\LatticeVeilMonoGame.csproj]
[14:43:13] [INFO] C:\Users\Redacted\Documents\LatticeVeil_project\ThirdParty\EOS\SDK\Source\Core\Handle.cs(84,25): warning CS8767: Nullability of reference types in type of parameter 'formatProvider' of 'string Handle.ToString(string format, IFormatProvider formatProvider)' doesn't match implicitly implemented member 'string IFormattable.ToString(string? format, IFormatProvider? formatProvider)' (possibly because of nullability attributes). [C:\Users\Redacted\Documents\LatticeVeil_project\LatticeVeilMonoGame\LatticeVeilMonoGame.csproj]
[14:43:13] [INFO] C:\Users\Redacted\Documents\LatticeVeil_project\ThirdParty\EOS\SDK\Source\Core\Utf8String.cs(174,24): warning CS8765: Nullability of type of parameter 'obj' doesn't match overridden member (possibly because of nullability attributes). [C:\Users\Redacted\Documents\LatticeVeil_project\LatticeVeilMonoGame\LatticeVeilMonoGame.csproj]
[14:43:13] [INFO] C:\Users\Redacted\Documents\LatticeVeil_project\ThirdParty\EOS\SDK\Source\Core\CallbackHelper.cs(36,56): warning CS8600: Converting null literal or possible null value to non-nullable type. [C:\Users\Redacted\Documents\LatticeVeil_project\LatticeVeilMonoGame\LatticeVeilMonoGame.csproj]
[14:43:13] [INFO] C:\Users\Redacted\Documents\LatticeVeil_project\ThirdParty\EOS\SDK\Source\Core\CallbackHelper.cs(80,56): warning CS8600: Converting null literal or possible null value to non-nullable type. [C:\Users\Redacted\Documents\LatticeVeil_project\LatticeVeilMonoGame\LatticeVeilMonoGame.csproj]
[14:43:13] [INFO] C:\Users\Redacted\Documents\LatticeVeil_project\ThirdParty\EOS\SDK\Source\Core\CallbackHelper.cs(82,17): warning CS8601: Possible null reference assignment. [C:\Users\Redacted\Documents\LatticeVeil_project\LatticeVeilMonoGame\LatticeVeilMonoGame.csproj]
[14:43:13] [INFO] C:\Users\Redacted\Documents\LatticeVeil_project\ThirdParty\EOS\SDK\Source\Core\CallbackHelper.cs(115,56): warning CS8600: Converting null literal or possible null value to non-nullable type. [C:\Users\Redacted\Documents\LatticeVeil_project\LatticeVeilMonoGame\LatticeVeilMonoGame.csproj]
[14:43:13] [INFO] C:\Users\Redacted\Documents\LatticeVeil_project\ThirdParty\EOS\SDK\Source\Core\CallbackHelper.cs(117,17): warning CS8601: Possible null reference assignment. [C:\Users\Redacted\Documents\LatticeVeil_project\LatticeVeilMonoGame\LatticeVeilMonoGame.csproj]
[14:43:13] [INFO] C:\Users\Redacted\Documents\LatticeVeil_project\ThirdParty\EOS\SDK\Source\Core\CallbackHelper.cs(130,82): warning CS8629: Nullable value type may be null. [C:\Users\Redacted\Documents\LatticeVeil_project\LatticeVeilMonoGame\LatticeVeilMonoGame.csproj]
[14:43:13] [INFO] C:\Users\Redacted\Documents\LatticeVeil_project\ThirdParty\EOS\SDK\Source\Core\CallbackHelper.cs(163,56): warning CS8600: Converting null literal or possible null value to non-nullable type. [C:\Users\Redacted\Documents\LatticeVeil_project\LatticeVeilMonoGame\LatticeVeilMonoGame.csproj]
[14:43:13] [INFO] C:\Users\Redacted\Documents\LatticeVeil_project\ThirdParty\EOS\SDK\Source\Core\CallbackHelper.cs(165,17): warning CS8601: Possible null reference assignment. [C:\Users\Redacted\Documents\LatticeVeil_project\LatticeVeilMonoGame\LatticeVeilMonoGame.csproj]
[14:43:13] [INFO] C:\Users\Redacted\Documents\LatticeVeil_project\ThirdParty\EOS\SDK\Source\Core\CallbackHelper.cs(222,48): warning CS8600: Converting null literal or possible null value to non-nullable type. [C:\Users\Redacted\Documents\LatticeVeil_project\LatticeVeilMonoGame\LatticeVeilMonoGame.csproj]
[14:43:13] [INFO] C:\Users\Redacted\Documents\LatticeVeil_project\ThirdParty\EOS\SDK\Source\Core\CallbackHelper.cs(224,17): warning CS8601: Possible null reference assignment. [C:\Users\Redacted\Documents\LatticeVeil_project\LatticeVeilMonoGame\LatticeVeilMonoGame.csproj]
[14:43:13] [INFO] C:\Users\Redacted\Documents\LatticeVeil_project\ThirdParty\EOS\SDK\Source\Core\CallbackHelper.cs(251,56): warning CS8600: Converting null literal or possible null value to non-nullable type. [C:\Users\Redacted\Documents\LatticeVeil_project\LatticeVeilMonoGame\LatticeVeilMonoGame.csproj]
[14:43:13] [INFO] C:\Users\Redacted\Documents\LatticeVeil_project\ThirdParty\EOS\SDK\Source\Core\CallbackHelper.cs(296,54): warning CS8600: Converting null literal or possible null value to non-nullable type. [C:\Users\Redacted\Documents\LatticeVeil_project\LatticeVeilMonoGame\LatticeVeilMonoGame.csproj]
[14:43:13] [INFO] C:\Users\Redacted\Documents\LatticeVeil_project\ThirdParty\EOS\SDK\Source\Core\Helper.cs(127,18): warning CS8604: Possible null reference argument for parameter 'source' in 'void Marshal.Copy(byte[] source, int startIndex, nint destination, int length)'. [C:\Users\Redacted\Documents\LatticeVeil_project\LatticeVeilMonoGame\LatticeVeilMonoGame.csproj]
[14:43:13] [INFO] C:\Users\Redacted\Documents\LatticeVeil_project\ThirdParty\EOS\SDK\Source\Core\Helper.cs(178,13): warning CS8601: Possible null reference assignment. [C:\Users\Redacted\Documents\LatticeVeil_project\LatticeVeilMonoGame\LatticeVeilMonoGame.csproj]
[14:43:13] [INFO] C:\Users\Redacted\Documents\LatticeVeil_project\ThirdParty\EOS\SDK\Source\Core\Helper.cs(202,13): warning CS8600: Converting null literal or possible null value to non-nullable type. [C:\Users\Redacted\Documents\LatticeVeil_project\LatticeVeilMonoGame\LatticeVeilMonoGame.csproj]
[14:43:13] [INFO] C:\Users\Redacted\Documents\LatticeVeil_project\ThirdParty\EOS\SDK\Source\Core\Helper.cs(202,13): warning CS8601: Possible null reference assignment. [C:\Users\Redacted\Documents\LatticeVeil_project\LatticeVeilMonoGame\LatticeVeilMonoGame.csproj]
[14:43:13] [INFO] C:\Users\Redacted\Documents\LatticeVeil_project\ThirdParty\EOS\SDK\Source\Core\Helper.cs(235,14): warning CS8605: Unboxing a possibly null value. [C:\Users\Redacted\Documents\LatticeVeil_project\LatticeVeilMonoGame\LatticeVeilMonoGame.csproj]
[14:43:13] [INFO] C:\Users\Redacted\Documents\LatticeVeil_project\ThirdParty\EOS\SDK\Source\Core\Helper.cs(265,17): warning CS8601: Possible null reference assignment. [C:\Users\Redacted\Documents\LatticeVeil_project\LatticeVeilMonoGame\LatticeVeilMonoGame.csproj]
[14:43:14] [INFO] C:\Users\Redacted\Documents\LatticeVeil_project\LatticeVeilMonoGame\Online\Eos\EosClient.cs(106,59): warning CS8604: Possible null reference argument for parameter 'left' in 'bool Handle.operator !=(Handle left, Handle right)'. [C:\Users\Redacted\Documents\LatticeVeil_project\LatticeVeilMonoGame\LatticeVeilMonoGame.csproj]
[14:43:14] [INFO] C:\Users\Redacted\Documents\LatticeVeil_project\LatticeVeilMonoGame\Online\Eos\EosClient.cs(107,63): warning CS8604: Possible null reference argument for parameter 'left' in 'bool Handle.operator !=(Handle left, Handle right)'. [C:\Users\Redacted\Documents\LatticeVeil_project\LatticeVeilMonoGame\LatticeVeilMonoGame.csproj]
[14:43:14] [INFO] C:\Users\Redacted\Documents\LatticeVeil_project\LatticeVeilMonoGame\Online\Eos\EosP2PSession.cs(1824,26): warning CS8602: Dereference of a possibly null reference. [C:\Users\Redacted\Documents\LatticeVeil_project\LatticeVeilMonoGame\LatticeVeilMonoGame.csproj]
[14:43:14] [INFO] C:\Users\Redacted\Documents\LatticeVeil_project\ThirdParty\EOS\SDK\Source\Core\Helper.cs(315,13): warning CS8601: Possible null reference assignment. [C:\Users\Redacted\Documents\LatticeVeil_project\LatticeVeilMonoGame\LatticeVeilMonoGame.csproj]
[14:43:14] [INFO] C:\Users\Redacted\Documents\LatticeVeil_project\LatticeVeilMonoGame\Online\Eos\EosClient.cs(159,13): warning CS8604: Possible null reference argument for parameter 'left' in 'bool Handle.operator ==(Handle left, Handle right)'. [C:\Users\Redacted\Documents\LatticeVeil_project\LatticeVeilMonoGame\LatticeVeilMonoGame.csproj]
[14:43:14] [INFO] C:\Users\Redacted\Documents\LatticeVeil_project\ThirdParty\EOS\SDK\Source\Core\Helper.cs(466,16): warning CS8600: Converting null literal or possible null value to non-nullable type. [C:\Users\Redacted\Documents\LatticeVeil_project\LatticeVeilMonoGame\LatticeVeilMonoGame.csproj]
[14:43:14] [INFO] C:\Users\Redacted\Documents\LatticeVeil_project\ThirdParty\EOS\SDK\Source\Core\Helper.cs(473,52): warning CS8600: Converting null literal or possible null value to non-nullable type. [C:\Users\Redacted\Documents\LatticeVeil_project\LatticeVeilMonoGame\LatticeVeilMonoGame.csproj]
[14:43:14] [INFO] C:\Users\Redacted\Documents\LatticeVeil_project\ThirdParty\EOS\SDK\Source\Core\Helper.cs(473,40): warning CS8600: Converting null literal or possible null value to non-nullable type. [C:\Users\Redacted\Documents\LatticeVeil_project\LatticeVeilMonoGame\LatticeVeilMonoGame.csproj]
[14:43:14] [INFO] C:\Users\Redacted\Documents\LatticeVeil_project\ThirdParty\EOS\SDK\Source\Core\Helper.cs(473,40): warning CS8604: Possible null reference argument for parameter 'str' in 'nint Helper.AddPinnedBuffer(Utf8String str)'. [C:\Users\Redacted\Documents\LatticeVeil_project\LatticeVeilMonoGame\LatticeVeilMonoGame.csproj]
[14:43:14] [INFO] C:\Users\Redacted\Documents\LatticeVeil_project\ThirdParty\EOS\SDK\Source\Core\Helper.cs(491,23): warning CS8600: Converting null literal or possible null value to non-nullable type. [C:\Users\Redacted\Documents\LatticeVeil_project\LatticeVeilMonoGame\LatticeVeilMonoGame.csproj]
[14:43:14] [INFO] C:\Users\Redacted\Documents\LatticeVeil_project\ThirdParty\EOS\SDK\Source\Core\Helper.cs(491,15): warning CS8600: Converting null literal or possible null value to non-nullable type. [C:\Users\Redacted\Documents\LatticeVeil_project\LatticeVeilMonoGame\LatticeVeilMonoGame.csproj]
[14:43:14] [INFO] C:\Users\Redacted\Documents\LatticeVeil_project\ThirdParty\EOS\SDK\Source\Core\Helper.cs(491,15): warning CS8604: Possible null reference argument for parameter 'from' in 'void Helper.Convert(Handle from, out nint to)'. [C:\Users\Redacted\Documents\LatticeVeil_project\LatticeVeilMonoGame\LatticeVeilMonoGame.csproj]
[14:43:14] [INFO] C:\Users\Redacted\Documents\LatticeVeil_project\ThirdParty\EOS\SDK\Source\Core\Helper.cs(496,30): warning CS8604: Possible null reference argument for parameter 'structure' in 'void Marshal.StructureToPtr<T?>(T? structure, nint ptr, bool fDeleteOld)'. [C:\Users\Redacted\Documents\LatticeVeil_project\LatticeVeilMonoGame\LatticeVeilMonoGame.csproj]
[14:43:14] [INFO] C:\Users\Redacted\Documents\LatticeVeil_project\LatticeVeilMonoGame\Online\Eos\EosClient.cs(203,13): warning CS8604: Possible null reference argument for parameter 'left' in 'bool Handle.operator ==(Handle left, Handle right)'. [C:\Users\Redacted\Documents\LatticeVeil_project\LatticeVeilMonoGame\LatticeVeilMonoGame.csproj]
[14:43:14] [INFO] C:\Users\Redacted\Documents\LatticeVeil_project\ThirdParty\EOS\SDK\Source\Core\Helper.cs(526,50): warning CS8602: Dereference of a possibly null reference. [C:\Users\Redacted\Documents\LatticeVeil_project\LatticeVeilMonoGame\LatticeVeilMonoGame.csproj]
[14:43:14] [INFO] C:\Users\Redacted\Documents\LatticeVeil_project\ThirdParty\EOS\SDK\Source\Core\Helper.cs(532,32): warning CS8604: Possible null reference argument for parameter 't' in 'int Marshal.SizeOf(Type t)'. [C:\Users\Redacted\Documents\LatticeVeil_project\LatticeVeilMonoGame\LatticeVeilMonoGame.csproj]
[14:43:14] [INFO] C:\Users\Redacted\Documents\LatticeVeil_project\ThirdParty\EOS\SDK\Source\Core\Helper.cs(536,41): warning CS8602: Dereference of a possibly null reference. [C:\Users\Redacted\Documents\LatticeVeil_project\LatticeVeilMonoGame\LatticeVeilMonoGame.csproj]
[14:43:14] [INFO] C:\Users\Redacted\Documents\LatticeVeil_project\ThirdParty\EOS\SDK\Source\Core\Helper.cs(635,27): warning CS8604: Possible null reference argument for parameter 'buffer' in 'nint Helper.AddPinnedBuffer(byte[] buffer, int offset)'. [C:\Users\Redacted\Documents\LatticeVeil_project\LatticeVeilMonoGame\LatticeVeilMonoGame.csproj]
[14:43:14] [INFO] C:\Users\Redacted\Documents\LatticeVeil_project\LatticeVeilMonoGame\Online\Eos\EosClient.cs(227,13): warning CS8604: Possible null reference argument for parameter 'left' in 'bool Handle.operator ==(Handle left, Handle right)'. [C:\Users\Redacted\Documents\LatticeVeil_project\LatticeVeilMonoGame\LatticeVeilMonoGame.csproj]
[14:43:14] [INFO] C:\Users\Redacted\Documents\LatticeVeil_project\LatticeVeilMonoGame\Online\Eos\EosClient.cs(227,34): warning CS8604: Possible null reference argument for parameter 'left' in 'bool Handle.operator ==(Handle left, Handle right)'. [C:\Users\Redacted\Documents\LatticeVeil_project\LatticeVeilMonoGame\LatticeVeilMonoGame.csproj]
[14:43:14] [INFO] C:\Users\Redacted\Documents\LatticeVeil_project\LatticeVeilMonoGame\Online\Eos\EosClient.cs(230,13): warning CS8604: Possible null reference argument for parameter 'left' in 'bool Handle.operator ==(Handle left, Handle right)'. [C:\Users\Redacted\Documents\LatticeVeil_project\LatticeVeilMonoGame\LatticeVeilMonoGame.csproj]
[14:43:14] [INFO] C:\Users\Redacted\Documents\LatticeVeil_project\LatticeVeilMonoGame\Online\Eos\EosClient.cs(387,47): warning CS8604: Possible null reference argument for parameter 'left' in 'bool Handle.operator ==(Handle left, Handle right)'. [C:\Users\Redacted\Documents\LatticeVeil_project\LatticeVeilMonoGame\LatticeVeilMonoGame.csproj]
[14:43:14] [INFO] C:\Users\Redacted\Documents\LatticeVeil_project\ThirdParty\EOS\SDK\Source\Generated\Common.cs(22,51): warning CS8600: Converting null literal or possible null value to non-nullable type. [C:\Users\Redacted\Documents\LatticeVeil_project\LatticeVeilMonoGame\LatticeVeilMonoGame.csproj]
[14:43:14] [INFO] C:\Users\Redacted\Documents\LatticeVeil_project\LatticeVeilMonoGame\Online\Eos\EosP2PSession.cs(1034,13): warning CS8604: Possible null reference argument for parameter 'left' in 'bool Handle.operator ==(Handle left, Handle right)'. [C:\Users\Redacted\Documents\LatticeVeil_project\LatticeVeilMonoGame\LatticeVeilMonoGame.csproj]
[14:43:14] [INFO] C:\Users\Redacted\Documents\LatticeVeil_project\LatticeVeilMonoGame\Online\Eos\EosP2PSession.cs(1034,47): warning CS8604: Possible null reference argument for parameter 'left' in 'bool Handle.operator ==(Handle left, Handle right)'. [C:\Users\Redacted\Documents\LatticeVeil_project\LatticeVeilMonoGame\LatticeVeilMonoGame.csproj]
[14:43:14] [INFO] C:\Users\Redacted\Documents\LatticeVeil_project\LatticeVeilMonoGame\Online\Eos\EosP2PSession.cs(1038,13): warning CS8604: Possible null reference argument for parameter 'left' in 'bool Handle.operator ==(Handle left, Handle right)'. [C:\Users\Redacted\Documents\LatticeVeil_project\LatticeVeilMonoGame\LatticeVeilMonoGame.csproj]
[14:43:14] [INFO] C:\Users\Redacted\Documents\LatticeVeil_project\LatticeVeilMonoGame\Online\Eos\EosClient.cs(608,13): warning CS8604: Possible null reference argument for parameter 'left' in 'bool Handle.operator ==(Handle left, Handle right)'. [C:\Users\Redacted\Documents\LatticeVeil_project\LatticeVeilMonoGame\LatticeVeilMonoGame.csproj]
[14:43:14] [INFO] C:\Users\Redacted\Documents\LatticeVeil_project\LatticeVeilMonoGame\Online\Eos\EosClient.cs(608,31): warning CS8604: Possible null reference argument for parameter 'left' in 'bool Handle.operator ==(Handle left, Handle right)'. [C:\Users\Redacted\Documents\LatticeVeil_project\LatticeVeilMonoGame\LatticeVeilMonoGame.csproj]
[14:43:14] [INFO] C:\Users\Redacted\Documents\LatticeVeil_project\LatticeVeilMonoGame\Online\Gate\OnlineGateClient.cs(526,99): warning CS8601: Possible null reference assignment. [C:\Users\Redacted\Documents\LatticeVeil_project\LatticeVeilMonoGame\LatticeVeilMonoGame.csproj]
[14:43:14] [INFO] C:\Users\Redacted\Documents\LatticeVeil_project\LatticeVeilMonoGame\Online\Gate\OnlineGateClient.cs(528,84): warning CS8601: Possible null reference assignment. [C:\Users\Redacted\Documents\LatticeVeil_project\LatticeVeilMonoGame\LatticeVeilMonoGame.csproj]
[14:43:14] [INFO] C:\Users\Redacted\Documents\LatticeVeil_project\LatticeVeilMonoGame\Online\Gate\OnlineGateClient.cs(530,80): warning CS8601: Possible null reference assignment. [C:\Users\Redacted\Documents\LatticeVeil_project\LatticeVeilMonoGame\LatticeVeilMonoGame.csproj]
[14:43:14] [INFO] C:\Users\Redacted\Documents\LatticeVeil_project\LatticeVeilMonoGame\Online\Gate\OnlineGateClient.cs(534,80): warning CS8601: Possible null reference assignment. [C:\Users\Redacted\Documents\LatticeVeil_project\LatticeVeilMonoGame\LatticeVeilMonoGame.csproj]
[14:43:14] [INFO] C:\Users\Redacted\Documents\LatticeVeil_project\LatticeVeilMonoGame\Online\Eos\EosP2PSession.cs(1147,13): warning CS8604: Possible null reference argument for parameter 'left' in 'bool Handle.operator ==(Handle left, Handle right)'. [C:\Users\Redacted\Documents\LatticeVeil_project\LatticeVeilMonoGame\LatticeVeilMonoGame.csproj]
[14:43:14] [INFO] C:\Users\Redacted\Documents\LatticeVeil_project\LatticeVeilMonoGame\Online\Eos\EosP2PSession.cs(1147,47): warning CS8604: Possible null reference argument for parameter 'left' in 'bool Handle.operator ==(Handle left, Handle right)'. [C:\Users\Redacted\Documents\LatticeVeil_project\LatticeVeilMonoGame\LatticeVeilMonoGame.csproj]
[14:43:14] [INFO] C:\Users\Redacted\Documents\LatticeVeil_project\LatticeVeilMonoGame\Online\Eos\EosP2PSession.cs(1151,13): warning CS8604: Possible null reference argument for parameter 'left' in 'bool Handle.operator ==(Handle left, Handle right)'. [C:\Users\Redacted\Documents\LatticeVeil_project\LatticeVeilMonoGame\LatticeVeilMonoGame.csproj]
[14:43:14] [INFO] C:\Users\Redacted\Documents\LatticeVeil_project\LatticeVeilMonoGame\Online\Eos\EosClient.cs(789,17): warning CS8604: Possible null reference argument for parameter 'left' in 'bool Handle.operator !=(Handle left, Handle right)'. [C:\Users\Redacted\Documents\LatticeVeil_project\LatticeVeilMonoGame\LatticeVeilMonoGame.csproj]
[14:43:14] [INFO] C:\Users\Redacted\Documents\LatticeVeil_project\LatticeVeilMonoGame\Online\Eos\EosP2PSession.cs(84,13): warning CS8604: Possible null reference argument for parameter 'left' in 'bool Handle.operator ==(Handle left, Handle right)'. [C:\Users\Redacted\Documents\LatticeVeil_project\LatticeVeilMonoGame\LatticeVeilMonoGame.csproj]
[14:43:14] [INFO] C:\Users\Redacted\Documents\LatticeVeil_project\LatticeVeilMonoGame\Online\Eos\EosP2PSession.cs(84,47): warning CS8604: Possible null reference argument for parameter 'left' in 'bool Handle.operator ==(Handle left, Handle right)'. [C:\Users\Redacted\Documents\LatticeVeil_project\LatticeVeilMonoGame\LatticeVeilMonoGame.csproj]
[14:43:14] [INFO] C:\Users\Redacted\Documents\LatticeVeil_project\LatticeVeilMonoGame\Online\Eos\EosClient.cs(1058,13): warning CS8604: Possible null reference argument for parameter 'left' in 'bool Handle.operator ==(Handle left, Handle right)'. [C:\Users\Redacted\Documents\LatticeVeil_project\LatticeVeilMonoGame\LatticeVeilMonoGame.csproj]
[14:43:14] [INFO] C:\Users\Redacted\Documents\LatticeVeil_project\ThirdParty\EOS\SDK\Source\Core\Handle.cs(51,18): warning CS8604: Possible null reference argument for parameter 'other' in 'bool Handle.Equals(Handle other)'. [C:\Users\Redacted\Documents\LatticeVeil_project\LatticeVeilMonoGame\LatticeVeilMonoGame.csproj]
[14:43:14] [INFO] C:\Users\Redacted\Documents\LatticeVeil_project\LatticeVeilMonoGame\Online\Lan\LanSession.cs(1115,49): warning CS8604: Possible null reference argument for parameter 'reason' in 'void LanClientSession.SetDisconnectReasonOnce(string reason)'. [C:\Users\Redacted\Documents\LatticeVeil_project\LatticeVeilMonoGame\LatticeVeilMonoGame.csproj]
[14:43:14] [INFO] C:\Users\Redacted\Documents\LatticeVeil_project\LatticeVeilMonoGame\Online\Gate\OnlineGateClient.cs(1495,23): warning CS8601: Possible null reference assignment. [C:\Users\Redacted\Documents\LatticeVeil_project\LatticeVeilMonoGame\LatticeVeilMonoGame.csproj]
[14:43:14] [INFO] C:\Users\Redacted\Documents\LatticeVeil_project\LatticeVeilMonoGame\Launcher\LauncherForm.cs(2440,9): warning CS0162: Unreachable code detected [C:\Users\Redacted\Documents\LatticeVeil_project\LatticeVeilMonoGame\LatticeVeilMonoGame.csproj]
[14:43:14] [INFO] C:\Users\Redacted\Documents\LatticeVeil_project\LatticeVeilMonoGame\Online\Lan\LanSession.cs(752,30): warning CS8602: Dereference of a possibly null reference. [C:\Users\Redacted\Documents\LatticeVeil_project\LatticeVeilMonoGame\LatticeVeilMonoGame.csproj]
[14:43:14] [INFO] C:\Users\Redacted\Documents\LatticeVeil_project\LatticeVeilMonoGame\UI\Screens\GameWorldScreen.cs(1175,14): warning CS0219: The variable 'allowWireframe' is assigned but its value is never used [C:\Users\Redacted\Documents\LatticeVeil_project\LatticeVeilMonoGame\LatticeVeilMonoGame.csproj]
[14:43:14] [INFO] C:\Users\Redacted\Documents\LatticeVeil_project\ThirdParty\EOS\SDK\Source\Core\Utf8String.cs(176,23): warning CS8600: Converting null literal or possible null value to non-nullable type. [C:\Users\Redacted\Documents\LatticeVeil_project\LatticeVeilMonoGame\LatticeVeilMonoGame.csproj]
[14:43:14] [INFO] C:\Users\Redacted\Documents\LatticeVeil_project\ThirdParty\EOS\SDK\Source\Generated\ContinuanceToken.cs(72,28): warning CS8600: Converting null literal or possible null value to non-nullable type. [C:\Users\Redacted\Documents\LatticeVeil_project\LatticeVeilMonoGame\LatticeVeilMonoGame.csproj]
[14:43:14] [INFO] C:\Users\Redacted\Documents\LatticeVeil_project\ThirdParty\EOS\SDK\Source\Generated\EpicAccountId.cs(117,28): warning CS8600: Converting null literal or possible null value to non-nullable type. [C:\Users\Redacted\Documents\LatticeVeil_project\LatticeVeilMonoGame\LatticeVeilMonoGame.csproj]
[14:43:14] [INFO] C:\Users\Redacted\Documents\LatticeVeil_project\ThirdParty\EOS\SDK\Source\Generated\ProductUserId.cs(117,28): warning CS8600: Converting null literal or possible null value to non-nullable type. [C:\Users\Redacted\Documents\LatticeVeil_project\LatticeVeilMonoGame\LatticeVeilMonoGame.csproj]
[14:43:14] [INFO] C:\Users\Redacted\Documents\LatticeVeil_project\LatticeVeilMonoGame\Launcher\LauncherForm.cs(154,18): warning CS0169: The field 'LauncherForm._nameEditInProgress' is never used [C:\Users\Redacted\Documents\LatticeVeil_project\LatticeVeilMonoGame\LatticeVeilMonoGame.csproj]
[14:43:14] [INFO] C:\Users\Redacted\Documents\LatticeVeil_project\LatticeVeilMonoGame\Core\SimpleMemoryManager.cs(16,25): warning CS0169: The field 'SimpleMemoryManager._totalAllocated' is never used [C:\Users\Redacted\Documents\LatticeVeil_project\LatticeVeilMonoGame\LatticeVeilMonoGame.csproj]
[14:43:14] [INFO] C:\Users\Redacted\Documents\LatticeVeil_project\LatticeVeilMonoGame\Online\Eos\EosClient.cs(57,18): warning CS0169: The field 'EosClient._epicLoginStarted' is never used [C:\Users\Redacted\Documents\LatticeVeil_project\LatticeVeilMonoGame\LatticeVeilMonoGame.csproj]
[14:43:14] [INFO] C:\Users\Redacted\Documents\LatticeVeil_project\LatticeVeilMonoGame\UI\Screens\GameWorldScreen.cs(195,18): warning CS0169: The field 'GameWorldScreen._handoffFullStack' is never used [C:\Users\Redacted\Documents\LatticeVeil_project\LatticeVeilMonoGame\LatticeVeilMonoGame.csproj]
[14:43:14] [INFO] C:\Users\Redacted\Documents\LatticeVeil_project\LatticeVeilMonoGame\Online\Eos\EosClient.cs(59,18): warning CS0169: The field 'EosClient._silentLoginOnly' is never used [C:\Users\Redacted\Documents\LatticeVeil_project\LatticeVeilMonoGame\LatticeVeilMonoGame.csproj]
[14:43:14] [INFO] C:\Users\Redacted\Documents\LatticeVeil_project\LatticeVeilMonoGame\Online\Eos\EosClient.cs(58,18): warning CS0169: The field 'EosClient._allowDeviceFallback' is never used [C:\Users\Redacted\Documents\LatticeVeil_project\LatticeVeilMonoGame\LatticeVeilMonoGame.csproj]
[14:43:14] [INFO] C:\Users\Redacted\Documents\LatticeVeil_project\LatticeVeilMonoGame\Online\Eos\EosClient.cs(54,28): warning CS0649: Field 'EosClient._epicAccountId' is never assigned to, and will always have its default value null [C:\Users\Redacted\Documents\LatticeVeil_project\LatticeVeilMonoGame\LatticeVeilMonoGame.csproj]
[14:43:14] [INFO] C:\Users\Redacted\Documents\LatticeVeil_project\LatticeVeilMonoGame\Launcher\LauncherForm.cs(190,21): warning CS0169: The field 'LauncherForm._authTicket' is never used [C:\Users\Redacted\Documents\LatticeVeil_project\LatticeVeilMonoGame\LatticeVeilMonoGame.csproj]
[14:43:14] [INFO] C:\Users\Redacted\Documents\LatticeVeil_project\LatticeVeilMonoGame\Online\Eos\EosClient.cs(55,21): warning CS0649: Field 'EosClient._epicDisplayName' is never assigned to, and will always have its default value null [C:\Users\Redacted\Documents\LatticeVeil_project\LatticeVeilMonoGame\LatticeVeilMonoGame.csproj]
[14:43:14] [INFO] C:\Users\Redacted\Documents\LatticeVeil_project\LatticeVeilMonoGame\Online\Gate\OnlineGateClient.cs(171,20): warning CS0414: The field 'OnlineGateClient._status' is assigned but its value is never used [C:\Users\Redacted\Documents\LatticeVeil_project\LatticeVeilMonoGame\LatticeVeilMonoGame.csproj]
[14:43:14] [INFO] C:\Users\Redacted\Documents\LatticeVeil_project\LatticeVeilMonoGame\UI\Screens\GameWorldScreen.cs(329,18): warning CS0414: The field 'GameWorldScreen._pendingHostedOnlineShareAnnouncement' is assigned but its value is never used [C:\Users\Redacted\Documents\LatticeVeil_project\LatticeVeilMonoGame\LatticeVeilMonoGame.csproj]
[14:43:14] [INFO] C:\Users\Redacted\Documents\LatticeVeil_project\LatticeVeilMonoGame\UI\Screens\ProfileScreen.cs(114,18): warning CS0414: The field 'ProfileScreen._lastVeilnetSyncOk' is assigned but its value is never used [C:\Users\Redacted\Documents\LatticeVeil_project\LatticeVeilMonoGame\LatticeVeilMonoGame.csproj]
[14:43:14] [INFO] C:\Users\Redacted\Documents\LatticeVeil_project\LatticeVeilMonoGame\UI\Screens\CreateWorldScreen.cs(58,18): warning CS0414: The field 'CreateWorldScreen._moreWorldOptionsOpen' is assigned but its value is never used [C:\Users\Redacted\Documents\LatticeVeil_project\LatticeVeilMonoGame\LatticeVeilMonoGame.csproj]
[14:43:14] [INFO]   LatticeVeilMonoGame -> C:\Users\Redacted\Documents\LatticeVeil_project\LatticeVeilMonoGame\bin\Release\net8.0-windows\win-x64\LatticeVeilMonoGame.dll
[14:43:14] [INFO]   LatticeVeilMonoGame -> C:\Users\Redacted\Documents\LatticeVeil_project\LatticeVeilMonoGame\bin\Release\net8.0-windows\win-x64\publish\
[14:43:16] [INFO] RELEASE final EXE staged: C:\Users\Redacted\Documents\LatticeVeil_project\RELEASE\LatticeVeilMonoGame.exe
[14:43:20] [INFO] Published EXE hash: c5394fda45d7decb3020f808e59955b1eb2beb50288f1c610cfe7346a7f14e23
[14:43:31] [INFO] Release package: C:\Users\Redacted\Documents\LatticeVeil_project\Builds\LatticeVeil-v8.0.0-win-x64.zip (contains EXE hash: c5394fda45d7decb3020f808e59955b1eb2beb50288f1c610cfe7346a7f14e23)
[14:43:31] [INFO] Done: Release Build + Publish + Zip
[14:54:01] [INFO] Build GUI initialized.
[14:54:01] [INFO] Project root: C:\Users\Redacted\Documents\LatticeVeil_project
[14:54:01] [INFO] DEV final EXE folder: C:\Users\Redacted\Documents\LatticeVeil_project\DEV
[14:54:01] [INFO] RELEASE final EXE folder: C:\Users\Redacted\Documents\LatticeVeil_project\RELEASE
[14:54:01] [INFO] Logs: C:\Users\Redacted\Documents\LatticeVeil_project\.builder\logs\build-gui-20260221.log
[14:54:02] [INFO] Starting: Release Build + Publish + Zip
[14:54:02] [INFO] BuildNonce: 20260221145402159-ff0fa1fab8
[14:54:02] [INFO] Cleaning bin/obj folders...
[14:54:02] [INFO] Removed: C:\Users\Redacted\Documents\LatticeVeil_project\LatticeVeilMonoGame\bin
[14:54:02] [INFO] Removed: C:\Users\Redacted\Documents\LatticeVeil_project\LatticeVeilMonoGame\obj
[14:54:02] [INFO] Clean complete (DEV/RELEASE folders preserved)
[14:54:02] [INFO] Running: dotnet restore C:\Users\Redacted\Documents\LatticeVeil_project\LatticeVeilMonoGame\LatticeVeilMonoGame.csproj
[14:54:04] [INFO]   Determining projects to restore...
[14:54:04] [INFO]   Restored C:\Users\Redacted\Documents\LatticeVeil_project\LatticeVeilMonoGame\LatticeVeilMonoGame.csproj (in 485 ms).
[14:54:04] [INFO] Running: dotnet publish C:\Users\Redacted\Documents\LatticeVeil_project\LatticeVeilMonoGame\LatticeVeilMonoGame.csproj --configuration Release -r win-x64 --self-contained true -p:PublishSingleFile=true -p:BuildNonce=20260221145402159-ff0fa1fab8 -p:PublishReadyToRun=true
[14:55:00] [INFO]   Determining projects to restore...
[14:55:00] [INFO]   Restored C:\Users\Redacted\Documents\LatticeVeil_project\LatticeVeilMonoGame\LatticeVeilMonoGame.csproj (in 453 ms).
[14:55:00] [INFO] C:\Users\Redacted\Documents\LatticeVeil_project\ThirdParty\EOS\SDK\Source\Core\Handle.cs(49,24): warning CS8765: Nullability of type of parameter 'obj' doesn't match overridden member (possibly because of nullability attributes). [C:\Users\Redacted\Documents\LatticeVeil_project\LatticeVeilMonoGame\LatticeVeilMonoGame.csproj]
[14:55:00] [INFO] C:\Users\Redacted\Documents\LatticeVeil_project\ThirdParty\EOS\SDK\Source\Core\Handle.cs(59,15): warning CS8767: Nullability of reference types in type of parameter 'other' of 'bool Handle.Equals(Handle other)' doesn't match implicitly implemented member 'bool IEquatable<Handle>.Equals(Handle? other)' (possibly because of nullability attributes). [C:\Users\Redacted\Documents\LatticeVeil_project\LatticeVeilMonoGame\LatticeVeilMonoGame.csproj]
[14:55:00] [INFO] C:\Users\Redacted\Documents\LatticeVeil_project\ThirdParty\EOS\SDK\Source\Core\Handle.cs(84,25): warning CS8767: Nullability of reference types in type of parameter 'format' of 'string Handle.ToString(string format, IFormatProvider formatProvider)' doesn't match implicitly implemented member 'string IFormattable.ToString(string? format, IFormatProvider? formatProvider)' (possibly because of nullability attributes). [C:\Users\Redacted\Documents\LatticeVeil_project\LatticeVeilMonoGame\LatticeVeilMonoGame.csproj]
[14:55:00] [INFO] C:\Users\Redacted\Documents\LatticeVeil_project\ThirdParty\EOS\SDK\Source\Core\Handle.cs(84,25): warning CS8767: Nullability of reference types in type of parameter 'formatProvider' of 'string Handle.ToString(string format, IFormatProvider formatProvider)' doesn't match implicitly implemented member 'string IFormattable.ToString(string? format, IFormatProvider? formatProvider)' (possibly because of nullability attributes). [C:\Users\Redacted\Documents\LatticeVeil_project\LatticeVeilMonoGame\LatticeVeilMonoGame.csproj]
[14:55:00] [INFO] C:\Users\Redacted\Documents\LatticeVeil_project\ThirdParty\EOS\SDK\Source\Core\Utf8String.cs(174,24): warning CS8765: Nullability of type of parameter 'obj' doesn't match overridden member (possibly because of nullability attributes). [C:\Users\Redacted\Documents\LatticeVeil_project\LatticeVeilMonoGame\LatticeVeilMonoGame.csproj]
[14:55:00] [INFO] C:\Users\Redacted\Documents\LatticeVeil_project\ThirdParty\EOS\SDK\Source\Generated\Common.cs(22,51): warning CS8600: Converting null literal or possible null value to non-nullable type. [C:\Users\Redacted\Documents\LatticeVeil_project\LatticeVeilMonoGame\LatticeVeilMonoGame.csproj]
[14:55:00] [INFO] C:\Users\Redacted\Documents\LatticeVeil_project\ThirdParty\EOS\SDK\Source\Core\Handle.cs(51,18): warning CS8604: Possible null reference argument for parameter 'other' in 'bool Handle.Equals(Handle other)'. [C:\Users\Redacted\Documents\LatticeVeil_project\LatticeVeilMonoGame\LatticeVeilMonoGame.csproj]
[14:55:00] [INFO] C:\Users\Redacted\Documents\LatticeVeil_project\ThirdParty\EOS\SDK\Source\Core\CallbackHelper.cs(36,56): warning CS8600: Converting null literal or possible null value to non-nullable type. [C:\Users\Redacted\Documents\LatticeVeil_project\LatticeVeilMonoGame\LatticeVeilMonoGame.csproj]
[14:55:00] [INFO] C:\Users\Redacted\Documents\LatticeVeil_project\ThirdParty\EOS\SDK\Source\Core\CallbackHelper.cs(80,56): warning CS8600: Converting null literal or possible null value to non-nullable type. [C:\Users\Redacted\Documents\LatticeVeil_project\LatticeVeilMonoGame\LatticeVeilMonoGame.csproj]
[14:55:00] [INFO] C:\Users\Redacted\Documents\LatticeVeil_project\ThirdParty\EOS\SDK\Source\Core\CallbackHelper.cs(82,17): warning CS8601: Possible null reference assignment. [C:\Users\Redacted\Documents\LatticeVeil_project\LatticeVeilMonoGame\LatticeVeilMonoGame.csproj]
[14:55:00] [INFO] C:\Users\Redacted\Documents\LatticeVeil_project\ThirdParty\EOS\SDK\Source\Core\CallbackHelper.cs(115,56): warning CS8600: Converting null literal or possible null value to non-nullable type. [C:\Users\Redacted\Documents\LatticeVeil_project\LatticeVeilMonoGame\LatticeVeilMonoGame.csproj]
[14:55:00] [INFO] C:\Users\Redacted\Documents\LatticeVeil_project\ThirdParty\EOS\SDK\Source\Core\CallbackHelper.cs(117,17): warning CS8601: Possible null reference assignment. [C:\Users\Redacted\Documents\LatticeVeil_project\LatticeVeilMonoGame\LatticeVeilMonoGame.csproj]
[14:55:00] [INFO] C:\Users\Redacted\Documents\LatticeVeil_project\ThirdParty\EOS\SDK\Source\Core\CallbackHelper.cs(130,82): warning CS8629: Nullable value type may be null. [C:\Users\Redacted\Documents\LatticeVeil_project\LatticeVeilMonoGame\LatticeVeilMonoGame.csproj]
[14:55:00] [INFO] C:\Users\Redacted\Documents\LatticeVeil_project\ThirdParty\EOS\SDK\Source\Core\CallbackHelper.cs(163,56): warning CS8600: Converting null literal or possible null value to non-nullable type. [C:\Users\Redacted\Documents\LatticeVeil_project\LatticeVeilMonoGame\LatticeVeilMonoGame.csproj]
[14:55:00] [INFO] C:\Users\Redacted\Documents\LatticeVeil_project\ThirdParty\EOS\SDK\Source\Core\CallbackHelper.cs(165,17): warning CS8601: Possible null reference assignment. [C:\Users\Redacted\Documents\LatticeVeil_project\LatticeVeilMonoGame\LatticeVeilMonoGame.csproj]
[14:55:00] [INFO] C:\Users\Redacted\Documents\LatticeVeil_project\ThirdParty\EOS\SDK\Source\Core\CallbackHelper.cs(222,48): warning CS8600: Converting null literal or possible null value to non-nullable type. [C:\Users\Redacted\Documents\LatticeVeil_project\LatticeVeilMonoGame\LatticeVeilMonoGame.csproj]
[14:55:00] [INFO] C:\Users\Redacted\Documents\LatticeVeil_project\ThirdParty\EOS\SDK\Source\Core\CallbackHelper.cs(224,17): warning CS8601: Possible null reference assignment. [C:\Users\Redacted\Documents\LatticeVeil_project\LatticeVeilMonoGame\LatticeVeilMonoGame.csproj]
[14:55:00] [INFO] C:\Users\Redacted\Documents\LatticeVeil_project\ThirdParty\EOS\SDK\Source\Core\CallbackHelper.cs(251,56): warning CS8600: Converting null literal or possible null value to non-nullable type. [C:\Users\Redacted\Documents\LatticeVeil_project\LatticeVeilMonoGame\LatticeVeilMonoGame.csproj]
[14:55:00] [INFO] C:\Users\Redacted\Documents\LatticeVeil_project\ThirdParty\EOS\SDK\Source\Core\CallbackHelper.cs(296,54): warning CS8600: Converting null literal or possible null value to non-nullable type. [C:\Users\Redacted\Documents\LatticeVeil_project\LatticeVeilMonoGame\LatticeVeilMonoGame.csproj]
[14:55:00] [INFO] C:\Users\Redacted\Documents\LatticeVeil_project\LatticeVeilMonoGame\Online\Eos\EosP2PSession.cs(1824,26): warning CS8602: Dereference of a possibly null reference. [C:\Users\Redacted\Documents\LatticeVeil_project\LatticeVeilMonoGame\LatticeVeilMonoGame.csproj]
[14:55:00] [INFO] C:\Users\Redacted\Documents\LatticeVeil_project\ThirdParty\EOS\SDK\Source\Core\Helper.cs(127,18): warning CS8604: Possible null reference argument for parameter 'source' in 'void Marshal.Copy(byte[] source, int startIndex, nint destination, int length)'. [C:\Users\Redacted\Documents\LatticeVeil_project\LatticeVeilMonoGame\LatticeVeilMonoGame.csproj]
[14:55:00] [INFO] C:\Users\Redacted\Documents\LatticeVeil_project\ThirdParty\EOS\SDK\Source\Core\Helper.cs(178,13): warning CS8601: Possible null reference assignment. [C:\Users\Redacted\Documents\LatticeVeil_project\LatticeVeilMonoGame\LatticeVeilMonoGame.csproj]
[14:55:00] [INFO] C:\Users\Redacted\Documents\LatticeVeil_project\ThirdParty\EOS\SDK\Source\Core\Helper.cs(202,13): warning CS8600: Converting null literal or possible null value to non-nullable type. [C:\Users\Redacted\Documents\LatticeVeil_project\LatticeVeilMonoGame\LatticeVeilMonoGame.csproj]
[14:55:00] [INFO] C:\Users\Redacted\Documents\LatticeVeil_project\ThirdParty\EOS\SDK\Source\Core\Helper.cs(202,13): warning CS8601: Possible null reference assignment. [C:\Users\Redacted\Documents\LatticeVeil_project\LatticeVeilMonoGame\LatticeVeilMonoGame.csproj]
[14:55:00] [INFO] C:\Users\Redacted\Documents\LatticeVeil_project\ThirdParty\EOS\SDK\Source\Core\Helper.cs(235,14): warning CS8605: Unboxing a possibly null value. [C:\Users\Redacted\Documents\LatticeVeil_project\LatticeVeilMonoGame\LatticeVeilMonoGame.csproj]
[14:55:00] [INFO] C:\Users\Redacted\Documents\LatticeVeil_project\ThirdParty\EOS\SDK\Source\Core\Helper.cs(265,17): warning CS8601: Possible null reference assignment. [C:\Users\Redacted\Documents\LatticeVeil_project\LatticeVeilMonoGame\LatticeVeilMonoGame.csproj]
[14:55:00] [INFO] C:\Users\Redacted\Documents\LatticeVeil_project\ThirdParty\EOS\SDK\Source\Core\Helper.cs(315,13): warning CS8601: Possible null reference assignment. [C:\Users\Redacted\Documents\LatticeVeil_project\LatticeVeilMonoGame\LatticeVeilMonoGame.csproj]
[14:55:00] [INFO] C:\Users\Redacted\Documents\LatticeVeil_project\ThirdParty\EOS\SDK\Source\Core\Helper.cs(466,16): warning CS8600: Converting null literal or possible null value to non-nullable type. [C:\Users\Redacted\Documents\LatticeVeil_project\LatticeVeilMonoGame\LatticeVeilMonoGame.csproj]
[14:55:00] [INFO] C:\Users\Redacted\Documents\LatticeVeil_project\ThirdParty\EOS\SDK\Source\Core\Helper.cs(473,52): warning CS8600: Converting null literal or possible null value to non-nullable type. [C:\Users\Redacted\Documents\LatticeVeil_project\LatticeVeilMonoGame\LatticeVeilMonoGame.csproj]
[14:55:00] [INFO] C:\Users\Redacted\Documents\LatticeVeil_project\ThirdParty\EOS\SDK\Source\Core\Helper.cs(473,40): warning CS8600: Converting null literal or possible null value to non-nullable type. [C:\Users\Redacted\Documents\LatticeVeil_project\LatticeVeilMonoGame\LatticeVeilMonoGame.csproj]
[14:55:00] [INFO] C:\Users\Redacted\Documents\LatticeVeil_project\ThirdParty\EOS\SDK\Source\Core\Helper.cs(473,40): warning CS8604: Possible null reference argument for parameter 'str' in 'nint Helper.AddPinnedBuffer(Utf8String str)'. [C:\Users\Redacted\Documents\LatticeVeil_project\LatticeVeilMonoGame\LatticeVeilMonoGame.csproj]
[14:55:00] [INFO] C:\Users\Redacted\Documents\LatticeVeil_project\ThirdParty\EOS\SDK\Source\Core\Helper.cs(491,23): warning CS8600: Converting null literal or possible null value to non-nullable type. [C:\Users\Redacted\Documents\LatticeVeil_project\LatticeVeilMonoGame\LatticeVeilMonoGame.csproj]
[14:55:00] [INFO] C:\Users\Redacted\Documents\LatticeVeil_project\ThirdParty\EOS\SDK\Source\Core\Helper.cs(491,15): warning CS8600: Converting null literal or possible null value to non-nullable type. [C:\Users\Redacted\Documents\LatticeVeil_project\LatticeVeilMonoGame\LatticeVeilMonoGame.csproj]
[14:55:00] [INFO] C:\Users\Redacted\Documents\LatticeVeil_project\ThirdParty\EOS\SDK\Source\Core\Helper.cs(491,15): warning CS8604: Possible null reference argument for parameter 'from' in 'void Helper.Convert(Handle from, out nint to)'. [C:\Users\Redacted\Documents\LatticeVeil_project\LatticeVeilMonoGame\LatticeVeilMonoGame.csproj]
[14:55:00] [INFO] C:\Users\Redacted\Documents\LatticeVeil_project\ThirdParty\EOS\SDK\Source\Core\Helper.cs(496,30): warning CS8604: Possible null reference argument for parameter 'structure' in 'void Marshal.StructureToPtr<T?>(T? structure, nint ptr, bool fDeleteOld)'. [C:\Users\Redacted\Documents\LatticeVeil_project\LatticeVeilMonoGame\LatticeVeilMonoGame.csproj]
[14:55:00] [INFO] C:\Users\Redacted\Documents\LatticeVeil_project\ThirdParty\EOS\SDK\Source\Core\Helper.cs(526,50): warning CS8602: Dereference of a possibly null reference. [C:\Users\Redacted\Documents\LatticeVeil_project\LatticeVeilMonoGame\LatticeVeilMonoGame.csproj]
[14:55:00] [INFO] C:\Users\Redacted\Documents\LatticeVeil_project\ThirdParty\EOS\SDK\Source\Core\Helper.cs(532,32): warning CS8604: Possible null reference argument for parameter 't' in 'int Marshal.SizeOf(Type t)'. [C:\Users\Redacted\Documents\LatticeVeil_project\LatticeVeilMonoGame\LatticeVeilMonoGame.csproj]
[14:55:00] [INFO] C:\Users\Redacted\Documents\LatticeVeil_project\ThirdParty\EOS\SDK\Source\Core\Helper.cs(536,41): warning CS8602: Dereference of a possibly null reference. [C:\Users\Redacted\Documents\LatticeVeil_project\LatticeVeilMonoGame\LatticeVeilMonoGame.csproj]
[14:55:01] [INFO] C:\Users\Redacted\Documents\LatticeVeil_project\ThirdParty\EOS\SDK\Source\Core\Helper.cs(635,27): warning CS8604: Possible null reference argument for parameter 'buffer' in 'nint Helper.AddPinnedBuffer(byte[] buffer, int offset)'. [C:\Users\Redacted\Documents\LatticeVeil_project\LatticeVeilMonoGame\LatticeVeilMonoGame.csproj]
[14:55:01] [INFO] C:\Users\Redacted\Documents\LatticeVeil_project\LatticeVeilMonoGame\Online\Lan\LanSession.cs(1115,49): warning CS8604: Possible null reference argument for parameter 'reason' in 'void LanClientSession.SetDisconnectReasonOnce(string reason)'. [C:\Users\Redacted\Documents\LatticeVeil_project\LatticeVeilMonoGame\LatticeVeilMonoGame.csproj]
[14:55:01] [INFO] C:\Users\Redacted\Documents\LatticeVeil_project\LatticeVeilMonoGame\Online\Eos\EosP2PSession.cs(1034,13): warning CS8604: Possible null reference argument for parameter 'left' in 'bool Handle.operator ==(Handle left, Handle right)'. [C:\Users\Redacted\Documents\LatticeVeil_project\LatticeVeilMonoGame\LatticeVeilMonoGame.csproj]
[14:55:01] [INFO] C:\Users\Redacted\Documents\LatticeVeil_project\LatticeVeilMonoGame\Online\Eos\EosP2PSession.cs(1034,47): warning CS8604: Possible null reference argument for parameter 'left' in 'bool Handle.operator ==(Handle left, Handle right)'. [C:\Users\Redacted\Documents\LatticeVeil_project\LatticeVeilMonoGame\LatticeVeilMonoGame.csproj]
[14:55:01] [INFO] C:\Users\Redacted\Documents\LatticeVeil_project\LatticeVeilMonoGame\Online\Eos\EosP2PSession.cs(1038,13): warning CS8604: Possible null reference argument for parameter 'left' in 'bool Handle.operator ==(Handle left, Handle right)'. [C:\Users\Redacted\Documents\LatticeVeil_project\LatticeVeilMonoGame\LatticeVeilMonoGame.csproj]
[14:55:01] [INFO] C:\Users\Redacted\Documents\LatticeVeil_project\LatticeVeilMonoGame\Online\Eos\EosP2PSession.cs(1147,13): warning CS8604: Possible null reference argument for parameter 'left' in 'bool Handle.operator ==(Handle left, Handle right)'. [C:\Users\Redacted\Documents\LatticeVeil_project\LatticeVeilMonoGame\LatticeVeilMonoGame.csproj]
[14:55:01] [INFO] C:\Users\Redacted\Documents\LatticeVeil_project\LatticeVeilMonoGame\Online\Eos\EosP2PSession.cs(1147,47): warning CS8604: Possible null reference argument for parameter 'left' in 'bool Handle.operator ==(Handle left, Handle right)'. [C:\Users\Redacted\Documents\LatticeVeil_project\LatticeVeilMonoGame\LatticeVeilMonoGame.csproj]
[14:55:01] [INFO] C:\Users\Redacted\Documents\LatticeVeil_project\LatticeVeilMonoGame\Online\Eos\EosP2PSession.cs(1151,13): warning CS8604: Possible null reference argument for parameter 'left' in 'bool Handle.operator ==(Handle left, Handle right)'. [C:\Users\Redacted\Documents\LatticeVeil_project\LatticeVeilMonoGame\LatticeVeilMonoGame.csproj]
[14:55:01] [INFO] C:\Users\Redacted\Documents\LatticeVeil_project\LatticeVeilMonoGame\Online\Lan\LanSession.cs(752,30): warning CS8602: Dereference of a possibly null reference. [C:\Users\Redacted\Documents\LatticeVeil_project\LatticeVeilMonoGame\LatticeVeilMonoGame.csproj]
[14:55:01] [INFO] C:\Users\Redacted\Documents\LatticeVeil_project\LatticeVeilMonoGame\Online\Eos\EosP2PSession.cs(84,13): warning CS8604: Possible null reference argument for parameter 'left' in 'bool Handle.operator ==(Handle left, Handle right)'. [C:\Users\Redacted\Documents\LatticeVeil_project\LatticeVeilMonoGame\LatticeVeilMonoGame.csproj]
[14:55:01] [INFO] C:\Users\Redacted\Documents\LatticeVeil_project\LatticeVeilMonoGame\Online\Eos\EosP2PSession.cs(84,47): warning CS8604: Possible null reference argument for parameter 'left' in 'bool Handle.operator ==(Handle left, Handle right)'. [C:\Users\Redacted\Documents\LatticeVeil_project\LatticeVeilMonoGame\LatticeVeilMonoGame.csproj]
[14:55:01] [INFO] C:\Users\Redacted\Documents\LatticeVeil_project\LatticeVeilMonoGame\Online\Gate\OnlineGateClient.cs(526,99): warning CS8601: Possible null reference assignment. [C:\Users\Redacted\Documents\LatticeVeil_project\LatticeVeilMonoGame\LatticeVeilMonoGame.csproj]
[14:55:01] [INFO] C:\Users\Redacted\Documents\LatticeVeil_project\LatticeVeilMonoGame\Online\Gate\OnlineGateClient.cs(528,84): warning CS8601: Possible null reference assignment. [C:\Users\Redacted\Documents\LatticeVeil_project\LatticeVeilMonoGame\LatticeVeilMonoGame.csproj]
[14:55:01] [INFO] C:\Users\Redacted\Documents\LatticeVeil_project\LatticeVeilMonoGame\Online\Gate\OnlineGateClient.cs(530,80): warning CS8601: Possible null reference assignment. [C:\Users\Redacted\Documents\LatticeVeil_project\LatticeVeilMonoGame\LatticeVeilMonoGame.csproj]
[14:55:01] [INFO] C:\Users\Redacted\Documents\LatticeVeil_project\LatticeVeilMonoGame\Online\Gate\OnlineGateClient.cs(534,80): warning CS8601: Possible null reference assignment. [C:\Users\Redacted\Documents\LatticeVeil_project\LatticeVeilMonoGame\LatticeVeilMonoGame.csproj]
[14:55:01] [INFO] C:\Users\Redacted\Documents\LatticeVeil_project\LatticeVeilMonoGame\Launcher\LauncherForm.cs(2440,9): warning CS0162: Unreachable code detected [C:\Users\Redacted\Documents\LatticeVeil_project\LatticeVeilMonoGame\LatticeVeilMonoGame.csproj]
[14:55:01] [INFO] C:\Users\Redacted\Documents\LatticeVeil_project\LatticeVeilMonoGame\Online\Eos\EosClient.cs(106,59): warning CS8604: Possible null reference argument for parameter 'left' in 'bool Handle.operator !=(Handle left, Handle right)'. [C:\Users\Redacted\Documents\LatticeVeil_project\LatticeVeilMonoGame\LatticeVeilMonoGame.csproj]
[14:55:01] [INFO] C:\Users\Redacted\Documents\LatticeVeil_project\LatticeVeilMonoGame\Online\Eos\EosClient.cs(107,63): warning CS8604: Possible null reference argument for parameter 'left' in 'bool Handle.operator !=(Handle left, Handle right)'. [C:\Users\Redacted\Documents\LatticeVeil_project\LatticeVeilMonoGame\LatticeVeilMonoGame.csproj]
[14:55:01] [INFO] C:\Users\Redacted\Documents\LatticeVeil_project\LatticeVeilMonoGame\Online\Eos\EosClient.cs(159,13): warning CS8604: Possible null reference argument for parameter 'left' in 'bool Handle.operator ==(Handle left, Handle right)'. [C:\Users\Redacted\Documents\LatticeVeil_project\LatticeVeilMonoGame\LatticeVeilMonoGame.csproj]
[14:55:01] [INFO] C:\Users\Redacted\Documents\LatticeVeil_project\LatticeVeilMonoGame\Online\Eos\EosClient.cs(203,13): warning CS8604: Possible null reference argument for parameter 'left' in 'bool Handle.operator ==(Handle left, Handle right)'. [C:\Users\Redacted\Documents\LatticeVeil_project\LatticeVeilMonoGame\LatticeVeilMonoGame.csproj]
[14:55:01] [INFO] C:\Users\Redacted\Documents\LatticeVeil_project\LatticeVeilMonoGame\Online\Eos\EosClient.cs(227,13): warning CS8604: Possible null reference argument for parameter 'left' in 'bool Handle.operator ==(Handle left, Handle right)'. [C:\Users\Redacted\Documents\LatticeVeil_project\LatticeVeilMonoGame\LatticeVeilMonoGame.csproj]
[14:55:01] [INFO] C:\Users\Redacted\Documents\LatticeVeil_project\LatticeVeilMonoGame\Online\Eos\EosClient.cs(227,34): warning CS8604: Possible null reference argument for parameter 'left' in 'bool Handle.operator ==(Handle left, Handle right)'. [C:\Users\Redacted\Documents\LatticeVeil_project\LatticeVeilMonoGame\LatticeVeilMonoGame.csproj]
[14:55:01] [INFO] C:\Users\Redacted\Documents\LatticeVeil_project\LatticeVeilMonoGame\Online\Eos\EosClient.cs(230,13): warning CS8604: Possible null reference argument for parameter 'left' in 'bool Handle.operator ==(Handle left, Handle right)'. [C:\Users\Redacted\Documents\LatticeVeil_project\LatticeVeilMonoGame\LatticeVeilMonoGame.csproj]
[14:55:01] [INFO] C:\Users\Redacted\Documents\LatticeVeil_project\LatticeVeilMonoGame\Online\Eos\EosClient.cs(387,47): warning CS8604: Possible null reference argument for parameter 'left' in 'bool Handle.operator ==(Handle left, Handle right)'. [C:\Users\Redacted\Documents\LatticeVeil_project\LatticeVeilMonoGame\LatticeVeilMonoGame.csproj]
[14:55:01] [INFO] C:\Users\Redacted\Documents\LatticeVeil_project\LatticeVeilMonoGame\Online\Gate\OnlineGateClient.cs(1495,23): warning CS8601: Possible null reference assignment. [C:\Users\Redacted\Documents\LatticeVeil_project\LatticeVeilMonoGame\LatticeVeilMonoGame.csproj]
[14:55:01] [INFO] C:\Users\Redacted\Documents\LatticeVeil_project\LatticeVeilMonoGame\Online\Eos\EosClient.cs(608,13): warning CS8604: Possible null reference argument for parameter 'left' in 'bool Handle.operator ==(Handle left, Handle right)'. [C:\Users\Redacted\Documents\LatticeVeil_project\LatticeVeilMonoGame\LatticeVeilMonoGame.csproj]
[14:55:01] [INFO] C:\Users\Redacted\Documents\LatticeVeil_project\LatticeVeilMonoGame\Online\Eos\EosClient.cs(608,31): warning CS8604: Possible null reference argument for parameter 'left' in 'bool Handle.operator ==(Handle left, Handle right)'. [C:\Users\Redacted\Documents\LatticeVeil_project\LatticeVeilMonoGame\LatticeVeilMonoGame.csproj]
[14:55:01] [INFO] C:\Users\Redacted\Documents\LatticeVeil_project\LatticeVeilMonoGame\Online\Eos\EosClient.cs(789,17): warning CS8604: Possible null reference argument for parameter 'left' in 'bool Handle.operator !=(Handle left, Handle right)'. [C:\Users\Redacted\Documents\LatticeVeil_project\LatticeVeilMonoGame\LatticeVeilMonoGame.csproj]
[14:55:01] [INFO] C:\Users\Redacted\Documents\LatticeVeil_project\ThirdParty\EOS\SDK\Source\Generated\ProductUserId.cs(117,28): warning CS8600: Converting null literal or possible null value to non-nullable type. [C:\Users\Redacted\Documents\LatticeVeil_project\LatticeVeilMonoGame\LatticeVeilMonoGame.csproj]
[14:55:01] [INFO] C:\Users\Redacted\Documents\LatticeVeil_project\LatticeVeilMonoGame\Online\Eos\EosClient.cs(1058,13): warning CS8604: Possible null reference argument for parameter 'left' in 'bool Handle.operator ==(Handle left, Handle right)'. [C:\Users\Redacted\Documents\LatticeVeil_project\LatticeVeilMonoGame\LatticeVeilMonoGame.csproj]
[14:55:01] [INFO] C:\Users\Redacted\Documents\LatticeVeil_project\ThirdParty\EOS\SDK\Source\Generated\EpicAccountId.cs(117,28): warning CS8600: Converting null literal or possible null value to non-nullable type. [C:\Users\Redacted\Documents\LatticeVeil_project\LatticeVeilMonoGame\LatticeVeilMonoGame.csproj]
[14:55:01] [INFO] C:\Users\Redacted\Documents\LatticeVeil_project\ThirdParty\EOS\SDK\Source\Generated\ContinuanceToken.cs(72,28): warning CS8600: Converting null literal or possible null value to non-nullable type. [C:\Users\Redacted\Documents\LatticeVeil_project\LatticeVeilMonoGame\LatticeVeilMonoGame.csproj]
[14:55:01] [INFO] C:\Users\Redacted\Documents\LatticeVeil_project\ThirdParty\EOS\SDK\Source\Core\Utf8String.cs(176,23): warning CS8600: Converting null literal or possible null value to non-nullable type. [C:\Users\Redacted\Documents\LatticeVeil_project\LatticeVeilMonoGame\LatticeVeilMonoGame.csproj]
[14:55:01] [INFO] C:\Users\Redacted\Documents\LatticeVeil_project\LatticeVeilMonoGame\UI\Screens\GameWorldScreen.cs(1175,14): warning CS0219: The variable 'allowWireframe' is assigned but its value is never used [C:\Users\Redacted\Documents\LatticeVeil_project\LatticeVeilMonoGame\LatticeVeilMonoGame.csproj]
[14:55:01] [INFO] C:\Users\Redacted\Documents\LatticeVeil_project\LatticeVeilMonoGame\UI\Screens\GameWorldScreen.cs(195,18): warning CS0169: The field 'GameWorldScreen._handoffFullStack' is never used [C:\Users\Redacted\Documents\LatticeVeil_project\LatticeVeilMonoGame\LatticeVeilMonoGame.csproj]
[14:55:01] [INFO] C:\Users\Redacted\Documents\LatticeVeil_project\LatticeVeilMonoGame\Core\SimpleMemoryManager.cs(16,25): warning CS0169: The field 'SimpleMemoryManager._totalAllocated' is never used [C:\Users\Redacted\Documents\LatticeVeil_project\LatticeVeilMonoGame\LatticeVeilMonoGame.csproj]
[14:55:01] [INFO] C:\Users\Redacted\Documents\LatticeVeil_project\LatticeVeilMonoGame\Launcher\LauncherForm.cs(190,21): warning CS0169: The field 'LauncherForm._authTicket' is never used [C:\Users\Redacted\Documents\LatticeVeil_project\LatticeVeilMonoGame\LatticeVeilMonoGame.csproj]
[14:55:01] [INFO] C:\Users\Redacted\Documents\LatticeVeil_project\LatticeVeilMonoGame\Online\Eos\EosClient.cs(54,28): warning CS0649: Field 'EosClient._epicAccountId' is never assigned to, and will always have its default value null [C:\Users\Redacted\Documents\LatticeVeil_project\LatticeVeilMonoGame\LatticeVeilMonoGame.csproj]
[14:55:01] [INFO] C:\Users\Redacted\Documents\LatticeVeil_project\LatticeVeilMonoGame\Online\Eos\EosClient.cs(59,18): warning CS0169: The field 'EosClient._silentLoginOnly' is never used [C:\Users\Redacted\Documents\LatticeVeil_project\LatticeVeilMonoGame\LatticeVeilMonoGame.csproj]
[14:55:01] [INFO] C:\Users\Redacted\Documents\LatticeVeil_project\LatticeVeilMonoGame\Online\Eos\EosClient.cs(55,21): warning CS0649: Field 'EosClient._epicDisplayName' is never assigned to, and will always have its default value null [C:\Users\Redacted\Documents\LatticeVeil_project\LatticeVeilMonoGame\LatticeVeilMonoGame.csproj]
[14:55:01] [INFO] C:\Users\Redacted\Documents\LatticeVeil_project\LatticeVeilMonoGame\Online\Eos\EosClient.cs(58,18): warning CS0169: The field 'EosClient._allowDeviceFallback' is never used [C:\Users\Redacted\Documents\LatticeVeil_project\LatticeVeilMonoGame\LatticeVeilMonoGame.csproj]
[14:55:01] [INFO] C:\Users\Redacted\Documents\LatticeVeil_project\LatticeVeilMonoGame\Online\Eos\EosClient.cs(57,18): warning CS0169: The field 'EosClient._epicLoginStarted' is never used [C:\Users\Redacted\Documents\LatticeVeil_project\LatticeVeilMonoGame\LatticeVeilMonoGame.csproj]
[14:55:01] [INFO] C:\Users\Redacted\Documents\LatticeVeil_project\LatticeVeilMonoGame\Launcher\LauncherForm.cs(154,18): warning CS0169: The field 'LauncherForm._nameEditInProgress' is never used [C:\Users\Redacted\Documents\LatticeVeil_project\LatticeVeilMonoGame\LatticeVeilMonoGame.csproj]
[14:55:01] [INFO] C:\Users\Redacted\Documents\LatticeVeil_project\LatticeVeilMonoGame\Online\Gate\OnlineGateClient.cs(171,20): warning CS0414: The field 'OnlineGateClient._status' is assigned but its value is never used [C:\Users\Redacted\Documents\LatticeVeil_project\LatticeVeilMonoGame\LatticeVeilMonoGame.csproj]
[14:55:01] [INFO] C:\Users\Redacted\Documents\LatticeVeil_project\LatticeVeilMonoGame\UI\Screens\ProfileScreen.cs(114,18): warning CS0414: The field 'ProfileScreen._lastVeilnetSyncOk' is assigned but its value is never used [C:\Users\Redacted\Documents\LatticeVeil_project\LatticeVeilMonoGame\LatticeVeilMonoGame.csproj]
[14:55:01] [INFO] C:\Users\Redacted\Documents\LatticeVeil_project\LatticeVeilMonoGame\UI\Screens\CreateWorldScreen.cs(58,18): warning CS0414: The field 'CreateWorldScreen._moreWorldOptionsOpen' is assigned but its value is never used [C:\Users\Redacted\Documents\LatticeVeil_project\LatticeVeilMonoGame\LatticeVeilMonoGame.csproj]
[14:55:01] [INFO] C:\Users\Redacted\Documents\LatticeVeil_project\LatticeVeilMonoGame\UI\Screens\GameWorldScreen.cs(329,18): warning CS0414: The field 'GameWorldScreen._pendingHostedOnlineShareAnnouncement' is assigned but its value is never used [C:\Users\Redacted\Documents\LatticeVeil_project\LatticeVeilMonoGame\LatticeVeilMonoGame.csproj]
[14:55:01] [INFO]   LatticeVeilMonoGame -> C:\Users\Redacted\Documents\LatticeVeil_project\LatticeVeilMonoGame\bin\Release\net8.0-windows\win-x64\LatticeVeilMonoGame.dll
[14:55:01] [INFO]   LatticeVeilMonoGame -> C:\Users\Redacted\Documents\LatticeVeil_project\LatticeVeilMonoGame\bin\Release\net8.0-windows\win-x64\publish\
[14:55:03] [INFO] RELEASE final EXE staged: C:\Users\Redacted\Documents\LatticeVeil_project\RELEASE\LatticeVeilMonoGame.exe
[14:55:08] [INFO] Published EXE hash: 3867c012b5b03dd75d7e9dba9e2dcd1850ae01acf226d795538b0025c639de0a
[14:55:18] [INFO] Release package: C:\Users\Redacted\Documents\LatticeVeil_project\Builds\LatticeVeil-v8.0.0-win-x64.zip (contains EXE hash: 3867c012b5b03dd75d7e9dba9e2dcd1850ae01acf226d795538b0025c639de0a)
[14:55:18] [INFO] Done: Release Build + Publish + Zip
[15:07:50] [INFO] Build GUI initialized.
[15:07:50] [INFO] Project root: C:\Users\Redacted\Documents\LatticeVeil_project
[15:07:50] [INFO] DEV final EXE folder: C:\Users\Redacted\Documents\LatticeVeil_project\DEV
[15:07:50] [INFO] RELEASE final EXE folder: C:\Users\Redacted\Documents\LatticeVeil_project\RELEASE
[15:07:50] [INFO] Logs: C:\Users\Redacted\Documents\LatticeVeil_project\.builder\logs\build-gui-20260221.log
[15:07:55] [INFO] Starting: Clean Outputs
[15:07:55] [INFO] Cleaning bin/obj folders...
[15:07:55] [INFO] Removed: C:\Users\Redacted\Documents\LatticeVeil_project\LatticeVeilMonoGame\bin
[15:07:55] [INFO] Removed: C:\Users\Redacted\Documents\LatticeVeil_project\LatticeVeilMonoGame\obj
[15:07:55] [INFO] Clean complete (DEV/RELEASE folders preserved)
[15:07:55] [INFO] Done: Clean Outputs
[15:07:56] [INFO] Starting: Release Build + Publish + Zip
[15:07:56] [INFO] BuildNonce: 20260221150756845-a706d97417
[15:07:56] [INFO] Cleaning bin/obj folders...
[15:07:56] [INFO] Clean complete (DEV/RELEASE folders preserved)
[15:07:56] [INFO] Running: dotnet restore C:\Users\Redacted\Documents\LatticeVeil_project\LatticeVeilMonoGame\LatticeVeilMonoGame.csproj
[15:07:58] [INFO]   Determining projects to restore...
[15:07:58] [INFO]   Restored C:\Users\Redacted\Documents\LatticeVeil_project\LatticeVeilMonoGame\LatticeVeilMonoGame.csproj (in 460 ms).
[15:07:58] [INFO] Running: dotnet publish C:\Users\Redacted\Documents\LatticeVeil_project\LatticeVeilMonoGame\LatticeVeilMonoGame.csproj --configuration Release -r win-x64 --self-contained true -p:PublishSingleFile=true -p:BuildNonce=20260221150756845-a706d97417 -p:PublishReadyToRun=true
[15:08:49] [INFO]   Determining projects to restore...
[15:08:49] [INFO]   Restored C:\Users\Redacted\Documents\LatticeVeil_project\LatticeVeilMonoGame\LatticeVeilMonoGame.csproj (in 324 ms).
[15:08:49] [INFO] C:\Users\Redacted\Documents\LatticeVeil_project\ThirdParty\EOS\SDK\Source\Core\Handle.cs(49,24): warning CS8765: Nullability of type of parameter 'obj' doesn't match overridden member (possibly because of nullability attributes). [C:\Users\Redacted\Documents\LatticeVeil_project\LatticeVeilMonoGame\LatticeVeilMonoGame.csproj]
[15:08:49] [INFO] C:\Users\Redacted\Documents\LatticeVeil_project\ThirdParty\EOS\SDK\Source\Core\Handle.cs(59,15): warning CS8767: Nullability of reference types in type of parameter 'other' of 'bool Handle.Equals(Handle other)' doesn't match implicitly implemented member 'bool IEquatable<Handle>.Equals(Handle? other)' (possibly because of nullability attributes). [C:\Users\Redacted\Documents\LatticeVeil_project\LatticeVeilMonoGame\LatticeVeilMonoGame.csproj]
[15:08:49] [INFO] C:\Users\Redacted\Documents\LatticeVeil_project\ThirdParty\EOS\SDK\Source\Core\Handle.cs(84,25): warning CS8767: Nullability of reference types in type of parameter 'format' of 'string Handle.ToString(string format, IFormatProvider formatProvider)' doesn't match implicitly implemented member 'string IFormattable.ToString(string? format, IFormatProvider? formatProvider)' (possibly because of nullability attributes). [C:\Users\Redacted\Documents\LatticeVeil_project\LatticeVeilMonoGame\LatticeVeilMonoGame.csproj]
[15:08:49] [INFO] C:\Users\Redacted\Documents\LatticeVeil_project\ThirdParty\EOS\SDK\Source\Core\Handle.cs(84,25): warning CS8767: Nullability of reference types in type of parameter 'formatProvider' of 'string Handle.ToString(string format, IFormatProvider formatProvider)' doesn't match implicitly implemented member 'string IFormattable.ToString(string? format, IFormatProvider? formatProvider)' (possibly because of nullability attributes). [C:\Users\Redacted\Documents\LatticeVeil_project\LatticeVeilMonoGame\LatticeVeilMonoGame.csproj]
[15:08:49] [INFO] C:\Users\Redacted\Documents\LatticeVeil_project\ThirdParty\EOS\SDK\Source\Core\Utf8String.cs(174,24): warning CS8765: Nullability of type of parameter 'obj' doesn't match overridden member (possibly because of nullability attributes). [C:\Users\Redacted\Documents\LatticeVeil_project\LatticeVeilMonoGame\LatticeVeilMonoGame.csproj]
[15:08:49] [INFO] C:\Users\Redacted\Documents\LatticeVeil_project\LatticeVeilMonoGame\Online\Eos\EosClient.cs(106,59): warning CS8604: Possible null reference argument for parameter 'left' in 'bool Handle.operator !=(Handle left, Handle right)'. [C:\Users\Redacted\Documents\LatticeVeil_project\LatticeVeilMonoGame\LatticeVeilMonoGame.csproj]
[15:08:49] [INFO] C:\Users\Redacted\Documents\LatticeVeil_project\LatticeVeilMonoGame\Online\Eos\EosClient.cs(107,63): warning CS8604: Possible null reference argument for parameter 'left' in 'bool Handle.operator !=(Handle left, Handle right)'. [C:\Users\Redacted\Documents\LatticeVeil_project\LatticeVeilMonoGame\LatticeVeilMonoGame.csproj]
[15:08:49] [INFO] C:\Users\Redacted\Documents\LatticeVeil_project\LatticeVeilMonoGame\Online\Eos\EosClient.cs(159,13): warning CS8604: Possible null reference argument for parameter 'left' in 'bool Handle.operator ==(Handle left, Handle right)'. [C:\Users\Redacted\Documents\LatticeVeil_project\LatticeVeilMonoGame\LatticeVeilMonoGame.csproj]
[15:08:49] [INFO] C:\Users\Redacted\Documents\LatticeVeil_project\LatticeVeilMonoGame\Online\Eos\EosClient.cs(203,13): warning CS8604: Possible null reference argument for parameter 'left' in 'bool Handle.operator ==(Handle left, Handle right)'. [C:\Users\Redacted\Documents\LatticeVeil_project\LatticeVeilMonoGame\LatticeVeilMonoGame.csproj]
[15:08:49] [INFO] C:\Users\Redacted\Documents\LatticeVeil_project\LatticeVeilMonoGame\Online\Eos\EosClient.cs(227,13): warning CS8604: Possible null reference argument for parameter 'left' in 'bool Handle.operator ==(Handle left, Handle right)'. [C:\Users\Redacted\Documents\LatticeVeil_project\LatticeVeilMonoGame\LatticeVeilMonoGame.csproj]
[15:08:49] [INFO] C:\Users\Redacted\Documents\LatticeVeil_project\LatticeVeilMonoGame\Online\Eos\EosClient.cs(227,34): warning CS8604: Possible null reference argument for parameter 'left' in 'bool Handle.operator ==(Handle left, Handle right)'. [C:\Users\Redacted\Documents\LatticeVeil_project\LatticeVeilMonoGame\LatticeVeilMonoGame.csproj]
[15:08:49] [INFO] C:\Users\Redacted\Documents\LatticeVeil_project\LatticeVeilMonoGame\Online\Eos\EosClient.cs(230,13): warning CS8604: Possible null reference argument for parameter 'left' in 'bool Handle.operator ==(Handle left, Handle right)'. [C:\Users\Redacted\Documents\LatticeVeil_project\LatticeVeilMonoGame\LatticeVeilMonoGame.csproj]
[15:08:49] [INFO] C:\Users\Redacted\Documents\LatticeVeil_project\LatticeVeilMonoGame\Online\Eos\EosClient.cs(387,47): warning CS8604: Possible null reference argument for parameter 'left' in 'bool Handle.operator ==(Handle left, Handle right)'. [C:\Users\Redacted\Documents\LatticeVeil_project\LatticeVeilMonoGame\LatticeVeilMonoGame.csproj]
[15:08:49] [INFO] C:\Users\Redacted\Documents\LatticeVeil_project\LatticeVeilMonoGame\Online\Eos\EosP2PSession.cs(1824,26): warning CS8602: Dereference of a possibly null reference. [C:\Users\Redacted\Documents\LatticeVeil_project\LatticeVeilMonoGame\LatticeVeilMonoGame.csproj]
[15:08:49] [INFO] C:\Users\Redacted\Documents\LatticeVeil_project\LatticeVeilMonoGame\Online\Eos\EosClient.cs(608,13): warning CS8604: Possible null reference argument for parameter 'left' in 'bool Handle.operator ==(Handle left, Handle right)'. [C:\Users\Redacted\Documents\LatticeVeil_project\LatticeVeilMonoGame\LatticeVeilMonoGame.csproj]
[15:08:49] [INFO] C:\Users\Redacted\Documents\LatticeVeil_project\LatticeVeilMonoGame\Online\Eos\EosClient.cs(608,31): warning CS8604: Possible null reference argument for parameter 'left' in 'bool Handle.operator ==(Handle left, Handle right)'. [C:\Users\Redacted\Documents\LatticeVeil_project\LatticeVeilMonoGame\LatticeVeilMonoGame.csproj]
[15:08:49] [INFO] C:\Users\Redacted\Documents\LatticeVeil_project\LatticeVeilMonoGame\Online\Eos\EosClient.cs(789,17): warning CS8604: Possible null reference argument for parameter 'left' in 'bool Handle.operator !=(Handle left, Handle right)'. [C:\Users\Redacted\Documents\LatticeVeil_project\LatticeVeilMonoGame\LatticeVeilMonoGame.csproj]
[15:08:49] [INFO] C:\Users\Redacted\Documents\LatticeVeil_project\LatticeVeilMonoGame\Online\Eos\EosP2PSession.cs(1034,13): warning CS8604: Possible null reference argument for parameter 'left' in 'bool Handle.operator ==(Handle left, Handle right)'. [C:\Users\Redacted\Documents\LatticeVeil_project\LatticeVeilMonoGame\LatticeVeilMonoGame.csproj]
[15:08:49] [INFO] C:\Users\Redacted\Documents\LatticeVeil_project\LatticeVeilMonoGame\Online\Eos\EosP2PSession.cs(1034,47): warning CS8604: Possible null reference argument for parameter 'left' in 'bool Handle.operator ==(Handle left, Handle right)'. [C:\Users\Redacted\Documents\LatticeVeil_project\LatticeVeilMonoGame\LatticeVeilMonoGame.csproj]
[15:08:49] [INFO] C:\Users\Redacted\Documents\LatticeVeil_project\LatticeVeilMonoGame\Online\Eos\EosP2PSession.cs(1038,13): warning CS8604: Possible null reference argument for parameter 'left' in 'bool Handle.operator ==(Handle left, Handle right)'. [C:\Users\Redacted\Documents\LatticeVeil_project\LatticeVeilMonoGame\LatticeVeilMonoGame.csproj]
[15:08:49] [INFO] C:\Users\Redacted\Documents\LatticeVeil_project\LatticeVeilMonoGame\Online\Eos\EosClient.cs(1058,13): warning CS8604: Possible null reference argument for parameter 'left' in 'bool Handle.operator ==(Handle left, Handle right)'. [C:\Users\Redacted\Documents\LatticeVeil_project\LatticeVeilMonoGame\LatticeVeilMonoGame.csproj]
[15:08:49] [INFO] C:\Users\Redacted\Documents\LatticeVeil_project\LatticeVeilMonoGame\Online\Eos\EosP2PSession.cs(1147,13): warning CS8604: Possible null reference argument for parameter 'left' in 'bool Handle.operator ==(Handle left, Handle right)'. [C:\Users\Redacted\Documents\LatticeVeil_project\LatticeVeilMonoGame\LatticeVeilMonoGame.csproj]
[15:08:50] [INFO] C:\Users\Redacted\Documents\LatticeVeil_project\LatticeVeilMonoGame\Online\Eos\EosP2PSession.cs(1147,47): warning CS8604: Possible null reference argument for parameter 'left' in 'bool Handle.operator ==(Handle left, Handle right)'. [C:\Users\Redacted\Documents\LatticeVeil_project\LatticeVeilMonoGame\LatticeVeilMonoGame.csproj]
[15:08:50] [INFO] C:\Users\Redacted\Documents\LatticeVeil_project\LatticeVeilMonoGame\Online\Eos\EosP2PSession.cs(1151,13): warning CS8604: Possible null reference argument for parameter 'left' in 'bool Handle.operator ==(Handle left, Handle right)'. [C:\Users\Redacted\Documents\LatticeVeil_project\LatticeVeilMonoGame\LatticeVeilMonoGame.csproj]
[15:08:50] [INFO] C:\Users\Redacted\Documents\LatticeVeil_project\LatticeVeilMonoGame\Online\Lan\LanSession.cs(1115,49): warning CS8604: Possible null reference argument for parameter 'reason' in 'void LanClientSession.SetDisconnectReasonOnce(string reason)'. [C:\Users\Redacted\Documents\LatticeVeil_project\LatticeVeilMonoGame\LatticeVeilMonoGame.csproj]
[15:08:50] [INFO] C:\Users\Redacted\Documents\LatticeVeil_project\LatticeVeilMonoGame\Online\Eos\EosP2PSession.cs(84,13): warning CS8604: Possible null reference argument for parameter 'left' in 'bool Handle.operator ==(Handle left, Handle right)'. [C:\Users\Redacted\Documents\LatticeVeil_project\LatticeVeilMonoGame\LatticeVeilMonoGame.csproj]
[15:08:50] [INFO] C:\Users\Redacted\Documents\LatticeVeil_project\LatticeVeilMonoGame\Online\Eos\EosP2PSession.cs(84,47): warning CS8604: Possible null reference argument for parameter 'left' in 'bool Handle.operator ==(Handle left, Handle right)'. [C:\Users\Redacted\Documents\LatticeVeil_project\LatticeVeilMonoGame\LatticeVeilMonoGame.csproj]
[15:08:50] [INFO] C:\Users\Redacted\Documents\LatticeVeil_project\ThirdParty\EOS\SDK\Source\Generated\ProductUserId.cs(117,28): warning CS8600: Converting null literal or possible null value to non-nullable type. [C:\Users\Redacted\Documents\LatticeVeil_project\LatticeVeilMonoGame\LatticeVeilMonoGame.csproj]
[15:08:50] [INFO] C:\Users\Redacted\Documents\LatticeVeil_project\LatticeVeilMonoGame\Online\Gate\OnlineGateClient.cs(526,99): warning CS8601: Possible null reference assignment. [C:\Users\Redacted\Documents\LatticeVeil_project\LatticeVeilMonoGame\LatticeVeilMonoGame.csproj]
[15:08:50] [INFO] C:\Users\Redacted\Documents\LatticeVeil_project\LatticeVeilMonoGame\Online\Gate\OnlineGateClient.cs(528,84): warning CS8601: Possible null reference assignment. [C:\Users\Redacted\Documents\LatticeVeil_project\LatticeVeilMonoGame\LatticeVeilMonoGame.csproj]
[15:08:50] [INFO] C:\Users\Redacted\Documents\LatticeVeil_project\LatticeVeilMonoGame\Online\Gate\OnlineGateClient.cs(530,80): warning CS8601: Possible null reference assignment. [C:\Users\Redacted\Documents\LatticeVeil_project\LatticeVeilMonoGame\LatticeVeilMonoGame.csproj]
[15:08:50] [INFO] C:\Users\Redacted\Documents\LatticeVeil_project\LatticeVeilMonoGame\Online\Gate\OnlineGateClient.cs(534,80): warning CS8601: Possible null reference assignment. [C:\Users\Redacted\Documents\LatticeVeil_project\LatticeVeilMonoGame\LatticeVeilMonoGame.csproj]
[15:08:50] [INFO] C:\Users\Redacted\Documents\LatticeVeil_project\LatticeVeilMonoGame\Launcher\LauncherForm.cs(2440,9): warning CS0162: Unreachable code detected [C:\Users\Redacted\Documents\LatticeVeil_project\LatticeVeilMonoGame\LatticeVeilMonoGame.csproj]
[15:08:50] [INFO] C:\Users\Redacted\Documents\LatticeVeil_project\LatticeVeilMonoGame\Online\Lan\LanSession.cs(752,30): warning CS8602: Dereference of a possibly null reference. [C:\Users\Redacted\Documents\LatticeVeil_project\LatticeVeilMonoGame\LatticeVeilMonoGame.csproj]
[15:08:50] [INFO] C:\Users\Redacted\Documents\LatticeVeil_project\ThirdParty\EOS\SDK\Source\Generated\EpicAccountId.cs(117,28): warning CS8600: Converting null literal or possible null value to non-nullable type. [C:\Users\Redacted\Documents\LatticeVeil_project\LatticeVeilMonoGame\LatticeVeilMonoGame.csproj]
[15:08:50] [INFO] C:\Users\Redacted\Documents\LatticeVeil_project\ThirdParty\EOS\SDK\Source\Generated\ContinuanceToken.cs(72,28): warning CS8600: Converting null literal or possible null value to non-nullable type. [C:\Users\Redacted\Documents\LatticeVeil_project\LatticeVeilMonoGame\LatticeVeilMonoGame.csproj]
[15:08:50] [INFO] C:\Users\Redacted\Documents\LatticeVeil_project\LatticeVeilMonoGame\Online\Gate\OnlineGateClient.cs(1495,23): warning CS8601: Possible null reference assignment. [C:\Users\Redacted\Documents\LatticeVeil_project\LatticeVeilMonoGame\LatticeVeilMonoGame.csproj]
[15:08:50] [INFO] C:\Users\Redacted\Documents\LatticeVeil_project\ThirdParty\EOS\SDK\Source\Core\Utf8String.cs(176,23): warning CS8600: Converting null literal or possible null value to non-nullable type. [C:\Users\Redacted\Documents\LatticeVeil_project\LatticeVeilMonoGame\LatticeVeilMonoGame.csproj]
[15:08:50] [INFO] C:\Users\Redacted\Documents\LatticeVeil_project\ThirdParty\EOS\SDK\Source\Core\Handle.cs(51,18): warning CS8604: Possible null reference argument for parameter 'other' in 'bool Handle.Equals(Handle other)'. [C:\Users\Redacted\Documents\LatticeVeil_project\LatticeVeilMonoGame\LatticeVeilMonoGame.csproj]
[15:08:50] [INFO] C:\Users\Redacted\Documents\LatticeVeil_project\ThirdParty\EOS\SDK\Source\Generated\Common.cs(22,51): warning CS8600: Converting null literal or possible null value to non-nullable type. [C:\Users\Redacted\Documents\LatticeVeil_project\LatticeVeilMonoGame\LatticeVeilMonoGame.csproj]
[15:08:50] [INFO] C:\Users\Redacted\Documents\LatticeVeil_project\ThirdParty\EOS\SDK\Source\Core\CallbackHelper.cs(36,56): warning CS8600: Converting null literal or possible null value to non-nullable type. [C:\Users\Redacted\Documents\LatticeVeil_project\LatticeVeilMonoGame\LatticeVeilMonoGame.csproj]
[15:08:50] [INFO] C:\Users\Redacted\Documents\LatticeVeil_project\ThirdParty\EOS\SDK\Source\Core\CallbackHelper.cs(80,56): warning CS8600: Converting null literal or possible null value to non-nullable type. [C:\Users\Redacted\Documents\LatticeVeil_project\LatticeVeilMonoGame\LatticeVeilMonoGame.csproj]
[15:08:50] [INFO] C:\Users\Redacted\Documents\LatticeVeil_project\ThirdParty\EOS\SDK\Source\Core\CallbackHelper.cs(82,17): warning CS8601: Possible null reference assignment. [C:\Users\Redacted\Documents\LatticeVeil_project\LatticeVeilMonoGame\LatticeVeilMonoGame.csproj]
[15:08:50] [INFO] C:\Users\Redacted\Documents\LatticeVeil_project\ThirdParty\EOS\SDK\Source\Core\CallbackHelper.cs(115,56): warning CS8600: Converting null literal or possible null value to non-nullable type. [C:\Users\Redacted\Documents\LatticeVeil_project\LatticeVeilMonoGame\LatticeVeilMonoGame.csproj]
[15:08:50] [INFO] C:\Users\Redacted\Documents\LatticeVeil_project\ThirdParty\EOS\SDK\Source\Core\CallbackHelper.cs(117,17): warning CS8601: Possible null reference assignment. [C:\Users\Redacted\Documents\LatticeVeil_project\LatticeVeilMonoGame\LatticeVeilMonoGame.csproj]
[15:08:50] [INFO] C:\Users\Redacted\Documents\LatticeVeil_project\ThirdParty\EOS\SDK\Source\Core\CallbackHelper.cs(130,82): warning CS8629: Nullable value type may be null. [C:\Users\Redacted\Documents\LatticeVeil_project\LatticeVeilMonoGame\LatticeVeilMonoGame.csproj]
[15:08:50] [INFO] C:\Users\Redacted\Documents\LatticeVeil_project\ThirdParty\EOS\SDK\Source\Core\CallbackHelper.cs(163,56): warning CS8600: Converting null literal or possible null value to non-nullable type. [C:\Users\Redacted\Documents\LatticeVeil_project\LatticeVeilMonoGame\LatticeVeilMonoGame.csproj]
[15:08:50] [INFO] C:\Users\Redacted\Documents\LatticeVeil_project\ThirdParty\EOS\SDK\Source\Core\CallbackHelper.cs(165,17): warning CS8601: Possible null reference assignment. [C:\Users\Redacted\Documents\LatticeVeil_project\LatticeVeilMonoGame\LatticeVeilMonoGame.csproj]
[15:08:50] [INFO] C:\Users\Redacted\Documents\LatticeVeil_project\ThirdParty\EOS\SDK\Source\Core\CallbackHelper.cs(222,48): warning CS8600: Converting null literal or possible null value to non-nullable type. [C:\Users\Redacted\Documents\LatticeVeil_project\LatticeVeilMonoGame\LatticeVeilMonoGame.csproj]
[15:08:50] [INFO] C:\Users\Redacted\Documents\LatticeVeil_project\ThirdParty\EOS\SDK\Source\Core\CallbackHelper.cs(224,17): warning CS8601: Possible null reference assignment. [C:\Users\Redacted\Documents\LatticeVeil_project\LatticeVeilMonoGame\LatticeVeilMonoGame.csproj]
[15:08:50] [INFO] C:\Users\Redacted\Documents\LatticeVeil_project\ThirdParty\EOS\SDK\Source\Core\CallbackHelper.cs(251,56): warning CS8600: Converting null literal or possible null value to non-nullable type. [C:\Users\Redacted\Documents\LatticeVeil_project\LatticeVeilMonoGame\LatticeVeilMonoGame.csproj]
[15:08:50] [INFO] C:\Users\Redacted\Documents\LatticeVeil_project\ThirdParty\EOS\SDK\Source\Core\CallbackHelper.cs(296,54): warning CS8600: Converting null literal or possible null value to non-nullable type. [C:\Users\Redacted\Documents\LatticeVeil_project\LatticeVeilMonoGame\LatticeVeilMonoGame.csproj]
[15:08:50] [INFO] C:\Users\Redacted\Documents\LatticeVeil_project\ThirdParty\EOS\SDK\Source\Core\Helper.cs(127,18): warning CS8604: Possible null reference argument for parameter 'source' in 'void Marshal.Copy(byte[] source, int startIndex, nint destination, int length)'. [C:\Users\Redacted\Documents\LatticeVeil_project\LatticeVeilMonoGame\LatticeVeilMonoGame.csproj]
[15:08:50] [INFO] C:\Users\Redacted\Documents\LatticeVeil_project\ThirdParty\EOS\SDK\Source\Core\Helper.cs(178,13): warning CS8601: Possible null reference assignment. [C:\Users\Redacted\Documents\LatticeVeil_project\LatticeVeilMonoGame\LatticeVeilMonoGame.csproj]
[15:08:50] [INFO] C:\Users\Redacted\Documents\LatticeVeil_project\ThirdParty\EOS\SDK\Source\Core\Helper.cs(202,13): warning CS8600: Converting null literal or possible null value to non-nullable type. [C:\Users\Redacted\Documents\LatticeVeil_project\LatticeVeilMonoGame\LatticeVeilMonoGame.csproj]
[15:08:50] [INFO] C:\Users\Redacted\Documents\LatticeVeil_project\ThirdParty\EOS\SDK\Source\Core\Helper.cs(202,13): warning CS8601: Possible null reference assignment. [C:\Users\Redacted\Documents\LatticeVeil_project\LatticeVeilMonoGame\LatticeVeilMonoGame.csproj]
[15:08:50] [INFO] C:\Users\Redacted\Documents\LatticeVeil_project\ThirdParty\EOS\SDK\Source\Core\Helper.cs(235,14): warning CS8605: Unboxing a possibly null value. [C:\Users\Redacted\Documents\LatticeVeil_project\LatticeVeilMonoGame\LatticeVeilMonoGame.csproj]
[15:08:50] [INFO] C:\Users\Redacted\Documents\LatticeVeil_project\ThirdParty\EOS\SDK\Source\Core\Helper.cs(265,17): warning CS8601: Possible null reference assignment. [C:\Users\Redacted\Documents\LatticeVeil_project\LatticeVeilMonoGame\LatticeVeilMonoGame.csproj]
[15:08:50] [INFO] C:\Users\Redacted\Documents\LatticeVeil_project\ThirdParty\EOS\SDK\Source\Core\Helper.cs(315,13): warning CS8601: Possible null reference assignment. [C:\Users\Redacted\Documents\LatticeVeil_project\LatticeVeilMonoGame\LatticeVeilMonoGame.csproj]
[15:08:50] [INFO] C:\Users\Redacted\Documents\LatticeVeil_project\ThirdParty\EOS\SDK\Source\Core\Helper.cs(466,16): warning CS8600: Converting null literal or possible null value to non-nullable type. [C:\Users\Redacted\Documents\LatticeVeil_project\LatticeVeilMonoGame\LatticeVeilMonoGame.csproj]
[15:08:50] [INFO] C:\Users\Redacted\Documents\LatticeVeil_project\ThirdParty\EOS\SDK\Source\Core\Helper.cs(473,52): warning CS8600: Converting null literal or possible null value to non-nullable type. [C:\Users\Redacted\Documents\LatticeVeil_project\LatticeVeilMonoGame\LatticeVeilMonoGame.csproj]
[15:08:50] [INFO] C:\Users\Redacted\Documents\LatticeVeil_project\ThirdParty\EOS\SDK\Source\Core\Helper.cs(473,40): warning CS8600: Converting null literal or possible null value to non-nullable type. [C:\Users\Redacted\Documents\LatticeVeil_project\LatticeVeilMonoGame\LatticeVeilMonoGame.csproj]
[15:08:50] [INFO] C:\Users\Redacted\Documents\LatticeVeil_project\ThirdParty\EOS\SDK\Source\Core\Helper.cs(473,40): warning CS8604: Possible null reference argument for parameter 'str' in 'nint Helper.AddPinnedBuffer(Utf8String str)'. [C:\Users\Redacted\Documents\LatticeVeil_project\LatticeVeilMonoGame\LatticeVeilMonoGame.csproj]
[15:08:50] [INFO] C:\Users\Redacted\Documents\LatticeVeil_project\ThirdParty\EOS\SDK\Source\Core\Helper.cs(491,23): warning CS8600: Converting null literal or possible null value to non-nullable type. [C:\Users\Redacted\Documents\LatticeVeil_project\LatticeVeilMonoGame\LatticeVeilMonoGame.csproj]
[15:08:50] [INFO] C:\Users\Redacted\Documents\LatticeVeil_project\ThirdParty\EOS\SDK\Source\Core\Helper.cs(491,15): warning CS8600: Converting null literal or possible null value to non-nullable type. [C:\Users\Redacted\Documents\LatticeVeil_project\LatticeVeilMonoGame\LatticeVeilMonoGame.csproj]
[15:08:50] [INFO] C:\Users\Redacted\Documents\LatticeVeil_project\ThirdParty\EOS\SDK\Source\Core\Helper.cs(491,15): warning CS8604: Possible null reference argument for parameter 'from' in 'void Helper.Convert(Handle from, out nint to)'. [C:\Users\Redacted\Documents\LatticeVeil_project\LatticeVeilMonoGame\LatticeVeilMonoGame.csproj]
[15:08:50] [INFO] C:\Users\Redacted\Documents\LatticeVeil_project\ThirdParty\EOS\SDK\Source\Core\Helper.cs(496,30): warning CS8604: Possible null reference argument for parameter 'structure' in 'void Marshal.StructureToPtr<T?>(T? structure, nint ptr, bool fDeleteOld)'. [C:\Users\Redacted\Documents\LatticeVeil_project\LatticeVeilMonoGame\LatticeVeilMonoGame.csproj]
[15:08:50] [INFO] C:\Users\Redacted\Documents\LatticeVeil_project\ThirdParty\EOS\SDK\Source\Core\Helper.cs(526,50): warning CS8602: Dereference of a possibly null reference. [C:\Users\Redacted\Documents\LatticeVeil_project\LatticeVeilMonoGame\LatticeVeilMonoGame.csproj]
[15:08:50] [INFO] C:\Users\Redacted\Documents\LatticeVeil_project\ThirdParty\EOS\SDK\Source\Core\Helper.cs(532,32): warning CS8604: Possible null reference argument for parameter 't' in 'int Marshal.SizeOf(Type t)'. [C:\Users\Redacted\Documents\LatticeVeil_project\LatticeVeilMonoGame\LatticeVeilMonoGame.csproj]
[15:08:50] [INFO] C:\Users\Redacted\Documents\LatticeVeil_project\ThirdParty\EOS\SDK\Source\Core\Helper.cs(536,41): warning CS8602: Dereference of a possibly null reference. [C:\Users\Redacted\Documents\LatticeVeil_project\LatticeVeilMonoGame\LatticeVeilMonoGame.csproj]
[15:08:50] [INFO] C:\Users\Redacted\Documents\LatticeVeil_project\ThirdParty\EOS\SDK\Source\Core\Helper.cs(635,27): warning CS8604: Possible null reference argument for parameter 'buffer' in 'nint Helper.AddPinnedBuffer(byte[] buffer, int offset)'. [C:\Users\Redacted\Documents\LatticeVeil_project\LatticeVeilMonoGame\LatticeVeilMonoGame.csproj]
[15:08:50] [INFO] C:\Users\Redacted\Documents\LatticeVeil_project\LatticeVeilMonoGame\UI\Screens\GameWorldScreen.cs(1175,14): warning CS0219: The variable 'allowWireframe' is assigned but its value is never used [C:\Users\Redacted\Documents\LatticeVeil_project\LatticeVeilMonoGame\LatticeVeilMonoGame.csproj]
[15:08:50] [INFO] C:\Users\Redacted\Documents\LatticeVeil_project\LatticeVeilMonoGame\Launcher\LauncherForm.cs(190,21): warning CS0169: The field 'LauncherForm._authTicket' is never used [C:\Users\Redacted\Documents\LatticeVeil_project\LatticeVeilMonoGame\LatticeVeilMonoGame.csproj]
[15:08:50] [INFO] C:\Users\Redacted\Documents\LatticeVeil_project\LatticeVeilMonoGame\Online\Eos\EosClient.cs(57,18): warning CS0169: The field 'EosClient._epicLoginStarted' is never used [C:\Users\Redacted\Documents\LatticeVeil_project\LatticeVeilMonoGame\LatticeVeilMonoGame.csproj]
[15:08:50] [INFO] C:\Users\Redacted\Documents\LatticeVeil_project\LatticeVeilMonoGame\Core\SimpleMemoryManager.cs(16,25): warning CS0169: The field 'SimpleMemoryManager._totalAllocated' is never used [C:\Users\Redacted\Documents\LatticeVeil_project\LatticeVeilMonoGame\LatticeVeilMonoGame.csproj]
[15:08:50] [INFO] C:\Users\Redacted\Documents\LatticeVeil_project\LatticeVeilMonoGame\Online\Eos\EosClient.cs(59,18): warning CS0169: The field 'EosClient._silentLoginOnly' is never used [C:\Users\Redacted\Documents\LatticeVeil_project\LatticeVeilMonoGame\LatticeVeilMonoGame.csproj]
[15:08:50] [INFO] C:\Users\Redacted\Documents\LatticeVeil_project\LatticeVeilMonoGame\Online\Eos\EosClient.cs(54,28): warning CS0649: Field 'EosClient._epicAccountId' is never assigned to, and will always have its default value null [C:\Users\Redacted\Documents\LatticeVeil_project\LatticeVeilMonoGame\LatticeVeilMonoGame.csproj]
[15:08:50] [INFO] C:\Users\Redacted\Documents\LatticeVeil_project\LatticeVeilMonoGame\Online\Eos\EosClient.cs(58,18): warning CS0169: The field 'EosClient._allowDeviceFallback' is never used [C:\Users\Redacted\Documents\LatticeVeil_project\LatticeVeilMonoGame\LatticeVeilMonoGame.csproj]
[15:08:50] [INFO] C:\Users\Redacted\Documents\LatticeVeil_project\LatticeVeilMonoGame\Launcher\LauncherForm.cs(154,18): warning CS0169: The field 'LauncherForm._nameEditInProgress' is never used [C:\Users\Redacted\Documents\LatticeVeil_project\LatticeVeilMonoGame\LatticeVeilMonoGame.csproj]
[15:08:50] [INFO] C:\Users\Redacted\Documents\LatticeVeil_project\LatticeVeilMonoGame\UI\Screens\GameWorldScreen.cs(195,18): warning CS0169: The field 'GameWorldScreen._handoffFullStack' is never used [C:\Users\Redacted\Documents\LatticeVeil_project\LatticeVeilMonoGame\LatticeVeilMonoGame.csproj]
[15:08:50] [INFO] C:\Users\Redacted\Documents\LatticeVeil_project\LatticeVeilMonoGame\Online\Eos\EosClient.cs(55,21): warning CS0649: Field 'EosClient._epicDisplayName' is never assigned to, and will always have its default value null [C:\Users\Redacted\Documents\LatticeVeil_project\LatticeVeilMonoGame\LatticeVeilMonoGame.csproj]
[15:08:50] [INFO] C:\Users\Redacted\Documents\LatticeVeil_project\LatticeVeilMonoGame\UI\Screens\ProfileScreen.cs(114,18): warning CS0414: The field 'ProfileScreen._lastVeilnetSyncOk' is assigned but its value is never used [C:\Users\Redacted\Documents\LatticeVeil_project\LatticeVeilMonoGame\LatticeVeilMonoGame.csproj]
[15:08:50] [INFO] C:\Users\Redacted\Documents\LatticeVeil_project\LatticeVeilMonoGame\UI\Screens\GameWorldScreen.cs(329,18): warning CS0414: The field 'GameWorldScreen._pendingHostedOnlineShareAnnouncement' is assigned but its value is never used [C:\Users\Redacted\Documents\LatticeVeil_project\LatticeVeilMonoGame\LatticeVeilMonoGame.csproj]
[15:08:50] [INFO] C:\Users\Redacted\Documents\LatticeVeil_project\LatticeVeilMonoGame\Online\Gate\OnlineGateClient.cs(171,20): warning CS0414: The field 'OnlineGateClient._status' is assigned but its value is never used [C:\Users\Redacted\Documents\LatticeVeil_project\LatticeVeilMonoGame\LatticeVeilMonoGame.csproj]
[15:08:50] [INFO] C:\Users\Redacted\Documents\LatticeVeil_project\LatticeVeilMonoGame\UI\Screens\CreateWorldScreen.cs(58,18): warning CS0414: The field 'CreateWorldScreen._moreWorldOptionsOpen' is assigned but its value is never used [C:\Users\Redacted\Documents\LatticeVeil_project\LatticeVeilMonoGame\LatticeVeilMonoGame.csproj]
[15:08:50] [INFO]   LatticeVeilMonoGame -> C:\Users\Redacted\Documents\LatticeVeil_project\LatticeVeilMonoGame\bin\Release\net8.0-windows\win-x64\LatticeVeilMonoGame.dll
[15:08:50] [INFO]   LatticeVeilMonoGame -> C:\Users\Redacted\Documents\LatticeVeil_project\LatticeVeilMonoGame\bin\Release\net8.0-windows\win-x64\publish\
[15:08:51] [INFO] RELEASE final EXE staged: C:\Users\Redacted\Documents\LatticeVeil_project\RELEASE\LatticeVeilMonoGame.exe
[15:08:55] [INFO] Published EXE hash: 1e4f098fa30345295f15905a619732367cb4456f4e9dc75e0c7705076879fa72
[15:09:04] [INFO] Release package: C:\Users\Redacted\Documents\LatticeVeil_project\Builds\LatticeVeil-v8.0.0-win-x64.zip (contains EXE hash: 1e4f098fa30345295f15905a619732367cb4456f4e9dc75e0c7705076879fa72)
[15:09:04] [INFO] Done: Release Build + Publish + Zip
[15:10:35] [INFO] RELEASE output folder opened: C:\Users\Redacted\Documents\LatticeVeil_project\RELEASE
